ISO-10303-21;
HEADER;
FILE_DESCRIPTION(('FreeCAD Model'),'2;1');
FILE_NAME('Open CASCADE Shape Model','2026-09-12T15:39:47',('Author'),(
    ''),'Open CASCADE STEP processor 7.8','FreeCAD','Unknown');
FILE_SCHEMA(('AUTOMOTIVE_DESIGN { 1 0 10303 214 1 1 1 1 }'));
ENDSEC;
DATA;
#1 = APPLICATION_PROTOCOL_DEFINITION('international standard',
  'automotive_design',2000,#2);
#2 = APPLICATION_CONTEXT(
  'core data for automotive mechanical design processes');
#3 = SHAPE_DEFINITION_REPRESENTATION(#4,#10);
#4 = PRODUCT_DEFINITION_SHAPE('','',#5);
#5 = PRODUCT_DEFINITION('design','',#6,#9);
#6 = PRODUCT_DEFINITION_FORMATION('','',#7);
#7 = PRODUCT('ARIA_STACK_R3_EXPLODED_CONCEPT',
  'ARIA_STACK_R3_EXPLODED_CONCEPT','',(#8));
#8 = PRODUCT_CONTEXT('',#2,'mechanical');
#9 = PRODUCT_DEFINITION_CONTEXT('part definition',#2,'design');
#10 = SHAPE_REPRESENTATION('',(#11,#15,#19,#23,#27,#31,#35,#39,#43,#47,
    #51,#55,#59,#63,#67,#71,#75,#79,#83,#87,#91,#95,#99,#103,#107,#111,
    #115,#119),#123);
#11 = AXIS2_PLACEMENT_3D('',#12,#13,#14);
#12 = CARTESIAN_POINT('',(0.,0.,0.));
#13 = DIRECTION('',(0.,0.,1.));
#14 = DIRECTION('',(1.,0.,-0.));
#15 = AXIS2_PLACEMENT_3D('',#16,#17,#18);
#16 = CARTESIAN_POINT('',(0.,0.,0.));
#17 = DIRECTION('',(0.,0.,1.));
#18 = DIRECTION('',(1.,0.,0.));
#19 = AXIS2_PLACEMENT_3D('',#20,#21,#22);
#20 = CARTESIAN_POINT('',(0.,0.,0.));
#21 = DIRECTION('',(0.,0.,1.));
#22 = DIRECTION('',(1.,0.,0.));
#23 = AXIS2_PLACEMENT_3D('',#24,#25,#26);
#24 = CARTESIAN_POINT('',(0.,0.,0.));
#25 = DIRECTION('',(0.,0.,1.));
#26 = DIRECTION('',(1.,0.,0.));
#27 = AXIS2_PLACEMENT_3D('',#28,#29,#30);
#28 = CARTESIAN_POINT('',(0.,0.,0.));
#29 = DIRECTION('',(0.,0.,1.));
#30 = DIRECTION('',(1.,0.,0.));
#31 = AXIS2_PLACEMENT_3D('',#32,#33,#34);
#32 = CARTESIAN_POINT('',(0.,0.,0.));
#33 = DIRECTION('',(0.,0.,1.));
#34 = DIRECTION('',(1.,0.,0.));
#35 = AXIS2_PLACEMENT_3D('',#36,#37,#38);
#36 = CARTESIAN_POINT('',(0.,0.,0.));
#37 = DIRECTION('',(0.,0.,1.));
#38 = DIRECTION('',(1.,0.,0.));
#39 = AXIS2_PLACEMENT_3D('',#40,#41,#42);
#40 = CARTESIAN_POINT('',(0.,0.,0.));
#41 = DIRECTION('',(0.,0.,1.));
#42 = DIRECTION('',(1.,0.,0.));
#43 = AXIS2_PLACEMENT_3D('',#44,#45,#46);
#44 = CARTESIAN_POINT('',(0.,0.,0.));
#45 = DIRECTION('',(0.,0.,1.));
#46 = DIRECTION('',(1.,0.,0.));
#47 = AXIS2_PLACEMENT_3D('',#48,#49,#50);
#48 = CARTESIAN_POINT('',(0.,0.,0.));
#49 = DIRECTION('',(0.,0.,1.));
#50 = DIRECTION('',(1.,0.,0.));
#51 = AXIS2_PLACEMENT_3D('',#52,#53,#54);
#52 = CARTESIAN_POINT('',(0.,0.,0.));
#53 = DIRECTION('',(0.,0.,1.));
#54 = DIRECTION('',(1.,0.,0.));
#55 = AXIS2_PLACEMENT_3D('',#56,#57,#58);
#56 = CARTESIAN_POINT('',(0.,0.,0.));
#57 = DIRECTION('',(0.,0.,1.));
#58 = DIRECTION('',(1.,0.,0.));
#59 = AXIS2_PLACEMENT_3D('',#60,#61,#62);
#60 = CARTESIAN_POINT('',(0.,0.,0.));
#61 = DIRECTION('',(0.,0.,1.));
#62 = DIRECTION('',(1.,0.,0.));
#63 = AXIS2_PLACEMENT_3D('',#64,#65,#66);
#64 = CARTESIAN_POINT('',(0.,0.,0.));
#65 = DIRECTION('',(0.,0.,1.));
#66 = DIRECTION('',(1.,0.,0.));
#67 = AXIS2_PLACEMENT_3D('',#68,#69,#70);
#68 = CARTESIAN_POINT('',(0.,0.,0.));
#69 = DIRECTION('',(0.,0.,1.));
#70 = DIRECTION('',(1.,0.,0.));
#71 = AXIS2_PLACEMENT_3D('',#72,#73,#74);
#72 = CARTESIAN_POINT('',(0.,0.,0.));
#73 = DIRECTION('',(0.,0.,1.));
#74 = DIRECTION('',(1.,0.,0.));
#75 = AXIS2_PLACEMENT_3D('',#76,#77,#78);
#76 = CARTESIAN_POINT('',(0.,0.,0.));
#77 = DIRECTION('',(0.,0.,1.));
#78 = DIRECTION('',(1.,0.,0.));
#79 = AXIS2_PLACEMENT_3D('',#80,#81,#82);
#80 = CARTESIAN_POINT('',(0.,0.,0.));
#81 = DIRECTION('',(0.,0.,1.));
#82 = DIRECTION('',(1.,0.,0.));
#83 = AXIS2_PLACEMENT_3D('',#84,#85,#86);
#84 = CARTESIAN_POINT('',(0.,0.,0.));
#85 = DIRECTION('',(0.,0.,1.));
#86 = DIRECTION('',(1.,0.,0.));
#87 = AXIS2_PLACEMENT_3D('',#88,#89,#90);
#88 = CARTESIAN_POINT('',(0.,0.,0.));
#89 = DIRECTION('',(0.,0.,1.));
#90 = DIRECTION('',(1.,0.,0.));
#91 = AXIS2_PLACEMENT_3D('',#92,#93,#94);
#92 = CARTESIAN_POINT('',(0.,0.,0.));
#93 = DIRECTION('',(0.,0.,1.));
#94 = DIRECTION('',(1.,0.,0.));
#95 = AXIS2_PLACEMENT_3D('',#96,#97,#98);
#96 = CARTESIAN_POINT('',(0.,0.,0.));
#97 = DIRECTION('',(0.,0.,1.));
#98 = DIRECTION('',(1.,0.,0.));
#99 = AXIS2_PLACEMENT_3D('',#100,#101,#102);
#100 = CARTESIAN_POINT('',(0.,0.,0.));
#101 = DIRECTION('',(0.,0.,1.));
#102 = DIRECTION('',(1.,0.,0.));
#103 = AXIS2_PLACEMENT_3D('',#104,#105,#106);
#104 = CARTESIAN_POINT('',(0.,0.,0.));
#105 = DIRECTION('',(0.,0.,1.));
#106 = DIRECTION('',(1.,0.,0.));
#107 = AXIS2_PLACEMENT_3D('',#108,#109,#110);
#108 = CARTESIAN_POINT('',(0.,0.,0.));
#109 = DIRECTION('',(0.,0.,1.));
#110 = DIRECTION('',(1.,0.,0.));
#111 = AXIS2_PLACEMENT_3D('',#112,#113,#114);
#112 = CARTESIAN_POINT('',(0.,0.,0.));
#113 = DIRECTION('',(0.,0.,1.));
#114 = DIRECTION('',(1.,0.,0.));
#115 = AXIS2_PLACEMENT_3D('',#116,#117,#118);
#116 = CARTESIAN_POINT('',(0.,0.,0.));
#117 = DIRECTION('',(0.,0.,1.));
#118 = DIRECTION('',(1.,0.,0.));
#119 = AXIS2_PLACEMENT_3D('',#120,#121,#122);
#120 = CARTESIAN_POINT('',(0.,0.,0.));
#121 = DIRECTION('',(0.,0.,1.));
#122 = DIRECTION('',(1.,0.,0.));
#123 = ( GEOMETRIC_REPRESENTATION_CONTEXT(3) 
GLOBAL_UNCERTAINTY_ASSIGNED_CONTEXT((#127)) GLOBAL_UNIT_ASSIGNED_CONTEXT
((#124,#125,#126)) REPRESENTATION_CONTEXT('Context #1',
  '3D Context with UNIT and UNCERTAINTY') );
#124 = ( LENGTH_UNIT() NAMED_UNIT(*) SI_UNIT(.MILLI.,.METRE.) );
#125 = ( NAMED_UNIT(*) PLANE_ANGLE_UNIT() SI_UNIT($,.RADIAN.) );
#126 = ( NAMED_UNIT(*) SI_UNIT($,.STERADIAN.) SOLID_ANGLE_UNIT() );
#127 = UNCERTAINTY_MEASURE_WITH_UNIT(LENGTH_MEASURE(1.E-07),#124,
  'distance_accuracy_value','confusion accuracy');
#128 = PRODUCT_RELATED_PRODUCT_CATEGORY('part',$,(#7));
#129 = SHAPE_DEFINITION_REPRESENTATION(#130,#136);
#130 = PRODUCT_DEFINITION_SHAPE('','',#131);
#131 = PRODUCT_DEFINITION('design','',#132,#135);
#132 = PRODUCT_DEFINITION_FORMATION('','',#133);
#133 = PRODUCT('BASE_70x100_CONFIRMED_OUTLINE_ONLY',
  'BASE_70x100_CONFIRMED_OUTLINE_ONLY','',(#134));
#134 = PRODUCT_CONTEXT('',#2,'mechanical');
#135 = PRODUCT_DEFINITION_CONTEXT('part definition',#2,'design');
#136 = ADVANCED_BREP_SHAPE_REPRESENTATION('',(#11,#137),#287);
#137 = MANIFOLD_SOLID_BREP('',#138);
#138 = CLOSED_SHELL('',(#139,#179,#219,#241,#263,#275));
#139 = ADVANCED_FACE('',(#140),#174,.F.);
#140 = FACE_BOUND('',#141,.F.);
#141 = EDGE_LOOP('',(#142,#152,#160,#168));
#142 = ORIENTED_EDGE('',*,*,#143,.F.);
#143 = EDGE_CURVE('',#144,#146,#148,.T.);
#144 = VERTEX_POINT('',#145);
#145 = CARTESIAN_POINT('',(0.,0.,0.));
#146 = VERTEX_POINT('',#147);
#147 = CARTESIAN_POINT('',(0.,0.,1.6));
#148 = LINE('',#149,#150);
#149 = CARTESIAN_POINT('',(0.,0.,0.));
#150 = VECTOR('',#151,1.);
#151 = DIRECTION('',(0.,0.,1.));
#152 = ORIENTED_EDGE('',*,*,#153,.T.);
#153 = EDGE_CURVE('',#144,#154,#156,.T.);
#154 = VERTEX_POINT('',#155);
#155 = CARTESIAN_POINT('',(0.,100.,0.));
#156 = LINE('',#157,#158);
#157 = CARTESIAN_POINT('',(0.,0.,0.));
#158 = VECTOR('',#159,1.);
#159 = DIRECTION('',(-0.,1.,0.));
#160 = ORIENTED_EDGE('',*,*,#161,.T.);
#161 = EDGE_CURVE('',#154,#162,#164,.T.);
#162 = VERTEX_POINT('',#163);
#163 = CARTESIAN_POINT('',(0.,100.,1.6));
#164 = LINE('',#165,#166);
#165 = CARTESIAN_POINT('',(0.,100.,0.));
#166 = VECTOR('',#167,1.);
#167 = DIRECTION('',(0.,0.,1.));
#168 = ORIENTED_EDGE('',*,*,#169,.F.);
#169 = EDGE_CURVE('',#146,#162,#170,.T.);
#170 = LINE('',#171,#172);
#171 = CARTESIAN_POINT('',(0.,0.,1.6));
#172 = VECTOR('',#173,1.);
#173 = DIRECTION('',(-0.,1.,0.));
#174 = PLANE('',#175);
#175 = AXIS2_PLACEMENT_3D('',#176,#177,#178);
#176 = CARTESIAN_POINT('',(0.,0.,0.));
#177 = DIRECTION('',(1.,0.,-0.));
#178 = DIRECTION('',(0.,0.,1.));
#179 = ADVANCED_FACE('',(#180),#214,.T.);
#180 = FACE_BOUND('',#181,.T.);
#181 = EDGE_LOOP('',(#182,#192,#200,#208));
#182 = ORIENTED_EDGE('',*,*,#183,.F.);
#183 = EDGE_CURVE('',#184,#186,#188,.T.);
#184 = VERTEX_POINT('',#185);
#185 = CARTESIAN_POINT('',(70.,0.,0.));
#186 = VERTEX_POINT('',#187);
#187 = CARTESIAN_POINT('',(70.,0.,1.6));
#188 = LINE('',#189,#190);
#189 = CARTESIAN_POINT('',(70.,0.,0.));
#190 = VECTOR('',#191,1.);
#191 = DIRECTION('',(0.,0.,1.));
#192 = ORIENTED_EDGE('',*,*,#193,.T.);
#193 = EDGE_CURVE('',#184,#194,#196,.T.);
#194 = VERTEX_POINT('',#195);
#195 = CARTESIAN_POINT('',(70.,100.,0.));
#196 = LINE('',#197,#198);
#197 = CARTESIAN_POINT('',(70.,0.,0.));
#198 = VECTOR('',#199,1.);
#199 = DIRECTION('',(-0.,1.,0.));
#200 = ORIENTED_EDGE('',*,*,#201,.T.);
#201 = EDGE_CURVE('',#194,#202,#204,.T.);
#202 = VERTEX_POINT('',#203);
#203 = CARTESIAN_POINT('',(70.,100.,1.6));
#204 = LINE('',#205,#206);
#205 = CARTESIAN_POINT('',(70.,100.,0.));
#206 = VECTOR('',#207,1.);
#207 = DIRECTION('',(0.,0.,1.));
#208 = ORIENTED_EDGE('',*,*,#209,.F.);
#209 = EDGE_CURVE('',#186,#202,#210,.T.);
#210 = LINE('',#211,#212);
#211 = CARTESIAN_POINT('',(70.,0.,1.6));
#212 = VECTOR('',#213,1.);
#213 = DIRECTION('',(-0.,1.,0.));
#214 = PLANE('',#215);
#215 = AXIS2_PLACEMENT_3D('',#216,#217,#218);
#216 = CARTESIAN_POINT('',(70.,0.,0.));
#217 = DIRECTION('',(1.,0.,-0.));
#218 = DIRECTION('',(0.,0.,1.));
#219 = ADVANCED_FACE('',(#220),#236,.F.);
#220 = FACE_BOUND('',#221,.F.);
#221 = EDGE_LOOP('',(#222,#228,#229,#235));
#222 = ORIENTED_EDGE('',*,*,#223,.F.);
#223 = EDGE_CURVE('',#144,#184,#224,.T.);
#224 = LINE('',#225,#226);
#225 = CARTESIAN_POINT('',(0.,0.,0.));
#226 = VECTOR('',#227,1.);
#227 = DIRECTION('',(1.,0.,-0.));
#228 = ORIENTED_EDGE('',*,*,#143,.T.);
#229 = ORIENTED_EDGE('',*,*,#230,.T.);
#230 = EDGE_CURVE('',#146,#186,#231,.T.);
#231 = LINE('',#232,#233);
#232 = CARTESIAN_POINT('',(0.,0.,1.6));
#233 = VECTOR('',#234,1.);
#234 = DIRECTION('',(1.,0.,-0.));
#235 = ORIENTED_EDGE('',*,*,#183,.F.);
#236 = PLANE('',#237);
#237 = AXIS2_PLACEMENT_3D('',#238,#239,#240);
#238 = CARTESIAN_POINT('',(0.,0.,0.));
#239 = DIRECTION('',(-0.,1.,0.));
#240 = DIRECTION('',(0.,0.,1.));
#241 = ADVANCED_FACE('',(#242),#258,.T.);
#242 = FACE_BOUND('',#243,.T.);
#243 = EDGE_LOOP('',(#244,#250,#251,#257));
#244 = ORIENTED_EDGE('',*,*,#245,.F.);
#245 = EDGE_CURVE('',#154,#194,#246,.T.);
#246 = LINE('',#247,#248);
#247 = CARTESIAN_POINT('',(0.,100.,0.));
#248 = VECTOR('',#249,1.);
#249 = DIRECTION('',(1.,0.,-0.));
#250 = ORIENTED_EDGE('',*,*,#161,.T.);
#251 = ORIENTED_EDGE('',*,*,#252,.T.);
#252 = EDGE_CURVE('',#162,#202,#253,.T.);
#253 = LINE('',#254,#255);
#254 = CARTESIAN_POINT('',(0.,100.,1.6));
#255 = VECTOR('',#256,1.);
#256 = DIRECTION('',(1.,0.,-0.));
#257 = ORIENTED_EDGE('',*,*,#201,.F.);
#258 = PLANE('',#259);
#259 = AXIS2_PLACEMENT_3D('',#260,#261,#262);
#260 = CARTESIAN_POINT('',(0.,100.,0.));
#261 = DIRECTION('',(-0.,1.,0.));
#262 = DIRECTION('',(0.,0.,1.));
#263 = ADVANCED_FACE('',(#264),#270,.F.);
#264 = FACE_BOUND('',#265,.F.);
#265 = EDGE_LOOP('',(#266,#267,#268,#269));
#266 = ORIENTED_EDGE('',*,*,#153,.F.);
#267 = ORIENTED_EDGE('',*,*,#223,.T.);
#268 = ORIENTED_EDGE('',*,*,#193,.T.);
#269 = ORIENTED_EDGE('',*,*,#245,.F.);
#270 = PLANE('',#271);
#271 = AXIS2_PLACEMENT_3D('',#272,#273,#274);
#272 = CARTESIAN_POINT('',(0.,0.,0.));
#273 = DIRECTION('',(0.,0.,1.));
#274 = DIRECTION('',(1.,0.,-0.));
#275 = ADVANCED_FACE('',(#276),#282,.T.);
#276 = FACE_BOUND('',#277,.T.);
#277 = EDGE_LOOP('',(#278,#279,#280,#281));
#278 = ORIENTED_EDGE('',*,*,#169,.F.);
#279 = ORIENTED_EDGE('',*,*,#230,.T.);
#280 = ORIENTED_EDGE('',*,*,#209,.T.);
#281 = ORIENTED_EDGE('',*,*,#252,.F.);
#282 = PLANE('',#283);
#283 = AXIS2_PLACEMENT_3D('',#284,#285,#286);
#284 = CARTESIAN_POINT('',(0.,0.,1.6));
#285 = DIRECTION('',(0.,0.,1.));
#286 = DIRECTION('',(1.,0.,-0.));
#287 = ( GEOMETRIC_REPRESENTATION_CONTEXT(3) 
GLOBAL_UNCERTAINTY_ASSIGNED_CONTEXT((#291)) GLOBAL_UNIT_ASSIGNED_CONTEXT
((#288,#289,#290)) REPRESENTATION_CONTEXT('Context #1',
  '3D Context with UNIT and UNCERTAINTY') );
#288 = ( LENGTH_UNIT() NAMED_UNIT(*) SI_UNIT(.MILLI.,.METRE.) );
#289 = ( NAMED_UNIT(*) PLANE_ANGLE_UNIT() SI_UNIT($,.RADIAN.) );
#290 = ( NAMED_UNIT(*) SI_UNIT($,.STERADIAN.) SOLID_ANGLE_UNIT() );
#291 = UNCERTAINTY_MEASURE_WITH_UNIT(LENGTH_MEASURE(1.E-07),#288,
  'distance_accuracy_value','confusion accuracy');
#292 = CONTEXT_DEPENDENT_SHAPE_REPRESENTATION(#293,#295);
#293 = ( REPRESENTATION_RELATIONSHIP('','',#136,#10) 
REPRESENTATION_RELATIONSHIP_WITH_TRANSFORMATION(#294) 
SHAPE_REPRESENTATION_RELATIONSHIP() );
#294 = ITEM_DEFINED_TRANSFORMATION('','',#11,#15);
#295 = PRODUCT_DEFINITION_SHAPE('Placement','Placement of an item',#296
  );
#296 = NEXT_ASSEMBLY_USAGE_OCCURRENCE('34',
  'BASE_70x100_CONFIRMED_OUTLINE_ONLY','',#5,#131,$);
#297 = PRODUCT_RELATED_PRODUCT_CATEGORY('part',$,(#133));
#298 = SHAPE_DEFINITION_REPRESENTATION(#299,#305);
#299 = PRODUCT_DEFINITION_SHAPE('','',#300);
#300 = PRODUCT_DEFINITION('design','',#301,#304);
#301 = PRODUCT_DEFINITION_FORMATION('','',#302);
#302 = PRODUCT('DRIVER_ENVELOPE_5','DRIVER_ENVELOPE_5','',(#303));
#303 = PRODUCT_CONTEXT('',#2,'mechanical');
#304 = PRODUCT_DEFINITION_CONTEXT('part definition',#2,'design');
#305 = ADVANCED_BREP_SHAPE_REPRESENTATION('',(#11,#306),#456);
#306 = MANIFOLD_SOLID_BREP('',#307);
#307 = CLOSED_SHELL('',(#308,#348,#388,#410,#432,#444));
#308 = ADVANCED_FACE('',(#309),#343,.F.);
#309 = FACE_BOUND('',#310,.F.);
#310 = EDGE_LOOP('',(#311,#321,#329,#337));
#311 = ORIENTED_EDGE('',*,*,#312,.F.);
#312 = EDGE_CURVE('',#313,#315,#317,.T.);
#313 = VERTEX_POINT('',#314);
#314 = CARTESIAN_POINT('',(5.,5.,4.));
#315 = VERTEX_POINT('',#316);
#316 = CARTESIAN_POINT('',(5.,5.,5.6));
#317 = LINE('',#318,#319);
#318 = CARTESIAN_POINT('',(5.,5.,4.));
#319 = VECTOR('',#320,1.);
#320 = DIRECTION('',(0.,0.,1.));
#321 = ORIENTED_EDGE('',*,*,#322,.T.);
#322 = EDGE_CURVE('',#313,#323,#325,.T.);
#323 = VERTEX_POINT('',#324);
#324 = CARTESIAN_POINT('',(5.,26.5,4.));
#325 = LINE('',#326,#327);
#326 = CARTESIAN_POINT('',(5.,5.,4.));
#327 = VECTOR('',#328,1.);
#328 = DIRECTION('',(-0.,1.,0.));
#329 = ORIENTED_EDGE('',*,*,#330,.T.);
#330 = EDGE_CURVE('',#323,#331,#333,.T.);
#331 = VERTEX_POINT('',#332);
#332 = CARTESIAN_POINT('',(5.,26.5,5.6));
#333 = LINE('',#334,#335);
#334 = CARTESIAN_POINT('',(5.,26.5,4.));
#335 = VECTOR('',#336,1.);
#336 = DIRECTION('',(0.,0.,1.));
#337 = ORIENTED_EDGE('',*,*,#338,.F.);
#338 = EDGE_CURVE('',#315,#331,#339,.T.);
#339 = LINE('',#340,#341);
#340 = CARTESIAN_POINT('',(5.,5.,5.6));
#341 = VECTOR('',#342,1.);
#342 = DIRECTION('',(-0.,1.,0.));
#343 = PLANE('',#344);
#344 = AXIS2_PLACEMENT_3D('',#345,#346,#347);
#345 = CARTESIAN_POINT('',(5.,5.,4.));
#346 = DIRECTION('',(1.,0.,-0.));
#347 = DIRECTION('',(0.,0.,1.));
#348 = ADVANCED_FACE('',(#349),#383,.T.);
#349 = FACE_BOUND('',#350,.T.);
#350 = EDGE_LOOP('',(#351,#361,#369,#377));
#351 = ORIENTED_EDGE('',*,*,#352,.F.);
#352 = EDGE_CURVE('',#353,#355,#357,.T.);
#353 = VERTEX_POINT('',#354);
#354 = CARTESIAN_POINT('',(31.,5.,4.));
#355 = VERTEX_POINT('',#356);
#356 = CARTESIAN_POINT('',(31.,5.,5.6));
#357 = LINE('',#358,#359);
#358 = CARTESIAN_POINT('',(31.,5.,4.));
#359 = VECTOR('',#360,1.);
#360 = DIRECTION('',(0.,0.,1.));
#361 = ORIENTED_EDGE('',*,*,#362,.T.);
#362 = EDGE_CURVE('',#353,#363,#365,.T.);
#363 = VERTEX_POINT('',#364);
#364 = CARTESIAN_POINT('',(31.,26.5,4.));
#365 = LINE('',#366,#367);
#366 = CARTESIAN_POINT('',(31.,5.,4.));
#367 = VECTOR('',#368,1.);
#368 = DIRECTION('',(-0.,1.,0.));
#369 = ORIENTED_EDGE('',*,*,#370,.T.);
#370 = EDGE_CURVE('',#363,#371,#373,.T.);
#371 = VERTEX_POINT('',#372);
#372 = CARTESIAN_POINT('',(31.,26.5,5.6));
#373 = LINE('',#374,#375);
#374 = CARTESIAN_POINT('',(31.,26.5,4.));
#375 = VECTOR('',#376,1.);
#376 = DIRECTION('',(0.,0.,1.));
#377 = ORIENTED_EDGE('',*,*,#378,.F.);
#378 = EDGE_CURVE('',#355,#371,#379,.T.);
#379 = LINE('',#380,#381);
#380 = CARTESIAN_POINT('',(31.,5.,5.6));
#381 = VECTOR('',#382,1.);
#382 = DIRECTION('',(-0.,1.,0.));
#383 = PLANE('',#384);
#384 = AXIS2_PLACEMENT_3D('',#385,#386,#387);
#385 = CARTESIAN_POINT('',(31.,5.,4.));
#386 = DIRECTION('',(1.,0.,-0.));
#387 = DIRECTION('',(0.,0.,1.));
#388 = ADVANCED_FACE('',(#389),#405,.F.);
#389 = FACE_BOUND('',#390,.F.);
#390 = EDGE_LOOP('',(#391,#397,#398,#404));
#391 = ORIENTED_EDGE('',*,*,#392,.F.);
#392 = EDGE_CURVE('',#313,#353,#393,.T.);
#393 = LINE('',#394,#395);
#394 = CARTESIAN_POINT('',(5.,5.,4.));
#395 = VECTOR('',#396,1.);
#396 = DIRECTION('',(1.,0.,-0.));
#397 = ORIENTED_EDGE('',*,*,#312,.T.);
#398 = ORIENTED_EDGE('',*,*,#399,.T.);
#399 = EDGE_CURVE('',#315,#355,#400,.T.);
#400 = LINE('',#401,#402);
#401 = CARTESIAN_POINT('',(5.,5.,5.6));
#402 = VECTOR('',#403,1.);
#403 = DIRECTION('',(1.,0.,-0.));
#404 = ORIENTED_EDGE('',*,*,#352,.F.);
#405 = PLANE('',#406);
#406 = AXIS2_PLACEMENT_3D('',#407,#408,#409);
#407 = CARTESIAN_POINT('',(5.,5.,4.));
#408 = DIRECTION('',(-0.,1.,0.));
#409 = DIRECTION('',(0.,0.,1.));
#410 = ADVANCED_FACE('',(#411),#427,.T.);
#411 = FACE_BOUND('',#412,.T.);
#412 = EDGE_LOOP('',(#413,#419,#420,#426));
#413 = ORIENTED_EDGE('',*,*,#414,.F.);
#414 = EDGE_CURVE('',#323,#363,#415,.T.);
#415 = LINE('',#416,#417);
#416 = CARTESIAN_POINT('',(5.,26.5,4.));
#417 = VECTOR('',#418,1.);
#418 = DIRECTION('',(1.,0.,-0.));
#419 = ORIENTED_EDGE('',*,*,#330,.T.);
#420 = ORIENTED_EDGE('',*,*,#421,.T.);
#421 = EDGE_CURVE('',#331,#371,#422,.T.);
#422 = LINE('',#423,#424);
#423 = CARTESIAN_POINT('',(5.,26.5,5.6));
#424 = VECTOR('',#425,1.);
#425 = DIRECTION('',(1.,0.,-0.));
#426 = ORIENTED_EDGE('',*,*,#370,.F.);
#427 = PLANE('',#428);
#428 = AXIS2_PLACEMENT_3D('',#429,#430,#431);
#429 = CARTESIAN_POINT('',(5.,26.5,4.));
#430 = DIRECTION('',(-0.,1.,0.));
#431 = DIRECTION('',(0.,0.,1.));
#432 = ADVANCED_FACE('',(#433),#439,.F.);
#433 = FACE_BOUND('',#434,.F.);
#434 = EDGE_LOOP('',(#435,#436,#437,#438));
#435 = ORIENTED_EDGE('',*,*,#322,.F.);
#436 = ORIENTED_EDGE('',*,*,#392,.T.);
#437 = ORIENTED_EDGE('',*,*,#362,.T.);
#438 = ORIENTED_EDGE('',*,*,#414,.F.);
#439 = PLANE('',#440);
#440 = AXIS2_PLACEMENT_3D('',#441,#442,#443);
#441 = CARTESIAN_POINT('',(5.,5.,4.));
#442 = DIRECTION('',(0.,0.,1.));
#443 = DIRECTION('',(1.,0.,-0.));
#444 = ADVANCED_FACE('',(#445),#451,.T.);
#445 = FACE_BOUND('',#446,.T.);
#446 = EDGE_LOOP('',(#447,#448,#449,#450));
#447 = ORIENTED_EDGE('',*,*,#338,.F.);
#448 = ORIENTED_EDGE('',*,*,#399,.T.);
#449 = ORIENTED_EDGE('',*,*,#378,.T.);
#450 = ORIENTED_EDGE('',*,*,#421,.F.);
#451 = PLANE('',#452);
#452 = AXIS2_PLACEMENT_3D('',#453,#454,#455);
#453 = CARTESIAN_POINT('',(5.,5.,5.6));
#454 = DIRECTION('',(0.,0.,1.));
#455 = DIRECTION('',(1.,0.,-0.));
#456 = ( GEOMETRIC_REPRESENTATION_CONTEXT(3) 
GLOBAL_UNCERTAINTY_ASSIGNED_CONTEXT((#460)) GLOBAL_UNIT_ASSIGNED_CONTEXT
((#457,#458,#459)) REPRESENTATION_CONTEXT('Context #1',
  '3D Context with UNIT and UNCERTAINTY') );
#457 = ( LENGTH_UNIT() NAMED_UNIT(*) SI_UNIT(.MILLI.,.METRE.) );
#458 = ( NAMED_UNIT(*) PLANE_ANGLE_UNIT() SI_UNIT($,.RADIAN.) );
#459 = ( NAMED_UNIT(*) SI_UNIT($,.STERADIAN.) SOLID_ANGLE_UNIT() );
#460 = UNCERTAINTY_MEASURE_WITH_UNIT(LENGTH_MEASURE(1.E-07),#457,
  'distance_accuracy_value','confusion accuracy');
#461 = CONTEXT_DEPENDENT_SHAPE_REPRESENTATION(#462,#464);
#462 = ( REPRESENTATION_RELATIONSHIP('','',#305,#10) 
REPRESENTATION_RELATIONSHIP_WITH_TRANSFORMATION(#463) 
SHAPE_REPRESENTATION_RELATIONSHIP() );
#463 = ITEM_DEFINED_TRANSFORMATION('','',#11,#19);
#464 = PRODUCT_DEFINITION_SHAPE('Placement','Placement of an item',#465
  );
#465 = NEXT_ASSEMBLY_USAGE_OCCURRENCE('35','DRIVER_ENVELOPE_5','',#5,
  #300,$);
#466 = PRODUCT_RELATED_PRODUCT_CATEGORY('part',$,(#302));
#467 = SHAPE_DEFINITION_REPRESENTATION(#468,#474);
#468 = PRODUCT_DEFINITION_SHAPE('','',#469);
#469 = PRODUCT_DEFINITION('design','',#470,#473);
#470 = PRODUCT_DEFINITION_FORMATION('','',#471);
#471 = PRODUCT('DRIVER_COMPONENT_ALLOWANCE_5',
  'DRIVER_COMPONENT_ALLOWANCE_5','',(#472));
#472 = PRODUCT_CONTEXT('',#2,'mechanical');
#473 = PRODUCT_DEFINITION_CONTEXT('part definition',#2,'design');
#474 = ADVANCED_BREP_SHAPE_REPRESENTATION('',(#11,#475),#625);
#475 = MANIFOLD_SOLID_BREP('',#476);
#476 = CLOSED_SHELL('',(#477,#517,#557,#579,#601,#613));
#477 = ADVANCED_FACE('',(#478),#512,.F.);
#478 = FACE_BOUND('',#479,.F.);
#479 = EDGE_LOOP('',(#480,#490,#498,#506));
#480 = ORIENTED_EDGE('',*,*,#481,.F.);
#481 = EDGE_CURVE('',#482,#484,#486,.T.);
#482 = VERTEX_POINT('',#483);
#483 = CARTESIAN_POINT('',(8.,9.,5.6));
#484 = VERTEX_POINT('',#485);
#485 = CARTESIAN_POINT('',(8.,9.,15.6));
#486 = LINE('',#487,#488);
#487 = CARTESIAN_POINT('',(8.,9.,5.6));
#488 = VECTOR('',#489,1.);
#489 = DIRECTION('',(0.,0.,1.));
#490 = ORIENTED_EDGE('',*,*,#491,.T.);
#491 = EDGE_CURVE('',#482,#492,#494,.T.);
#492 = VERTEX_POINT('',#493);
#493 = CARTESIAN_POINT('',(8.,21.,5.6));
#494 = LINE('',#495,#496);
#495 = CARTESIAN_POINT('',(8.,9.,5.6));
#496 = VECTOR('',#497,1.);
#497 = DIRECTION('',(-0.,1.,0.));
#498 = ORIENTED_EDGE('',*,*,#499,.T.);
#499 = EDGE_CURVE('',#492,#500,#502,.T.);
#500 = VERTEX_POINT('',#501);
#501 = CARTESIAN_POINT('',(8.,21.,15.6));
#502 = LINE('',#503,#504);
#503 = CARTESIAN_POINT('',(8.,21.,5.6));
#504 = VECTOR('',#505,1.);
#505 = DIRECTION('',(0.,0.,1.));
#506 = ORIENTED_EDGE('',*,*,#507,.F.);
#507 = EDGE_CURVE('',#484,#500,#508,.T.);
#508 = LINE('',#509,#510);
#509 = CARTESIAN_POINT('',(8.,9.,15.6));
#510 = VECTOR('',#511,1.);
#511 = DIRECTION('',(-0.,1.,0.));
#512 = PLANE('',#513);
#513 = AXIS2_PLACEMENT_3D('',#514,#515,#516);
#514 = CARTESIAN_POINT('',(8.,9.,5.6));
#515 = DIRECTION('',(1.,0.,-0.));
#516 = DIRECTION('',(0.,0.,1.));
#517 = ADVANCED_FACE('',(#518),#552,.T.);
#518 = FACE_BOUND('',#519,.T.);
#519 = EDGE_LOOP('',(#520,#530,#538,#546));
#520 = ORIENTED_EDGE('',*,*,#521,.F.);
#521 = EDGE_CURVE('',#522,#524,#526,.T.);
#522 = VERTEX_POINT('',#523);
#523 = CARTESIAN_POINT('',(28.,9.,5.6));
#524 = VERTEX_POINT('',#525);
#525 = CARTESIAN_POINT('',(28.,9.,15.6));
#526 = LINE('',#527,#528);
#527 = CARTESIAN_POINT('',(28.,9.,5.6));
#528 = VECTOR('',#529,1.);
#529 = DIRECTION('',(0.,0.,1.));
#530 = ORIENTED_EDGE('',*,*,#531,.T.);
#531 = EDGE_CURVE('',#522,#532,#534,.T.);
#532 = VERTEX_POINT('',#533);
#533 = CARTESIAN_POINT('',(28.,21.,5.6));
#534 = LINE('',#535,#536);
#535 = CARTESIAN_POINT('',(28.,9.,5.6));
#536 = VECTOR('',#537,1.);
#537 = DIRECTION('',(-0.,1.,0.));
#538 = ORIENTED_EDGE('',*,*,#539,.T.);
#539 = EDGE_CURVE('',#532,#540,#542,.T.);
#540 = VERTEX_POINT('',#541);
#541 = CARTESIAN_POINT('',(28.,21.,15.6));
#542 = LINE('',#543,#544);
#543 = CARTESIAN_POINT('',(28.,21.,5.6));
#544 = VECTOR('',#545,1.);
#545 = DIRECTION('',(0.,0.,1.));
#546 = ORIENTED_EDGE('',*,*,#547,.F.);
#547 = EDGE_CURVE('',#524,#540,#548,.T.);
#548 = LINE('',#549,#550);
#549 = CARTESIAN_POINT('',(28.,9.,15.6));
#550 = VECTOR('',#551,1.);
#551 = DIRECTION('',(-0.,1.,0.));
#552 = PLANE('',#553);
#553 = AXIS2_PLACEMENT_3D('',#554,#555,#556);
#554 = CARTESIAN_POINT('',(28.,9.,5.6));
#555 = DIRECTION('',(1.,0.,-0.));
#556 = DIRECTION('',(0.,0.,1.));
#557 = ADVANCED_FACE('',(#558),#574,.F.);
#558 = FACE_BOUND('',#559,.F.);
#559 = EDGE_LOOP('',(#560,#566,#567,#573));
#560 = ORIENTED_EDGE('',*,*,#561,.F.);
#561 = EDGE_CURVE('',#482,#522,#562,.T.);
#562 = LINE('',#563,#564);
#563 = CARTESIAN_POINT('',(8.,9.,5.6));
#564 = VECTOR('',#565,1.);
#565 = DIRECTION('',(1.,0.,-0.));
#566 = ORIENTED_EDGE('',*,*,#481,.T.);
#567 = ORIENTED_EDGE('',*,*,#568,.T.);
#568 = EDGE_CURVE('',#484,#524,#569,.T.);
#569 = LINE('',#570,#571);
#570 = CARTESIAN_POINT('',(8.,9.,15.6));
#571 = VECTOR('',#572,1.);
#572 = DIRECTION('',(1.,0.,-0.));
#573 = ORIENTED_EDGE('',*,*,#521,.F.);
#574 = PLANE('',#575);
#575 = AXIS2_PLACEMENT_3D('',#576,#577,#578);
#576 = CARTESIAN_POINT('',(8.,9.,5.6));
#577 = DIRECTION('',(-0.,1.,0.));
#578 = DIRECTION('',(0.,0.,1.));
#579 = ADVANCED_FACE('',(#580),#596,.T.);
#580 = FACE_BOUND('',#581,.T.);
#581 = EDGE_LOOP('',(#582,#588,#589,#595));
#582 = ORIENTED_EDGE('',*,*,#583,.F.);
#583 = EDGE_CURVE('',#492,#532,#584,.T.);
#584 = LINE('',#585,#586);
#585 = CARTESIAN_POINT('',(8.,21.,5.6));
#586 = VECTOR('',#587,1.);
#587 = DIRECTION('',(1.,0.,-0.));
#588 = ORIENTED_EDGE('',*,*,#499,.T.);
#589 = ORIENTED_EDGE('',*,*,#590,.T.);
#590 = EDGE_CURVE('',#500,#540,#591,.T.);
#591 = LINE('',#592,#593);
#592 = CARTESIAN_POINT('',(8.,21.,15.6));
#593 = VECTOR('',#594,1.);
#594 = DIRECTION('',(1.,0.,-0.));
#595 = ORIENTED_EDGE('',*,*,#539,.F.);
#596 = PLANE('',#597);
#597 = AXIS2_PLACEMENT_3D('',#598,#599,#600);
#598 = CARTESIAN_POINT('',(8.,21.,5.6));
#599 = DIRECTION('',(-0.,1.,0.));
#600 = DIRECTION('',(0.,0.,1.));
#601 = ADVANCED_FACE('',(#602),#608,.F.);
#602 = FACE_BOUND('',#603,.F.);
#603 = EDGE_LOOP('',(#604,#605,#606,#607));
#604 = ORIENTED_EDGE('',*,*,#491,.F.);
#605 = ORIENTED_EDGE('',*,*,#561,.T.);
#606 = ORIENTED_EDGE('',*,*,#531,.T.);
#607 = ORIENTED_EDGE('',*,*,#583,.F.);
#608 = PLANE('',#609);
#609 = AXIS2_PLACEMENT_3D('',#610,#611,#612);
#610 = CARTESIAN_POINT('',(8.,9.,5.6));
#611 = DIRECTION('',(0.,0.,1.));
#612 = DIRECTION('',(1.,0.,-0.));
#613 = ADVANCED_FACE('',(#614),#620,.T.);
#614 = FACE_BOUND('',#615,.T.);
#615 = EDGE_LOOP('',(#616,#617,#618,#619));
#616 = ORIENTED_EDGE('',*,*,#507,.F.);
#617 = ORIENTED_EDGE('',*,*,#568,.T.);
#618 = ORIENTED_EDGE('',*,*,#547,.T.);
#619 = ORIENTED_EDGE('',*,*,#590,.F.);
#620 = PLANE('',#621);
#621 = AXIS2_PLACEMENT_3D('',#622,#623,#624);
#622 = CARTESIAN_POINT('',(8.,9.,15.6));
#623 = DIRECTION('',(0.,0.,1.));
#624 = DIRECTION('',(1.,0.,-0.));
#625 = ( GEOMETRIC_REPRESENTATION_CONTEXT(3) 
GLOBAL_UNCERTAINTY_ASSIGNED_CONTEXT((#629)) GLOBAL_UNIT_ASSIGNED_CONTEXT
((#626,#627,#628)) REPRESENTATION_CONTEXT('Context #1',
  '3D Context with UNIT and UNCERTAINTY') );
#626 = ( LENGTH_UNIT() NAMED_UNIT(*) SI_UNIT(.MILLI.,.METRE.) );
#627 = ( NAMED_UNIT(*) PLANE_ANGLE_UNIT() SI_UNIT($,.RADIAN.) );
#628 = ( NAMED_UNIT(*) SI_UNIT($,.STERADIAN.) SOLID_ANGLE_UNIT() );
#629 = UNCERTAINTY_MEASURE_WITH_UNIT(LENGTH_MEASURE(1.E-07),#626,
  'distance_accuracy_value','confusion accuracy');
#630 = CONTEXT_DEPENDENT_SHAPE_REPRESENTATION(#631,#633);
#631 = ( REPRESENTATION_RELATIONSHIP('','',#474,#10) 
REPRESENTATION_RELATIONSHIP_WITH_TRANSFORMATION(#632) 
SHAPE_REPRESENTATION_RELATIONSHIP() );
#632 = ITEM_DEFINED_TRANSFORMATION('','',#11,#23);
#633 = PRODUCT_DEFINITION_SHAPE('Placement','Placement of an item',#634
  );
#634 = NEXT_ASSEMBLY_USAGE_OCCURRENCE('36',
  'DRIVER_COMPONENT_ALLOWANCE_5','',#5,#469,$);
#635 = PRODUCT_RELATED_PRODUCT_CATEGORY('part',$,(#471));
#636 = SHAPE_DEFINITION_REPRESENTATION(#637,#643);
#637 = PRODUCT_DEFINITION_SHAPE('','',#638);
#638 = PRODUCT_DEFINITION('design','',#639,#642);
#639 = PRODUCT_DEFINITION_FORMATION('','',#640);
#640 = PRODUCT('DRIVER_ENVELOPE_38','DRIVER_ENVELOPE_38','',(#641));
#641 = PRODUCT_CONTEXT('',#2,'mechanical');
#642 = PRODUCT_DEFINITION_CONTEXT('part definition',#2,'design');
#643 = ADVANCED_BREP_SHAPE_REPRESENTATION('',(#11,#644),#794);
#644 = MANIFOLD_SOLID_BREP('',#645);
#645 = CLOSED_SHELL('',(#646,#686,#726,#748,#770,#782));
#646 = ADVANCED_FACE('',(#647),#681,.F.);
#647 = FACE_BOUND('',#648,.F.);
#648 = EDGE_LOOP('',(#649,#659,#667,#675));
#649 = ORIENTED_EDGE('',*,*,#650,.F.);
#650 = EDGE_CURVE('',#651,#653,#655,.T.);
#651 = VERTEX_POINT('',#652);
#652 = CARTESIAN_POINT('',(38.,5.,4.));
#653 = VERTEX_POINT('',#654);
#654 = CARTESIAN_POINT('',(38.,5.,5.6));
#655 = LINE('',#656,#657);
#656 = CARTESIAN_POINT('',(38.,5.,4.));
#657 = VECTOR('',#658,1.);
#658 = DIRECTION('',(0.,0.,1.));
#659 = ORIENTED_EDGE('',*,*,#660,.T.);
#660 = EDGE_CURVE('',#651,#661,#663,.T.);
#661 = VERTEX_POINT('',#662);
#662 = CARTESIAN_POINT('',(38.,26.5,4.));
#663 = LINE('',#664,#665);
#664 = CARTESIAN_POINT('',(38.,5.,4.));
#665 = VECTOR('',#666,1.);
#666 = DIRECTION('',(-0.,1.,0.));
#667 = ORIENTED_EDGE('',*,*,#668,.T.);
#668 = EDGE_CURVE('',#661,#669,#671,.T.);
#669 = VERTEX_POINT('',#670);
#670 = CARTESIAN_POINT('',(38.,26.5,5.6));
#671 = LINE('',#672,#673);
#672 = CARTESIAN_POINT('',(38.,26.5,4.));
#673 = VECTOR('',#674,1.);
#674 = DIRECTION('',(0.,0.,1.));
#675 = ORIENTED_EDGE('',*,*,#676,.F.);
#676 = EDGE_CURVE('',#653,#669,#677,.T.);
#677 = LINE('',#678,#679);
#678 = CARTESIAN_POINT('',(38.,5.,5.6));
#679 = VECTOR('',#680,1.);
#680 = DIRECTION('',(-0.,1.,0.));
#681 = PLANE('',#682);
#682 = AXIS2_PLACEMENT_3D('',#683,#684,#685);
#683 = CARTESIAN_POINT('',(38.,5.,4.));
#684 = DIRECTION('',(1.,0.,-0.));
#685 = DIRECTION('',(0.,0.,1.));
#686 = ADVANCED_FACE('',(#687),#721,.T.);
#687 = FACE_BOUND('',#688,.T.);
#688 = EDGE_LOOP('',(#689,#699,#707,#715));
#689 = ORIENTED_EDGE('',*,*,#690,.F.);
#690 = EDGE_CURVE('',#691,#693,#695,.T.);
#691 = VERTEX_POINT('',#692);
#692 = CARTESIAN_POINT('',(64.,5.,4.));
#693 = VERTEX_POINT('',#694);
#694 = CARTESIAN_POINT('',(64.,5.,5.6));
#695 = LINE('',#696,#697);
#696 = CARTESIAN_POINT('',(64.,5.,4.));
#697 = VECTOR('',#698,1.);
#698 = DIRECTION('',(0.,0.,1.));
#699 = ORIENTED_EDGE('',*,*,#700,.T.);
#700 = EDGE_CURVE('',#691,#701,#703,.T.);
#701 = VERTEX_POINT('',#702);
#702 = CARTESIAN_POINT('',(64.,26.5,4.));
#703 = LINE('',#704,#705);
#704 = CARTESIAN_POINT('',(64.,5.,4.));
#705 = VECTOR('',#706,1.);
#706 = DIRECTION('',(-0.,1.,0.));
#707 = ORIENTED_EDGE('',*,*,#708,.T.);
#708 = EDGE_CURVE('',#701,#709,#711,.T.);
#709 = VERTEX_POINT('',#710);
#710 = CARTESIAN_POINT('',(64.,26.5,5.6));
#711 = LINE('',#712,#713);
#712 = CARTESIAN_POINT('',(64.,26.5,4.));
#713 = VECTOR('',#714,1.);
#714 = DIRECTION('',(0.,0.,1.));
#715 = ORIENTED_EDGE('',*,*,#716,.F.);
#716 = EDGE_CURVE('',#693,#709,#717,.T.);
#717 = LINE('',#718,#719);
#718 = CARTESIAN_POINT('',(64.,5.,5.6));
#719 = VECTOR('',#720,1.);
#720 = DIRECTION('',(-0.,1.,0.));
#721 = PLANE('',#722);
#722 = AXIS2_PLACEMENT_3D('',#723,#724,#725);
#723 = CARTESIAN_POINT('',(64.,5.,4.));
#724 = DIRECTION('',(1.,0.,-0.));
#725 = DIRECTION('',(0.,0.,1.));
#726 = ADVANCED_FACE('',(#727),#743,.F.);
#727 = FACE_BOUND('',#728,.F.);
#728 = EDGE_LOOP('',(#729,#735,#736,#742));
#729 = ORIENTED_EDGE('',*,*,#730,.F.);
#730 = EDGE_CURVE('',#651,#691,#731,.T.);
#731 = LINE('',#732,#733);
#732 = CARTESIAN_POINT('',(38.,5.,4.));
#733 = VECTOR('',#734,1.);
#734 = DIRECTION('',(1.,0.,-0.));
#735 = ORIENTED_EDGE('',*,*,#650,.T.);
#736 = ORIENTED_EDGE('',*,*,#737,.T.);
#737 = EDGE_CURVE('',#653,#693,#738,.T.);
#738 = LINE('',#739,#740);
#739 = CARTESIAN_POINT('',(38.,5.,5.6));
#740 = VECTOR('',#741,1.);
#741 = DIRECTION('',(1.,0.,-0.));
#742 = ORIENTED_EDGE('',*,*,#690,.F.);
#743 = PLANE('',#744);
#744 = AXIS2_PLACEMENT_3D('',#745,#746,#747);
#745 = CARTESIAN_POINT('',(38.,5.,4.));
#746 = DIRECTION('',(-0.,1.,0.));
#747 = DIRECTION('',(0.,0.,1.));
#748 = ADVANCED_FACE('',(#749),#765,.T.);
#749 = FACE_BOUND('',#750,.T.);
#750 = EDGE_LOOP('',(#751,#757,#758,#764));
#751 = ORIENTED_EDGE('',*,*,#752,.F.);
#752 = EDGE_CURVE('',#661,#701,#753,.T.);
#753 = LINE('',#754,#755);
#754 = CARTESIAN_POINT('',(38.,26.5,4.));
#755 = VECTOR('',#756,1.);
#756 = DIRECTION('',(1.,0.,-0.));
#757 = ORIENTED_EDGE('',*,*,#668,.T.);
#758 = ORIENTED_EDGE('',*,*,#759,.T.);
#759 = EDGE_CURVE('',#669,#709,#760,.T.);
#760 = LINE('',#761,#762);
#761 = CARTESIAN_POINT('',(38.,26.5,5.6));
#762 = VECTOR('',#763,1.);
#763 = DIRECTION('',(1.,0.,-0.));
#764 = ORIENTED_EDGE('',*,*,#708,.F.);
#765 = PLANE('',#766);
#766 = AXIS2_PLACEMENT_3D('',#767,#768,#769);
#767 = CARTESIAN_POINT('',(38.,26.5,4.));
#768 = DIRECTION('',(-0.,1.,0.));
#769 = DIRECTION('',(0.,0.,1.));
#770 = ADVANCED_FACE('',(#771),#777,.F.);
#771 = FACE_BOUND('',#772,.F.);
#772 = EDGE_LOOP('',(#773,#774,#775,#776));
#773 = ORIENTED_EDGE('',*,*,#660,.F.);
#774 = ORIENTED_EDGE('',*,*,#730,.T.);
#775 = ORIENTED_EDGE('',*,*,#700,.T.);
#776 = ORIENTED_EDGE('',*,*,#752,.F.);
#777 = PLANE('',#778);
#778 = AXIS2_PLACEMENT_3D('',#779,#780,#781);
#779 = CARTESIAN_POINT('',(38.,5.,4.));
#780 = DIRECTION('',(0.,0.,1.));
#781 = DIRECTION('',(1.,0.,-0.));
#782 = ADVANCED_FACE('',(#783),#789,.T.);
#783 = FACE_BOUND('',#784,.T.);
#784 = EDGE_LOOP('',(#785,#786,#787,#788));
#785 = ORIENTED_EDGE('',*,*,#676,.F.);
#786 = ORIENTED_EDGE('',*,*,#737,.T.);
#787 = ORIENTED_EDGE('',*,*,#716,.T.);
#788 = ORIENTED_EDGE('',*,*,#759,.F.);
#789 = PLANE('',#790);
#790 = AXIS2_PLACEMENT_3D('',#791,#792,#793);
#791 = CARTESIAN_POINT('',(38.,5.,5.6));
#792 = DIRECTION('',(0.,0.,1.));
#793 = DIRECTION('',(1.,0.,-0.));
#794 = ( GEOMETRIC_REPRESENTATION_CONTEXT(3) 
GLOBAL_UNCERTAINTY_ASSIGNED_CONTEXT((#798)) GLOBAL_UNIT_ASSIGNED_CONTEXT
((#795,#796,#797)) REPRESENTATION_CONTEXT('Context #1',
  '3D Context with UNIT and UNCERTAINTY') );
#795 = ( LENGTH_UNIT() NAMED_UNIT(*) SI_UNIT(.MILLI.,.METRE.) );
#796 = ( NAMED_UNIT(*) PLANE_ANGLE_UNIT() SI_UNIT($,.RADIAN.) );
#797 = ( NAMED_UNIT(*) SI_UNIT($,.STERADIAN.) SOLID_ANGLE_UNIT() );
#798 = UNCERTAINTY_MEASURE_WITH_UNIT(LENGTH_MEASURE(1.E-07),#795,
  'distance_accuracy_value','confusion accuracy');
#799 = CONTEXT_DEPENDENT_SHAPE_REPRESENTATION(#800,#802);
#800 = ( REPRESENTATION_RELATIONSHIP('','',#643,#10) 
REPRESENTATION_RELATIONSHIP_WITH_TRANSFORMATION(#801) 
SHAPE_REPRESENTATION_RELATIONSHIP() );
#801 = ITEM_DEFINED_TRANSFORMATION('','',#11,#27);
#802 = PRODUCT_DEFINITION_SHAPE('Placement','Placement of an item',#803
  );
#803 = NEXT_ASSEMBLY_USAGE_OCCURRENCE('37','DRIVER_ENVELOPE_38','',#5,
  #638,$);
#804 = PRODUCT_RELATED_PRODUCT_CATEGORY('part',$,(#640));
#805 = SHAPE_DEFINITION_REPRESENTATION(#806,#812);
#806 = PRODUCT_DEFINITION_SHAPE('','',#807);
#807 = PRODUCT_DEFINITION('design','',#808,#811);
#808 = PRODUCT_DEFINITION_FORMATION('','',#809);
#809 = PRODUCT('DRIVER_COMPONENT_ALLOWANCE_38',
  'DRIVER_COMPONENT_ALLOWANCE_38','',(#810));
#810 = PRODUCT_CONTEXT('',#2,'mechanical');
#811 = PRODUCT_DEFINITION_CONTEXT('part definition',#2,'design');
#812 = ADVANCED_BREP_SHAPE_REPRESENTATION('',(#11,#813),#963);
#813 = MANIFOLD_SOLID_BREP('',#814);
#814 = CLOSED_SHELL('',(#815,#855,#895,#917,#939,#951));
#815 = ADVANCED_FACE('',(#816),#850,.F.);
#816 = FACE_BOUND('',#817,.F.);
#817 = EDGE_LOOP('',(#818,#828,#836,#844));
#818 = ORIENTED_EDGE('',*,*,#819,.F.);
#819 = EDGE_CURVE('',#820,#822,#824,.T.);
#820 = VERTEX_POINT('',#821);
#821 = CARTESIAN_POINT('',(41.,9.,5.6));
#822 = VERTEX_POINT('',#823);
#823 = CARTESIAN_POINT('',(41.,9.,15.6));
#824 = LINE('',#825,#826);
#825 = CARTESIAN_POINT('',(41.,9.,5.6));
#826 = VECTOR('',#827,1.);
#827 = DIRECTION('',(0.,0.,1.));
#828 = ORIENTED_EDGE('',*,*,#829,.T.);
#829 = EDGE_CURVE('',#820,#830,#832,.T.);
#830 = VERTEX_POINT('',#831);
#831 = CARTESIAN_POINT('',(41.,21.,5.6));
#832 = LINE('',#833,#834);
#833 = CARTESIAN_POINT('',(41.,9.,5.6));
#834 = VECTOR('',#835,1.);
#835 = DIRECTION('',(-0.,1.,0.));
#836 = ORIENTED_EDGE('',*,*,#837,.T.);
#837 = EDGE_CURVE('',#830,#838,#840,.T.);
#838 = VERTEX_POINT('',#839);
#839 = CARTESIAN_POINT('',(41.,21.,15.6));
#840 = LINE('',#841,#842);
#841 = CARTESIAN_POINT('',(41.,21.,5.6));
#842 = VECTOR('',#843,1.);
#843 = DIRECTION('',(0.,0.,1.));
#844 = ORIENTED_EDGE('',*,*,#845,.F.);
#845 = EDGE_CURVE('',#822,#838,#846,.T.);
#846 = LINE('',#847,#848);
#847 = CARTESIAN_POINT('',(41.,9.,15.6));
#848 = VECTOR('',#849,1.);
#849 = DIRECTION('',(-0.,1.,0.));
#850 = PLANE('',#851);
#851 = AXIS2_PLACEMENT_3D('',#852,#853,#854);
#852 = CARTESIAN_POINT('',(41.,9.,5.6));
#853 = DIRECTION('',(1.,0.,-0.));
#854 = DIRECTION('',(0.,0.,1.));
#855 = ADVANCED_FACE('',(#856),#890,.T.);
#856 = FACE_BOUND('',#857,.T.);
#857 = EDGE_LOOP('',(#858,#868,#876,#884));
#858 = ORIENTED_EDGE('',*,*,#859,.F.);
#859 = EDGE_CURVE('',#860,#862,#864,.T.);
#860 = VERTEX_POINT('',#861);
#861 = CARTESIAN_POINT('',(61.,9.,5.6));
#862 = VERTEX_POINT('',#863);
#863 = CARTESIAN_POINT('',(61.,9.,15.6));
#864 = LINE('',#865,#866);
#865 = CARTESIAN_POINT('',(61.,9.,5.6));
#866 = VECTOR('',#867,1.);
#867 = DIRECTION('',(0.,0.,1.));
#868 = ORIENTED_EDGE('',*,*,#869,.T.);
#869 = EDGE_CURVE('',#860,#870,#872,.T.);
#870 = VERTEX_POINT('',#871);
#871 = CARTESIAN_POINT('',(61.,21.,5.6));
#872 = LINE('',#873,#874);
#873 = CARTESIAN_POINT('',(61.,9.,5.6));
#874 = VECTOR('',#875,1.);
#875 = DIRECTION('',(-0.,1.,0.));
#876 = ORIENTED_EDGE('',*,*,#877,.T.);
#877 = EDGE_CURVE('',#870,#878,#880,.T.);
#878 = VERTEX_POINT('',#879);
#879 = CARTESIAN_POINT('',(61.,21.,15.6));
#880 = LINE('',#881,#882);
#881 = CARTESIAN_POINT('',(61.,21.,5.6));
#882 = VECTOR('',#883,1.);
#883 = DIRECTION('',(0.,0.,1.));
#884 = ORIENTED_EDGE('',*,*,#885,.F.);
#885 = EDGE_CURVE('',#862,#878,#886,.T.);
#886 = LINE('',#887,#888);
#887 = CARTESIAN_POINT('',(61.,9.,15.6));
#888 = VECTOR('',#889,1.);
#889 = DIRECTION('',(-0.,1.,0.));
#890 = PLANE('',#891);
#891 = AXIS2_PLACEMENT_3D('',#892,#893,#894);
#892 = CARTESIAN_POINT('',(61.,9.,5.6));
#893 = DIRECTION('',(1.,0.,-0.));
#894 = DIRECTION('',(0.,0.,1.));
#895 = ADVANCED_FACE('',(#896),#912,.F.);
#896 = FACE_BOUND('',#897,.F.);
#897 = EDGE_LOOP('',(#898,#904,#905,#911));
#898 = ORIENTED_EDGE('',*,*,#899,.F.);
#899 = EDGE_CURVE('',#820,#860,#900,.T.);
#900 = LINE('',#901,#902);
#901 = CARTESIAN_POINT('',(41.,9.,5.6));
#902 = VECTOR('',#903,1.);
#903 = DIRECTION('',(1.,0.,-0.));
#904 = ORIENTED_EDGE('',*,*,#819,.T.);
#905 = ORIENTED_EDGE('',*,*,#906,.T.);
#906 = EDGE_CURVE('',#822,#862,#907,.T.);
#907 = LINE('',#908,#909);
#908 = CARTESIAN_POINT('',(41.,9.,15.6));
#909 = VECTOR('',#910,1.);
#910 = DIRECTION('',(1.,0.,-0.));
#911 = ORIENTED_EDGE('',*,*,#859,.F.);
#912 = PLANE('',#913);
#913 = AXIS2_PLACEMENT_3D('',#914,#915,#916);
#914 = CARTESIAN_POINT('',(41.,9.,5.6));
#915 = DIRECTION('',(-0.,1.,0.));
#916 = DIRECTION('',(0.,0.,1.));
#917 = ADVANCED_FACE('',(#918),#934,.T.);
#918 = FACE_BOUND('',#919,.T.);
#919 = EDGE_LOOP('',(#920,#926,#927,#933));
#920 = ORIENTED_EDGE('',*,*,#921,.F.);
#921 = EDGE_CURVE('',#830,#870,#922,.T.);
#922 = LINE('',#923,#924);
#923 = CARTESIAN_POINT('',(41.,21.,5.6));
#924 = VECTOR('',#925,1.);
#925 = DIRECTION('',(1.,0.,-0.));
#926 = ORIENTED_EDGE('',*,*,#837,.T.);
#927 = ORIENTED_EDGE('',*,*,#928,.T.);
#928 = EDGE_CURVE('',#838,#878,#929,.T.);
#929 = LINE('',#930,#931);
#930 = CARTESIAN_POINT('',(41.,21.,15.6));
#931 = VECTOR('',#932,1.);
#932 = DIRECTION('',(1.,0.,-0.));
#933 = ORIENTED_EDGE('',*,*,#877,.F.);
#934 = PLANE('',#935);
#935 = AXIS2_PLACEMENT_3D('',#936,#937,#938);
#936 = CARTESIAN_POINT('',(41.,21.,5.6));
#937 = DIRECTION('',(-0.,1.,0.));
#938 = DIRECTION('',(0.,0.,1.));
#939 = ADVANCED_FACE('',(#940),#946,.F.);
#940 = FACE_BOUND('',#941,.F.);
#941 = EDGE_LOOP('',(#942,#943,#944,#945));
#942 = ORIENTED_EDGE('',*,*,#829,.F.);
#943 = ORIENTED_EDGE('',*,*,#899,.T.);
#944 = ORIENTED_EDGE('',*,*,#869,.T.);
#945 = ORIENTED_EDGE('',*,*,#921,.F.);
#946 = PLANE('',#947);
#947 = AXIS2_PLACEMENT_3D('',#948,#949,#950);
#948 = CARTESIAN_POINT('',(41.,9.,5.6));
#949 = DIRECTION('',(0.,0.,1.));
#950 = DIRECTION('',(1.,0.,-0.));
#951 = ADVANCED_FACE('',(#952),#958,.T.);
#952 = FACE_BOUND('',#953,.T.);
#953 = EDGE_LOOP('',(#954,#955,#956,#957));
#954 = ORIENTED_EDGE('',*,*,#845,.F.);
#955 = ORIENTED_EDGE('',*,*,#906,.T.);
#956 = ORIENTED_EDGE('',*,*,#885,.T.);
#957 = ORIENTED_EDGE('',*,*,#928,.F.);
#958 = PLANE('',#959);
#959 = AXIS2_PLACEMENT_3D('',#960,#961,#962);
#960 = CARTESIAN_POINT('',(41.,9.,15.6));
#961 = DIRECTION('',(0.,0.,1.));
#962 = DIRECTION('',(1.,0.,-0.));
#963 = ( GEOMETRIC_REPRESENTATION_CONTEXT(3) 
GLOBAL_UNCERTAINTY_ASSIGNED_CONTEXT((#967)) GLOBAL_UNIT_ASSIGNED_CONTEXT
((#964,#965,#966)) REPRESENTATION_CONTEXT('Context #1',
  '3D Context with UNIT and UNCERTAINTY') );
#964 = ( LENGTH_UNIT() NAMED_UNIT(*) SI_UNIT(.MILLI.,.METRE.) );
#965 = ( NAMED_UNIT(*) PLANE_ANGLE_UNIT() SI_UNIT($,.RADIAN.) );
#966 = ( NAMED_UNIT(*) SI_UNIT($,.STERADIAN.) SOLID_ANGLE_UNIT() );
#967 = UNCERTAINTY_MEASURE_WITH_UNIT(LENGTH_MEASURE(1.E-07),#964,
  'distance_accuracy_value','confusion accuracy');
#968 = CONTEXT_DEPENDENT_SHAPE_REPRESENTATION(#969,#971);
#969 = ( REPRESENTATION_RELATIONSHIP('','',#812,#10) 
REPRESENTATION_RELATIONSHIP_WITH_TRANSFORMATION(#970) 
SHAPE_REPRESENTATION_RELATIONSHIP() );
#970 = ITEM_DEFINED_TRANSFORMATION('','',#11,#31);
#971 = PRODUCT_DEFINITION_SHAPE('Placement','Placement of an item',#972
  );
#972 = NEXT_ASSEMBLY_USAGE_OCCURRENCE('38',
  'DRIVER_COMPONENT_ALLOWANCE_38','',#5,#807,$);
#973 = PRODUCT_RELATED_PRODUCT_CATEGORY('part',$,(#809));
#974 = SHAPE_DEFINITION_REPRESENTATION(#975,#981);
#975 = PRODUCT_DEFINITION_SHAPE('','',#976);
#976 = PRODUCT_DEFINITION('design','',#977,#980);
#977 = PRODUCT_DEFINITION_FORMATION('','',#978);
#978 = PRODUCT('POLOLU_PLACEHOLDER','POLOLU_PLACEHOLDER','',(#979));
#979 = PRODUCT_CONTEXT('',#2,'mechanical');
#980 = PRODUCT_DEFINITION_CONTEXT('part definition',#2,'design');
#981 = ADVANCED_BREP_SHAPE_REPRESENTATION('',(#11,#982),#1132);
#982 = MANIFOLD_SOLID_BREP('',#983);
#983 = CLOSED_SHELL('',(#984,#1024,#1064,#1086,#1108,#1120));
#984 = ADVANCED_FACE('',(#985),#1019,.F.);
#985 = FACE_BOUND('',#986,.F.);
#986 = EDGE_LOOP('',(#987,#997,#1005,#1013));
#987 = ORIENTED_EDGE('',*,*,#988,.F.);
#988 = EDGE_CURVE('',#989,#991,#993,.T.);
#989 = VERTEX_POINT('',#990);
#990 = CARTESIAN_POINT('',(5.,37.,4.));
#991 = VERTEX_POINT('',#992);
#992 = CARTESIAN_POINT('',(5.,37.,18.));
#993 = LINE('',#994,#995);
#994 = CARTESIAN_POINT('',(5.,37.,4.));
#995 = VECTOR('',#996,1.);
#996 = DIRECTION('',(0.,0.,1.));
#997 = ORIENTED_EDGE('',*,*,#998,.T.);
#998 = EDGE_CURVE('',#989,#999,#1001,.T.);
#999 = VERTEX_POINT('',#1000);
#1000 = CARTESIAN_POINT('',(5.,79.,4.));
#1001 = LINE('',#1002,#1003);
#1002 = CARTESIAN_POINT('',(5.,37.,4.));
#1003 = VECTOR('',#1004,1.);
#1004 = DIRECTION('',(-0.,1.,0.));
#1005 = ORIENTED_EDGE('',*,*,#1006,.T.);
#1006 = EDGE_CURVE('',#999,#1007,#1009,.T.);
#1007 = VERTEX_POINT('',#1008);
#1008 = CARTESIAN_POINT('',(5.,79.,18.));
#1009 = LINE('',#1010,#1011);
#1010 = CARTESIAN_POINT('',(5.,79.,4.));
#1011 = VECTOR('',#1012,1.);
#1012 = DIRECTION('',(0.,0.,1.));
#1013 = ORIENTED_EDGE('',*,*,#1014,.F.);
#1014 = EDGE_CURVE('',#991,#1007,#1015,.T.);
#1015 = LINE('',#1016,#1017);
#1016 = CARTESIAN_POINT('',(5.,37.,18.));
#1017 = VECTOR('',#1018,1.);
#1018 = DIRECTION('',(-0.,1.,0.));
#1019 = PLANE('',#1020);
#1020 = AXIS2_PLACEMENT_3D('',#1021,#1022,#1023);
#1021 = CARTESIAN_POINT('',(5.,37.,4.));
#1022 = DIRECTION('',(1.,0.,-0.));
#1023 = DIRECTION('',(0.,0.,1.));
#1024 = ADVANCED_FACE('',(#1025),#1059,.T.);
#1025 = FACE_BOUND('',#1026,.T.);
#1026 = EDGE_LOOP('',(#1027,#1037,#1045,#1053));
#1027 = ORIENTED_EDGE('',*,*,#1028,.F.);
#1028 = EDGE_CURVE('',#1029,#1031,#1033,.T.);
#1029 = VERTEX_POINT('',#1030);
#1030 = CARTESIAN_POINT('',(27.,37.,4.));
#1031 = VERTEX_POINT('',#1032);
#1032 = CARTESIAN_POINT('',(27.,37.,18.));
#1033 = LINE('',#1034,#1035);
#1034 = CARTESIAN_POINT('',(27.,37.,4.));
#1035 = VECTOR('',#1036,1.);
#1036 = DIRECTION('',(0.,0.,1.));
#1037 = ORIENTED_EDGE('',*,*,#1038,.T.);
#1038 = EDGE_CURVE('',#1029,#1039,#1041,.T.);
#1039 = VERTEX_POINT('',#1040);
#1040 = CARTESIAN_POINT('',(27.,79.,4.));
#1041 = LINE('',#1042,#1043);
#1042 = CARTESIAN_POINT('',(27.,37.,4.));
#1043 = VECTOR('',#1044,1.);
#1044 = DIRECTION('',(-0.,1.,0.));
#1045 = ORIENTED_EDGE('',*,*,#1046,.T.);
#1046 = EDGE_CURVE('',#1039,#1047,#1049,.T.);
#1047 = VERTEX_POINT('',#1048);
#1048 = CARTESIAN_POINT('',(27.,79.,18.));
#1049 = LINE('',#1050,#1051);
#1050 = CARTESIAN_POINT('',(27.,79.,4.));
#1051 = VECTOR('',#1052,1.);
#1052 = DIRECTION('',(0.,0.,1.));
#1053 = ORIENTED_EDGE('',*,*,#1054,.F.);
#1054 = EDGE_CURVE('',#1031,#1047,#1055,.T.);
#1055 = LINE('',#1056,#1057);
#1056 = CARTESIAN_POINT('',(27.,37.,18.));
#1057 = VECTOR('',#1058,1.);
#1058 = DIRECTION('',(-0.,1.,0.));
#1059 = PLANE('',#1060);
#1060 = AXIS2_PLACEMENT_3D('',#1061,#1062,#1063);
#1061 = CARTESIAN_POINT('',(27.,37.,4.));
#1062 = DIRECTION('',(1.,0.,-0.));
#1063 = DIRECTION('',(0.,0.,1.));
#1064 = ADVANCED_FACE('',(#1065),#1081,.F.);
#1065 = FACE_BOUND('',#1066,.F.);
#1066 = EDGE_LOOP('',(#1067,#1073,#1074,#1080));
#1067 = ORIENTED_EDGE('',*,*,#1068,.F.);
#1068 = EDGE_CURVE('',#989,#1029,#1069,.T.);
#1069 = LINE('',#1070,#1071);
#1070 = CARTESIAN_POINT('',(5.,37.,4.));
#1071 = VECTOR('',#1072,1.);
#1072 = DIRECTION('',(1.,0.,-0.));
#1073 = ORIENTED_EDGE('',*,*,#988,.T.);
#1074 = ORIENTED_EDGE('',*,*,#1075,.T.);
#1075 = EDGE_CURVE('',#991,#1031,#1076,.T.);
#1076 = LINE('',#1077,#1078);
#1077 = CARTESIAN_POINT('',(5.,37.,18.));
#1078 = VECTOR('',#1079,1.);
#1079 = DIRECTION('',(1.,0.,-0.));
#1080 = ORIENTED_EDGE('',*,*,#1028,.F.);
#1081 = PLANE('',#1082);
#1082 = AXIS2_PLACEMENT_3D('',#1083,#1084,#1085);
#1083 = CARTESIAN_POINT('',(5.,37.,4.));
#1084 = DIRECTION('',(-0.,1.,0.));
#1085 = DIRECTION('',(0.,0.,1.));
#1086 = ADVANCED_FACE('',(#1087),#1103,.T.);
#1087 = FACE_BOUND('',#1088,.T.);
#1088 = EDGE_LOOP('',(#1089,#1095,#1096,#1102));
#1089 = ORIENTED_EDGE('',*,*,#1090,.F.);
#1090 = EDGE_CURVE('',#999,#1039,#1091,.T.);
#1091 = LINE('',#1092,#1093);
#1092 = CARTESIAN_POINT('',(5.,79.,4.));
#1093 = VECTOR('',#1094,1.);
#1094 = DIRECTION('',(1.,0.,-0.));
#1095 = ORIENTED_EDGE('',*,*,#1006,.T.);
#1096 = ORIENTED_EDGE('',*,*,#1097,.T.);
#1097 = EDGE_CURVE('',#1007,#1047,#1098,.T.);
#1098 = LINE('',#1099,#1100);
#1099 = CARTESIAN_POINT('',(5.,79.,18.));
#1100 = VECTOR('',#1101,1.);
#1101 = DIRECTION('',(1.,0.,-0.));
#1102 = ORIENTED_EDGE('',*,*,#1046,.F.);
#1103 = PLANE('',#1104);
#1104 = AXIS2_PLACEMENT_3D('',#1105,#1106,#1107);
#1105 = CARTESIAN_POINT('',(5.,79.,4.));
#1106 = DIRECTION('',(-0.,1.,0.));
#1107 = DIRECTION('',(0.,0.,1.));
#1108 = ADVANCED_FACE('',(#1109),#1115,.F.);
#1109 = FACE_BOUND('',#1110,.F.);
#1110 = EDGE_LOOP('',(#1111,#1112,#1113,#1114));
#1111 = ORIENTED_EDGE('',*,*,#998,.F.);
#1112 = ORIENTED_EDGE('',*,*,#1068,.T.);
#1113 = ORIENTED_EDGE('',*,*,#1038,.T.);
#1114 = ORIENTED_EDGE('',*,*,#1090,.F.);
#1115 = PLANE('',#1116);
#1116 = AXIS2_PLACEMENT_3D('',#1117,#1118,#1119);
#1117 = CARTESIAN_POINT('',(5.,37.,4.));
#1118 = DIRECTION('',(0.,0.,1.));
#1119 = DIRECTION('',(1.,0.,-0.));
#1120 = ADVANCED_FACE('',(#1121),#1127,.T.);
#1121 = FACE_BOUND('',#1122,.T.);
#1122 = EDGE_LOOP('',(#1123,#1124,#1125,#1126));
#1123 = ORIENTED_EDGE('',*,*,#1014,.F.);
#1124 = ORIENTED_EDGE('',*,*,#1075,.T.);
#1125 = ORIENTED_EDGE('',*,*,#1054,.T.);
#1126 = ORIENTED_EDGE('',*,*,#1097,.F.);
#1127 = PLANE('',#1128);
#1128 = AXIS2_PLACEMENT_3D('',#1129,#1130,#1131);
#1129 = CARTESIAN_POINT('',(5.,37.,18.));
#1130 = DIRECTION('',(0.,0.,1.));
#1131 = DIRECTION('',(1.,0.,-0.));
#1132 = ( GEOMETRIC_REPRESENTATION_CONTEXT(3) 
GLOBAL_UNCERTAINTY_ASSIGNED_CONTEXT((#1136)) 
GLOBAL_UNIT_ASSIGNED_CONTEXT((#1133,#1134,#1135)) REPRESENTATION_CONTEXT
('Context #1','3D Context with UNIT and UNCERTAINTY') );
#1133 = ( LENGTH_UNIT() NAMED_UNIT(*) SI_UNIT(.MILLI.,.METRE.) );
#1134 = ( NAMED_UNIT(*) PLANE_ANGLE_UNIT() SI_UNIT($,.RADIAN.) );
#1135 = ( NAMED_UNIT(*) SI_UNIT($,.STERADIAN.) SOLID_ANGLE_UNIT() );
#1136 = UNCERTAINTY_MEASURE_WITH_UNIT(LENGTH_MEASURE(1.E-07),#1133,
  'distance_accuracy_value','confusion accuracy');
#1137 = CONTEXT_DEPENDENT_SHAPE_REPRESENTATION(#1138,#1140);
#1138 = ( REPRESENTATION_RELATIONSHIP('','',#981,#10) 
REPRESENTATION_RELATIONSHIP_WITH_TRANSFORMATION(#1139) 
SHAPE_REPRESENTATION_RELATIONSHIP() );
#1139 = ITEM_DEFINED_TRANSFORMATION('','',#11,#35);
#1140 = PRODUCT_DEFINITION_SHAPE('Placement','Placement of an item',
  #1141);
#1141 = NEXT_ASSEMBLY_USAGE_OCCURRENCE('39','POLOLU_PLACEHOLDER','',#5,
  #976,$);
#1142 = PRODUCT_RELATED_PRODUCT_CATEGORY('part',$,(#978));
#1143 = SHAPE_DEFINITION_REPRESENTATION(#1144,#1150);
#1144 = PRODUCT_DEFINITION_SHAPE('','',#1145);
#1145 = PRODUCT_DEFINITION('design','',#1146,#1149);
#1146 = PRODUCT_DEFINITION_FORMATION('','',#1147);
#1147 = PRODUCT('IP2368_PLACEHOLDER','IP2368_PLACEHOLDER','',(#1148));
#1148 = PRODUCT_CONTEXT('',#2,'mechanical');
#1149 = PRODUCT_DEFINITION_CONTEXT('part definition',#2,'design');
#1150 = ADVANCED_BREP_SHAPE_REPRESENTATION('',(#11,#1151),#1301);
#1151 = MANIFOLD_SOLID_BREP('',#1152);
#1152 = CLOSED_SHELL('',(#1153,#1193,#1233,#1255,#1277,#1289));
#1153 = ADVANCED_FACE('',(#1154),#1188,.F.);
#1154 = FACE_BOUND('',#1155,.F.);
#1155 = EDGE_LOOP('',(#1156,#1166,#1174,#1182));
#1156 = ORIENTED_EDGE('',*,*,#1157,.F.);
#1157 = EDGE_CURVE('',#1158,#1160,#1162,.T.);
#1158 = VERTEX_POINT('',#1159);
#1159 = CARTESIAN_POINT('',(34.,36.,4.));
#1160 = VERTEX_POINT('',#1161);
#1161 = CARTESIAN_POINT('',(34.,36.,16.));
#1162 = LINE('',#1163,#1164);
#1163 = CARTESIAN_POINT('',(34.,36.,4.));
#1164 = VECTOR('',#1165,1.);
#1165 = DIRECTION('',(0.,0.,1.));
#1166 = ORIENTED_EDGE('',*,*,#1167,.T.);
#1167 = EDGE_CURVE('',#1158,#1168,#1170,.T.);
#1168 = VERTEX_POINT('',#1169);
#1169 = CARTESIAN_POINT('',(34.,61.,4.));
#1170 = LINE('',#1171,#1172);
#1171 = CARTESIAN_POINT('',(34.,36.,4.));
#1172 = VECTOR('',#1173,1.);
#1173 = DIRECTION('',(-0.,1.,0.));
#1174 = ORIENTED_EDGE('',*,*,#1175,.T.);
#1175 = EDGE_CURVE('',#1168,#1176,#1178,.T.);
#1176 = VERTEX_POINT('',#1177);
#1177 = CARTESIAN_POINT('',(34.,61.,16.));
#1178 = LINE('',#1179,#1180);
#1179 = CARTESIAN_POINT('',(34.,61.,4.));
#1180 = VECTOR('',#1181,1.);
#1181 = DIRECTION('',(0.,0.,1.));
#1182 = ORIENTED_EDGE('',*,*,#1183,.F.);
#1183 = EDGE_CURVE('',#1160,#1176,#1184,.T.);
#1184 = LINE('',#1185,#1186);
#1185 = CARTESIAN_POINT('',(34.,36.,16.));
#1186 = VECTOR('',#1187,1.);
#1187 = DIRECTION('',(-0.,1.,0.));
#1188 = PLANE('',#1189);
#1189 = AXIS2_PLACEMENT_3D('',#1190,#1191,#1192);
#1190 = CARTESIAN_POINT('',(34.,36.,4.));
#1191 = DIRECTION('',(1.,0.,-0.));
#1192 = DIRECTION('',(0.,0.,1.));
#1193 = ADVANCED_FACE('',(#1194),#1228,.T.);
#1194 = FACE_BOUND('',#1195,.T.);
#1195 = EDGE_LOOP('',(#1196,#1206,#1214,#1222));
#1196 = ORIENTED_EDGE('',*,*,#1197,.F.);
#1197 = EDGE_CURVE('',#1198,#1200,#1202,.T.);
#1198 = VERTEX_POINT('',#1199);
#1199 = CARTESIAN_POINT('',(65.,36.,4.));
#1200 = VERTEX_POINT('',#1201);
#1201 = CARTESIAN_POINT('',(65.,36.,16.));
#1202 = LINE('',#1203,#1204);
#1203 = CARTESIAN_POINT('',(65.,36.,4.));
#1204 = VECTOR('',#1205,1.);
#1205 = DIRECTION('',(0.,0.,1.));
#1206 = ORIENTED_EDGE('',*,*,#1207,.T.);
#1207 = EDGE_CURVE('',#1198,#1208,#1210,.T.);
#1208 = VERTEX_POINT('',#1209);
#1209 = CARTESIAN_POINT('',(65.,61.,4.));
#1210 = LINE('',#1211,#1212);
#1211 = CARTESIAN_POINT('',(65.,36.,4.));
#1212 = VECTOR('',#1213,1.);
#1213 = DIRECTION('',(-0.,1.,0.));
#1214 = ORIENTED_EDGE('',*,*,#1215,.T.);
#1215 = EDGE_CURVE('',#1208,#1216,#1218,.T.);
#1216 = VERTEX_POINT('',#1217);
#1217 = CARTESIAN_POINT('',(65.,61.,16.));
#1218 = LINE('',#1219,#1220);
#1219 = CARTESIAN_POINT('',(65.,61.,4.));
#1220 = VECTOR('',#1221,1.);
#1221 = DIRECTION('',(0.,0.,1.));
#1222 = ORIENTED_EDGE('',*,*,#1223,.F.);
#1223 = EDGE_CURVE('',#1200,#1216,#1224,.T.);
#1224 = LINE('',#1225,#1226);
#1225 = CARTESIAN_POINT('',(65.,36.,16.));
#1226 = VECTOR('',#1227,1.);
#1227 = DIRECTION('',(-0.,1.,0.));
#1228 = PLANE('',#1229);
#1229 = AXIS2_PLACEMENT_3D('',#1230,#1231,#1232);
#1230 = CARTESIAN_POINT('',(65.,36.,4.));
#1231 = DIRECTION('',(1.,0.,-0.));
#1232 = DIRECTION('',(0.,0.,1.));
#1233 = ADVANCED_FACE('',(#1234),#1250,.F.);
#1234 = FACE_BOUND('',#1235,.F.);
#1235 = EDGE_LOOP('',(#1236,#1242,#1243,#1249));
#1236 = ORIENTED_EDGE('',*,*,#1237,.F.);
#1237 = EDGE_CURVE('',#1158,#1198,#1238,.T.);
#1238 = LINE('',#1239,#1240);
#1239 = CARTESIAN_POINT('',(34.,36.,4.));
#1240 = VECTOR('',#1241,1.);
#1241 = DIRECTION('',(1.,0.,-0.));
#1242 = ORIENTED_EDGE('',*,*,#1157,.T.);
#1243 = ORIENTED_EDGE('',*,*,#1244,.T.);
#1244 = EDGE_CURVE('',#1160,#1200,#1245,.T.);
#1245 = LINE('',#1246,#1247);
#1246 = CARTESIAN_POINT('',(34.,36.,16.));
#1247 = VECTOR('',#1248,1.);
#1248 = DIRECTION('',(1.,0.,-0.));
#1249 = ORIENTED_EDGE('',*,*,#1197,.F.);
#1250 = PLANE('',#1251);
#1251 = AXIS2_PLACEMENT_3D('',#1252,#1253,#1254);
#1252 = CARTESIAN_POINT('',(34.,36.,4.));
#1253 = DIRECTION('',(-0.,1.,0.));
#1254 = DIRECTION('',(0.,0.,1.));
#1255 = ADVANCED_FACE('',(#1256),#1272,.T.);
#1256 = FACE_BOUND('',#1257,.T.);
#1257 = EDGE_LOOP('',(#1258,#1264,#1265,#1271));
#1258 = ORIENTED_EDGE('',*,*,#1259,.F.);
#1259 = EDGE_CURVE('',#1168,#1208,#1260,.T.);
#1260 = LINE('',#1261,#1262);
#1261 = CARTESIAN_POINT('',(34.,61.,4.));
#1262 = VECTOR('',#1263,1.);
#1263 = DIRECTION('',(1.,0.,-0.));
#1264 = ORIENTED_EDGE('',*,*,#1175,.T.);
#1265 = ORIENTED_EDGE('',*,*,#1266,.T.);
#1266 = EDGE_CURVE('',#1176,#1216,#1267,.T.);
#1267 = LINE('',#1268,#1269);
#1268 = CARTESIAN_POINT('',(34.,61.,16.));
#1269 = VECTOR('',#1270,1.);
#1270 = DIRECTION('',(1.,0.,-0.));
#1271 = ORIENTED_EDGE('',*,*,#1215,.F.);
#1272 = PLANE('',#1273);
#1273 = AXIS2_PLACEMENT_3D('',#1274,#1275,#1276);
#1274 = CARTESIAN_POINT('',(34.,61.,4.));
#1275 = DIRECTION('',(-0.,1.,0.));
#1276 = DIRECTION('',(0.,0.,1.));
#1277 = ADVANCED_FACE('',(#1278),#1284,.F.);
#1278 = FACE_BOUND('',#1279,.F.);
#1279 = EDGE_LOOP('',(#1280,#1281,#1282,#1283));
#1280 = ORIENTED_EDGE('',*,*,#1167,.F.);
#1281 = ORIENTED_EDGE('',*,*,#1237,.T.);
#1282 = ORIENTED_EDGE('',*,*,#1207,.T.);
#1283 = ORIENTED_EDGE('',*,*,#1259,.F.);
#1284 = PLANE('',#1285);
#1285 = AXIS2_PLACEMENT_3D('',#1286,#1287,#1288);
#1286 = CARTESIAN_POINT('',(34.,36.,4.));
#1287 = DIRECTION('',(0.,0.,1.));
#1288 = DIRECTION('',(1.,0.,-0.));
#1289 = ADVANCED_FACE('',(#1290),#1296,.T.);
#1290 = FACE_BOUND('',#1291,.T.);
#1291 = EDGE_LOOP('',(#1292,#1293,#1294,#1295));
#1292 = ORIENTED_EDGE('',*,*,#1183,.F.);
#1293 = ORIENTED_EDGE('',*,*,#1244,.T.);
#1294 = ORIENTED_EDGE('',*,*,#1223,.T.);
#1295 = ORIENTED_EDGE('',*,*,#1266,.F.);
#1296 = PLANE('',#1297);
#1297 = AXIS2_PLACEMENT_3D('',#1298,#1299,#1300);
#1298 = CARTESIAN_POINT('',(34.,36.,16.));
#1299 = DIRECTION('',(0.,0.,1.));
#1300 = DIRECTION('',(1.,0.,-0.));
#1301 = ( GEOMETRIC_REPRESENTATION_CONTEXT(3) 
GLOBAL_UNCERTAINTY_ASSIGNED_CONTEXT((#1305)) 
GLOBAL_UNIT_ASSIGNED_CONTEXT((#1302,#1303,#1304)) REPRESENTATION_CONTEXT
('Context #1','3D Context with UNIT and UNCERTAINTY') );
#1302 = ( LENGTH_UNIT() NAMED_UNIT(*) SI_UNIT(.MILLI.,.METRE.) );
#1303 = ( NAMED_UNIT(*) PLANE_ANGLE_UNIT() SI_UNIT($,.RADIAN.) );
#1304 = ( NAMED_UNIT(*) SI_UNIT($,.STERADIAN.) SOLID_ANGLE_UNIT() );
#1305 = UNCERTAINTY_MEASURE_WITH_UNIT(LENGTH_MEASURE(1.E-07),#1302,
  'distance_accuracy_value','confusion accuracy');
#1306 = CONTEXT_DEPENDENT_SHAPE_REPRESENTATION(#1307,#1309);
#1307 = ( REPRESENTATION_RELATIONSHIP('','',#1150,#10) 
REPRESENTATION_RELATIONSHIP_WITH_TRANSFORMATION(#1308) 
SHAPE_REPRESENTATION_RELATIONSHIP() );
#1308 = ITEM_DEFINED_TRANSFORMATION('','',#11,#39);
#1309 = PRODUCT_DEFINITION_SHAPE('Placement','Placement of an item',
  #1310);
#1310 = NEXT_ASSEMBLY_USAGE_OCCURRENCE('40','IP2368_PLACEHOLDER','',#5,
  #1145,$);
#1311 = PRODUCT_RELATED_PRODUCT_CATEGORY('part',$,(#1147));
#1312 = SHAPE_DEFINITION_REPRESENTATION(#1313,#1319);
#1313 = PRODUCT_DEFINITION_SHAPE('','',#1314);
#1314 = PRODUCT_DEFINITION('design','',#1315,#1318);
#1315 = PRODUCT_DEFINITION_FORMATION('','',#1316);
#1316 = PRODUCT('INA260_PLACEHOLDER','INA260_PLACEHOLDER','',(#1317));
#1317 = PRODUCT_CONTEXT('',#2,'mechanical');
#1318 = PRODUCT_DEFINITION_CONTEXT('part definition',#2,'design');
#1319 = ADVANCED_BREP_SHAPE_REPRESENTATION('',(#11,#1320),#1470);
#1320 = MANIFOLD_SOLID_BREP('',#1321);
#1321 = CLOSED_SHELL('',(#1322,#1362,#1402,#1424,#1446,#1458));
#1322 = ADVANCED_FACE('',(#1323),#1357,.F.);
#1323 = FACE_BOUND('',#1324,.F.);
#1324 = EDGE_LOOP('',(#1325,#1335,#1343,#1351));
#1325 = ORIENTED_EDGE('',*,*,#1326,.F.);
#1326 = EDGE_CURVE('',#1327,#1329,#1331,.T.);
#1327 = VERTEX_POINT('',#1328);
#1328 = CARTESIAN_POINT('',(35.,70.,4.));
#1329 = VERTEX_POINT('',#1330);
#1330 = CARTESIAN_POINT('',(35.,70.,14.));
#1331 = LINE('',#1332,#1333);
#1332 = CARTESIAN_POINT('',(35.,70.,4.));
#1333 = VECTOR('',#1334,1.);
#1334 = DIRECTION('',(0.,0.,1.));
#1335 = ORIENTED_EDGE('',*,*,#1336,.T.);
#1336 = EDGE_CURVE('',#1327,#1337,#1339,.T.);
#1337 = VERTEX_POINT('',#1338);
#1338 = CARTESIAN_POINT('',(35.,95.,4.));
#1339 = LINE('',#1340,#1341);
#1340 = CARTESIAN_POINT('',(35.,70.,4.));
#1341 = VECTOR('',#1342,1.);
#1342 = DIRECTION('',(-0.,1.,0.));
#1343 = ORIENTED_EDGE('',*,*,#1344,.T.);
#1344 = EDGE_CURVE('',#1337,#1345,#1347,.T.);
#1345 = VERTEX_POINT('',#1346);
#1346 = CARTESIAN_POINT('',(35.,95.,14.));
#1347 = LINE('',#1348,#1349);
#1348 = CARTESIAN_POINT('',(35.,95.,4.));
#1349 = VECTOR('',#1350,1.);
#1350 = DIRECTION('',(0.,0.,1.));
#1351 = ORIENTED_EDGE('',*,*,#1352,.F.);
#1352 = EDGE_CURVE('',#1329,#1345,#1353,.T.);
#1353 = LINE('',#1354,#1355);
#1354 = CARTESIAN_POINT('',(35.,70.,14.));
#1355 = VECTOR('',#1356,1.);
#1356 = DIRECTION('',(-0.,1.,0.));
#1357 = PLANE('',#1358);
#1358 = AXIS2_PLACEMENT_3D('',#1359,#1360,#1361);
#1359 = CARTESIAN_POINT('',(35.,70.,4.));
#1360 = DIRECTION('',(1.,0.,-0.));
#1361 = DIRECTION('',(0.,0.,1.));
#1362 = ADVANCED_FACE('',(#1363),#1397,.T.);
#1363 = FACE_BOUND('',#1364,.T.);
#1364 = EDGE_LOOP('',(#1365,#1375,#1383,#1391));
#1365 = ORIENTED_EDGE('',*,*,#1366,.F.);
#1366 = EDGE_CURVE('',#1367,#1369,#1371,.T.);
#1367 = VERTEX_POINT('',#1368);
#1368 = CARTESIAN_POINT('',(60.,70.,4.));
#1369 = VERTEX_POINT('',#1370);
#1370 = CARTESIAN_POINT('',(60.,70.,14.));
#1371 = LINE('',#1372,#1373);
#1372 = CARTESIAN_POINT('',(60.,70.,4.));
#1373 = VECTOR('',#1374,1.);
#1374 = DIRECTION('',(0.,0.,1.));
#1375 = ORIENTED_EDGE('',*,*,#1376,.T.);
#1376 = EDGE_CURVE('',#1367,#1377,#1379,.T.);
#1377 = VERTEX_POINT('',#1378);
#1378 = CARTESIAN_POINT('',(60.,95.,4.));
#1379 = LINE('',#1380,#1381);
#1380 = CARTESIAN_POINT('',(60.,70.,4.));
#1381 = VECTOR('',#1382,1.);
#1382 = DIRECTION('',(-0.,1.,0.));
#1383 = ORIENTED_EDGE('',*,*,#1384,.T.);
#1384 = EDGE_CURVE('',#1377,#1385,#1387,.T.);
#1385 = VERTEX_POINT('',#1386);
#1386 = CARTESIAN_POINT('',(60.,95.,14.));
#1387 = LINE('',#1388,#1389);
#1388 = CARTESIAN_POINT('',(60.,95.,4.));
#1389 = VECTOR('',#1390,1.);
#1390 = DIRECTION('',(0.,0.,1.));
#1391 = ORIENTED_EDGE('',*,*,#1392,.F.);
#1392 = EDGE_CURVE('',#1369,#1385,#1393,.T.);
#1393 = LINE('',#1394,#1395);
#1394 = CARTESIAN_POINT('',(60.,70.,14.));
#1395 = VECTOR('',#1396,1.);
#1396 = DIRECTION('',(-0.,1.,0.));
#1397 = PLANE('',#1398);
#1398 = AXIS2_PLACEMENT_3D('',#1399,#1400,#1401);
#1399 = CARTESIAN_POINT('',(60.,70.,4.));
#1400 = DIRECTION('',(1.,0.,-0.));
#1401 = DIRECTION('',(0.,0.,1.));
#1402 = ADVANCED_FACE('',(#1403),#1419,.F.);
#1403 = FACE_BOUND('',#1404,.F.);
#1404 = EDGE_LOOP('',(#1405,#1411,#1412,#1418));
#1405 = ORIENTED_EDGE('',*,*,#1406,.F.);
#1406 = EDGE_CURVE('',#1327,#1367,#1407,.T.);
#1407 = LINE('',#1408,#1409);
#1408 = CARTESIAN_POINT('',(35.,70.,4.));
#1409 = VECTOR('',#1410,1.);
#1410 = DIRECTION('',(1.,0.,-0.));
#1411 = ORIENTED_EDGE('',*,*,#1326,.T.);
#1412 = ORIENTED_EDGE('',*,*,#1413,.T.);
#1413 = EDGE_CURVE('',#1329,#1369,#1414,.T.);
#1414 = LINE('',#1415,#1416);
#1415 = CARTESIAN_POINT('',(35.,70.,14.));
#1416 = VECTOR('',#1417,1.);
#1417 = DIRECTION('',(1.,0.,-0.));
#1418 = ORIENTED_EDGE('',*,*,#1366,.F.);
#1419 = PLANE('',#1420);
#1420 = AXIS2_PLACEMENT_3D('',#1421,#1422,#1423);
#1421 = CARTESIAN_POINT('',(35.,70.,4.));
#1422 = DIRECTION('',(-0.,1.,0.));
#1423 = DIRECTION('',(0.,0.,1.));
#1424 = ADVANCED_FACE('',(#1425),#1441,.T.);
#1425 = FACE_BOUND('',#1426,.T.);
#1426 = EDGE_LOOP('',(#1427,#1433,#1434,#1440));
#1427 = ORIENTED_EDGE('',*,*,#1428,.F.);
#1428 = EDGE_CURVE('',#1337,#1377,#1429,.T.);
#1429 = LINE('',#1430,#1431);
#1430 = CARTESIAN_POINT('',(35.,95.,4.));
#1431 = VECTOR('',#1432,1.);
#1432 = DIRECTION('',(1.,0.,-0.));
#1433 = ORIENTED_EDGE('',*,*,#1344,.T.);
#1434 = ORIENTED_EDGE('',*,*,#1435,.T.);
#1435 = EDGE_CURVE('',#1345,#1385,#1436,.T.);
#1436 = LINE('',#1437,#1438);
#1437 = CARTESIAN_POINT('',(35.,95.,14.));
#1438 = VECTOR('',#1439,1.);
#1439 = DIRECTION('',(1.,0.,-0.));
#1440 = ORIENTED_EDGE('',*,*,#1384,.F.);
#1441 = PLANE('',#1442);
#1442 = AXIS2_PLACEMENT_3D('',#1443,#1444,#1445);
#1443 = CARTESIAN_POINT('',(35.,95.,4.));
#1444 = DIRECTION('',(-0.,1.,0.));
#1445 = DIRECTION('',(0.,0.,1.));
#1446 = ADVANCED_FACE('',(#1447),#1453,.F.);
#1447 = FACE_BOUND('',#1448,.F.);
#1448 = EDGE_LOOP('',(#1449,#1450,#1451,#1452));
#1449 = ORIENTED_EDGE('',*,*,#1336,.F.);
#1450 = ORIENTED_EDGE('',*,*,#1406,.T.);
#1451 = ORIENTED_EDGE('',*,*,#1376,.T.);
#1452 = ORIENTED_EDGE('',*,*,#1428,.F.);
#1453 = PLANE('',#1454);
#1454 = AXIS2_PLACEMENT_3D('',#1455,#1456,#1457);
#1455 = CARTESIAN_POINT('',(35.,70.,4.));
#1456 = DIRECTION('',(0.,0.,1.));
#1457 = DIRECTION('',(1.,0.,-0.));
#1458 = ADVANCED_FACE('',(#1459),#1465,.T.);
#1459 = FACE_BOUND('',#1460,.T.);
#1460 = EDGE_LOOP('',(#1461,#1462,#1463,#1464));
#1461 = ORIENTED_EDGE('',*,*,#1352,.F.);
#1462 = ORIENTED_EDGE('',*,*,#1413,.T.);
#1463 = ORIENTED_EDGE('',*,*,#1392,.T.);
#1464 = ORIENTED_EDGE('',*,*,#1435,.F.);
#1465 = PLANE('',#1466);
#1466 = AXIS2_PLACEMENT_3D('',#1467,#1468,#1469);
#1467 = CARTESIAN_POINT('',(35.,70.,14.));
#1468 = DIRECTION('',(0.,0.,1.));
#1469 = DIRECTION('',(1.,0.,-0.));
#1470 = ( GEOMETRIC_REPRESENTATION_CONTEXT(3) 
GLOBAL_UNCERTAINTY_ASSIGNED_CONTEXT((#1474)) 
GLOBAL_UNIT_ASSIGNED_CONTEXT((#1471,#1472,#1473)) REPRESENTATION_CONTEXT
('Context #1','3D Context with UNIT and UNCERTAINTY') );
#1471 = ( LENGTH_UNIT() NAMED_UNIT(*) SI_UNIT(.MILLI.,.METRE.) );
#1472 = ( NAMED_UNIT(*) PLANE_ANGLE_UNIT() SI_UNIT($,.RADIAN.) );
#1473 = ( NAMED_UNIT(*) SI_UNIT($,.STERADIAN.) SOLID_ANGLE_UNIT() );
#1474 = UNCERTAINTY_MEASURE_WITH_UNIT(LENGTH_MEASURE(1.E-07),#1471,
  'distance_accuracy_value','confusion accuracy');
#1475 = CONTEXT_DEPENDENT_SHAPE_REPRESENTATION(#1476,#1478);
#1476 = ( REPRESENTATION_RELATIONSHIP('','',#1319,#10) 
REPRESENTATION_RELATIONSHIP_WITH_TRANSFORMATION(#1477) 
SHAPE_REPRESENTATION_RELATIONSHIP() );
#1477 = ITEM_DEFINED_TRANSFORMATION('','',#11,#43);
#1478 = PRODUCT_DEFINITION_SHAPE('Placement','Placement of an item',
  #1479);
#1479 = NEXT_ASSEMBLY_USAGE_OCCURRENCE('41','INA260_PLACEHOLDER','',#5,
  #1314,$);
#1480 = PRODUCT_RELATED_PRODUCT_CATEGORY('part',$,(#1316));
#1481 = SHAPE_DEFINITION_REPRESENTATION(#1482,#1488);
#1482 = PRODUCT_DEFINITION_SHAPE('','',#1483);
#1483 = PRODUCT_DEFINITION('design','',#1484,#1487);
#1484 = PRODUCT_DEFINITION_FORMATION('','',#1485);
#1485 = PRODUCT('LOGIC_CARRIER_PLACEHOLDER','LOGIC_CARRIER_PLACEHOLDER',
  '',(#1486));
#1486 = PRODUCT_CONTEXT('',#2,'mechanical');
#1487 = PRODUCT_DEFINITION_CONTEXT('part definition',#2,'design');
#1488 = ADVANCED_BREP_SHAPE_REPRESENTATION('',(#11,#1489),#1639);
#1489 = MANIFOLD_SOLID_BREP('',#1490);
#1490 = CLOSED_SHELL('',(#1491,#1531,#1571,#1593,#1615,#1627));
#1491 = ADVANCED_FACE('',(#1492),#1526,.F.);
#1492 = FACE_BOUND('',#1493,.F.);
#1493 = EDGE_LOOP('',(#1494,#1504,#1512,#1520));
#1494 = ORIENTED_EDGE('',*,*,#1495,.F.);
#1495 = EDGE_CURVE('',#1496,#1498,#1500,.T.);
#1496 = VERTEX_POINT('',#1497);
#1497 = CARTESIAN_POINT('',(0.,0.,62.));
#1498 = VERTEX_POINT('',#1499);
#1499 = CARTESIAN_POINT('',(0.,0.,63.6));
#1500 = LINE('',#1501,#1502);
#1501 = CARTESIAN_POINT('',(0.,0.,62.));
#1502 = VECTOR('',#1503,1.);
#1503 = DIRECTION('',(0.,0.,1.));
#1504 = ORIENTED_EDGE('',*,*,#1505,.T.);
#1505 = EDGE_CURVE('',#1496,#1506,#1508,.T.);
#1506 = VERTEX_POINT('',#1507);
#1507 = CARTESIAN_POINT('',(0.,94.,62.));
#1508 = LINE('',#1509,#1510);
#1509 = CARTESIAN_POINT('',(0.,0.,62.));
#1510 = VECTOR('',#1511,1.);
#1511 = DIRECTION('',(-0.,1.,0.));
#1512 = ORIENTED_EDGE('',*,*,#1513,.T.);
#1513 = EDGE_CURVE('',#1506,#1514,#1516,.T.);
#1514 = VERTEX_POINT('',#1515);
#1515 = CARTESIAN_POINT('',(0.,94.,63.6));
#1516 = LINE('',#1517,#1518);
#1517 = CARTESIAN_POINT('',(0.,94.,62.));
#1518 = VECTOR('',#1519,1.);
#1519 = DIRECTION('',(0.,0.,1.));
#1520 = ORIENTED_EDGE('',*,*,#1521,.F.);
#1521 = EDGE_CURVE('',#1498,#1514,#1522,.T.);
#1522 = LINE('',#1523,#1524);
#1523 = CARTESIAN_POINT('',(0.,0.,63.6));
#1524 = VECTOR('',#1525,1.);
#1525 = DIRECTION('',(-0.,1.,0.));
#1526 = PLANE('',#1527);
#1527 = AXIS2_PLACEMENT_3D('',#1528,#1529,#1530);
#1528 = CARTESIAN_POINT('',(0.,0.,62.));
#1529 = DIRECTION('',(1.,0.,-0.));
#1530 = DIRECTION('',(0.,0.,1.));
#1531 = ADVANCED_FACE('',(#1532),#1566,.T.);
#1532 = FACE_BOUND('',#1533,.T.);
#1533 = EDGE_LOOP('',(#1534,#1544,#1552,#1560));
#1534 = ORIENTED_EDGE('',*,*,#1535,.F.);
#1535 = EDGE_CURVE('',#1536,#1538,#1540,.T.);
#1536 = VERTEX_POINT('',#1537);
#1537 = CARTESIAN_POINT('',(70.,0.,62.));
#1538 = VERTEX_POINT('',#1539);
#1539 = CARTESIAN_POINT('',(70.,0.,63.6));
#1540 = LINE('',#1541,#1542);
#1541 = CARTESIAN_POINT('',(70.,0.,62.));
#1542 = VECTOR('',#1543,1.);
#1543 = DIRECTION('',(0.,0.,1.));
#1544 = ORIENTED_EDGE('',*,*,#1545,.T.);
#1545 = EDGE_CURVE('',#1536,#1546,#1548,.T.);
#1546 = VERTEX_POINT('',#1547);
#1547 = CARTESIAN_POINT('',(70.,94.,62.));
#1548 = LINE('',#1549,#1550);
#1549 = CARTESIAN_POINT('',(70.,0.,62.));
#1550 = VECTOR('',#1551,1.);
#1551 = DIRECTION('',(-0.,1.,0.));
#1552 = ORIENTED_EDGE('',*,*,#1553,.T.);
#1553 = EDGE_CURVE('',#1546,#1554,#1556,.T.);
#1554 = VERTEX_POINT('',#1555);
#1555 = CARTESIAN_POINT('',(70.,94.,63.6));
#1556 = LINE('',#1557,#1558);
#1557 = CARTESIAN_POINT('',(70.,94.,62.));
#1558 = VECTOR('',#1559,1.);
#1559 = DIRECTION('',(0.,0.,1.));
#1560 = ORIENTED_EDGE('',*,*,#1561,.F.);
#1561 = EDGE_CURVE('',#1538,#1554,#1562,.T.);
#1562 = LINE('',#1563,#1564);
#1563 = CARTESIAN_POINT('',(70.,0.,63.6));
#1564 = VECTOR('',#1565,1.);
#1565 = DIRECTION('',(-0.,1.,0.));
#1566 = PLANE('',#1567);
#1567 = AXIS2_PLACEMENT_3D('',#1568,#1569,#1570);
#1568 = CARTESIAN_POINT('',(70.,0.,62.));
#1569 = DIRECTION('',(1.,0.,-0.));
#1570 = DIRECTION('',(0.,0.,1.));
#1571 = ADVANCED_FACE('',(#1572),#1588,.F.);
#1572 = FACE_BOUND('',#1573,.F.);
#1573 = EDGE_LOOP('',(#1574,#1580,#1581,#1587));
#1574 = ORIENTED_EDGE('',*,*,#1575,.F.);
#1575 = EDGE_CURVE('',#1496,#1536,#1576,.T.);
#1576 = LINE('',#1577,#1578);
#1577 = CARTESIAN_POINT('',(0.,0.,62.));
#1578 = VECTOR('',#1579,1.);
#1579 = DIRECTION('',(1.,0.,-0.));
#1580 = ORIENTED_EDGE('',*,*,#1495,.T.);
#1581 = ORIENTED_EDGE('',*,*,#1582,.T.);
#1582 = EDGE_CURVE('',#1498,#1538,#1583,.T.);
#1583 = LINE('',#1584,#1585);
#1584 = CARTESIAN_POINT('',(0.,0.,63.6));
#1585 = VECTOR('',#1586,1.);
#1586 = DIRECTION('',(1.,0.,-0.));
#1587 = ORIENTED_EDGE('',*,*,#1535,.F.);
#1588 = PLANE('',#1589);
#1589 = AXIS2_PLACEMENT_3D('',#1590,#1591,#1592);
#1590 = CARTESIAN_POINT('',(0.,0.,62.));
#1591 = DIRECTION('',(-0.,1.,0.));
#1592 = DIRECTION('',(0.,0.,1.));
#1593 = ADVANCED_FACE('',(#1594),#1610,.T.);
#1594 = FACE_BOUND('',#1595,.T.);
#1595 = EDGE_LOOP('',(#1596,#1602,#1603,#1609));
#1596 = ORIENTED_EDGE('',*,*,#1597,.F.);
#1597 = EDGE_CURVE('',#1506,#1546,#1598,.T.);
#1598 = LINE('',#1599,#1600);
#1599 = CARTESIAN_POINT('',(0.,94.,62.));
#1600 = VECTOR('',#1601,1.);
#1601 = DIRECTION('',(1.,0.,-0.));
#1602 = ORIENTED_EDGE('',*,*,#1513,.T.);
#1603 = ORIENTED_EDGE('',*,*,#1604,.T.);
#1604 = EDGE_CURVE('',#1514,#1554,#1605,.T.);
#1605 = LINE('',#1606,#1607);
#1606 = CARTESIAN_POINT('',(0.,94.,63.6));
#1607 = VECTOR('',#1608,1.);
#1608 = DIRECTION('',(1.,0.,-0.));
#1609 = ORIENTED_EDGE('',*,*,#1553,.F.);
#1610 = PLANE('',#1611);
#1611 = AXIS2_PLACEMENT_3D('',#1612,#1613,#1614);
#1612 = CARTESIAN_POINT('',(0.,94.,62.));
#1613 = DIRECTION('',(-0.,1.,0.));
#1614 = DIRECTION('',(0.,0.,1.));
#1615 = ADVANCED_FACE('',(#1616),#1622,.F.);
#1616 = FACE_BOUND('',#1617,.F.);
#1617 = EDGE_LOOP('',(#1618,#1619,#1620,#1621));
#1618 = ORIENTED_EDGE('',*,*,#1505,.F.);
#1619 = ORIENTED_EDGE('',*,*,#1575,.T.);
#1620 = ORIENTED_EDGE('',*,*,#1545,.T.);
#1621 = ORIENTED_EDGE('',*,*,#1597,.F.);
#1622 = PLANE('',#1623);
#1623 = AXIS2_PLACEMENT_3D('',#1624,#1625,#1626);
#1624 = CARTESIAN_POINT('',(0.,0.,62.));
#1625 = DIRECTION('',(0.,0.,1.));
#1626 = DIRECTION('',(1.,0.,-0.));
#1627 = ADVANCED_FACE('',(#1628),#1634,.T.);
#1628 = FACE_BOUND('',#1629,.T.);
#1629 = EDGE_LOOP('',(#1630,#1631,#1632,#1633));
#1630 = ORIENTED_EDGE('',*,*,#1521,.F.);
#1631 = ORIENTED_EDGE('',*,*,#1582,.T.);
#1632 = ORIENTED_EDGE('',*,*,#1561,.T.);
#1633 = ORIENTED_EDGE('',*,*,#1604,.F.);
#1634 = PLANE('',#1635);
#1635 = AXIS2_PLACEMENT_3D('',#1636,#1637,#1638);
#1636 = CARTESIAN_POINT('',(0.,0.,63.6));
#1637 = DIRECTION('',(0.,0.,1.));
#1638 = DIRECTION('',(1.,0.,-0.));
#1639 = ( GEOMETRIC_REPRESENTATION_CONTEXT(3) 
GLOBAL_UNCERTAINTY_ASSIGNED_CONTEXT((#1643)) 
GLOBAL_UNIT_ASSIGNED_CONTEXT((#1640,#1641,#1642)) REPRESENTATION_CONTEXT
('Context #1','3D Context with UNIT and UNCERTAINTY') );
#1640 = ( LENGTH_UNIT() NAMED_UNIT(*) SI_UNIT(.MILLI.,.METRE.) );
#1641 = ( NAMED_UNIT(*) PLANE_ANGLE_UNIT() SI_UNIT($,.RADIAN.) );
#1642 = ( NAMED_UNIT(*) SI_UNIT($,.STERADIAN.) SOLID_ANGLE_UNIT() );
#1643 = UNCERTAINTY_MEASURE_WITH_UNIT(LENGTH_MEASURE(1.E-07),#1640,
  'distance_accuracy_value','confusion accuracy');
#1644 = CONTEXT_DEPENDENT_SHAPE_REPRESENTATION(#1645,#1647);
#1645 = ( REPRESENTATION_RELATIONSHIP('','',#1488,#10) 
REPRESENTATION_RELATIONSHIP_WITH_TRANSFORMATION(#1646) 
SHAPE_REPRESENTATION_RELATIONSHIP() );
#1646 = ITEM_DEFINED_TRANSFORMATION('','',#11,#47);
#1647 = PRODUCT_DEFINITION_SHAPE('Placement','Placement of an item',
  #1648);
#1648 = NEXT_ASSEMBLY_USAGE_OCCURRENCE('42','LOGIC_CARRIER_PLACEHOLDER',
  '',#5,#1483,$);
#1649 = PRODUCT_RELATED_PRODUCT_CATEGORY('part',$,(#1485));
#1650 = SHAPE_DEFINITION_REPRESENTATION(#1651,#1657);
#1651 = PRODUCT_DEFINITION_SHAPE('','',#1652);
#1652 = PRODUCT_DEFINITION('design','',#1653,#1656);
#1653 = PRODUCT_DEFINITION_FORMATION('','',#1654);
#1654 = PRODUCT('ESP_SOCKET_ENVELOPE','ESP_SOCKET_ENVELOPE','',(#1655));
#1655 = PRODUCT_CONTEXT('',#2,'mechanical');
#1656 = PRODUCT_DEFINITION_CONTEXT('part definition',#2,'design');
#1657 = ADVANCED_BREP_SHAPE_REPRESENTATION('',(#11,#1658),#1808);
#1658 = MANIFOLD_SOLID_BREP('',#1659);
#1659 = CLOSED_SHELL('',(#1660,#1700,#1740,#1762,#1784,#1796));
#1660 = ADVANCED_FACE('',(#1661),#1695,.F.);
#1661 = FACE_BOUND('',#1662,.F.);
#1662 = EDGE_LOOP('',(#1663,#1673,#1681,#1689));
#1663 = ORIENTED_EDGE('',*,*,#1664,.F.);
#1664 = EDGE_CURVE('',#1665,#1667,#1669,.T.);
#1665 = VERTEX_POINT('',#1666);
#1666 = CARTESIAN_POINT('',(3.,53.,64.));
#1667 = VERTEX_POINT('',#1668);
#1668 = CARTESIAN_POINT('',(3.,53.,69.));
#1669 = LINE('',#1670,#1671);
#1670 = CARTESIAN_POINT('',(3.,53.,64.));
#1671 = VECTOR('',#1672,1.);
#1672 = DIRECTION('',(0.,0.,1.));
#1673 = ORIENTED_EDGE('',*,*,#1674,.T.);
#1674 = EDGE_CURVE('',#1665,#1675,#1677,.T.);
#1675 = VERTEX_POINT('',#1676);
#1676 = CARTESIAN_POINT('',(3.,115.,64.));
#1677 = LINE('',#1678,#1679);
#1678 = CARTESIAN_POINT('',(3.,53.,64.));
#1679 = VECTOR('',#1680,1.);
#1680 = DIRECTION('',(-0.,1.,0.));
#1681 = ORIENTED_EDGE('',*,*,#1682,.T.);
#1682 = EDGE_CURVE('',#1675,#1683,#1685,.T.);
#1683 = VERTEX_POINT('',#1684);
#1684 = CARTESIAN_POINT('',(3.,115.,69.));
#1685 = LINE('',#1686,#1687);
#1686 = CARTESIAN_POINT('',(3.,115.,64.));
#1687 = VECTOR('',#1688,1.);
#1688 = DIRECTION('',(0.,0.,1.));
#1689 = ORIENTED_EDGE('',*,*,#1690,.F.);
#1690 = EDGE_CURVE('',#1667,#1683,#1691,.T.);
#1691 = LINE('',#1692,#1693);
#1692 = CARTESIAN_POINT('',(3.,53.,69.));
#1693 = VECTOR('',#1694,1.);
#1694 = DIRECTION('',(-0.,1.,0.));
#1695 = PLANE('',#1696);
#1696 = AXIS2_PLACEMENT_3D('',#1697,#1698,#1699);
#1697 = CARTESIAN_POINT('',(3.,53.,64.));
#1698 = DIRECTION('',(1.,0.,-0.));
#1699 = DIRECTION('',(0.,0.,1.));
#1700 = ADVANCED_FACE('',(#1701),#1735,.T.);
#1701 = FACE_BOUND('',#1702,.T.);
#1702 = EDGE_LOOP('',(#1703,#1713,#1721,#1729));
#1703 = ORIENTED_EDGE('',*,*,#1704,.F.);
#1704 = EDGE_CURVE('',#1705,#1707,#1709,.T.);
#1705 = VERTEX_POINT('',#1706);
#1706 = CARTESIAN_POINT('',(32.,53.,64.));
#1707 = VERTEX_POINT('',#1708);
#1708 = CARTESIAN_POINT('',(32.,53.,69.));
#1709 = LINE('',#1710,#1711);
#1710 = CARTESIAN_POINT('',(32.,53.,64.));
#1711 = VECTOR('',#1712,1.);
#1712 = DIRECTION('',(0.,0.,1.));
#1713 = ORIENTED_EDGE('',*,*,#1714,.T.);
#1714 = EDGE_CURVE('',#1705,#1715,#1717,.T.);
#1715 = VERTEX_POINT('',#1716);
#1716 = CARTESIAN_POINT('',(32.,115.,64.));
#1717 = LINE('',#1718,#1719);
#1718 = CARTESIAN_POINT('',(32.,53.,64.));
#1719 = VECTOR('',#1720,1.);
#1720 = DIRECTION('',(-0.,1.,0.));
#1721 = ORIENTED_EDGE('',*,*,#1722,.T.);
#1722 = EDGE_CURVE('',#1715,#1723,#1725,.T.);
#1723 = VERTEX_POINT('',#1724);
#1724 = CARTESIAN_POINT('',(32.,115.,69.));
#1725 = LINE('',#1726,#1727);
#1726 = CARTESIAN_POINT('',(32.,115.,64.));
#1727 = VECTOR('',#1728,1.);
#1728 = DIRECTION('',(0.,0.,1.));
#1729 = ORIENTED_EDGE('',*,*,#1730,.F.);
#1730 = EDGE_CURVE('',#1707,#1723,#1731,.T.);
#1731 = LINE('',#1732,#1733);
#1732 = CARTESIAN_POINT('',(32.,53.,69.));
#1733 = VECTOR('',#1734,1.);
#1734 = DIRECTION('',(-0.,1.,0.));
#1735 = PLANE('',#1736);
#1736 = AXIS2_PLACEMENT_3D('',#1737,#1738,#1739);
#1737 = CARTESIAN_POINT('',(32.,53.,64.));
#1738 = DIRECTION('',(1.,0.,-0.));
#1739 = DIRECTION('',(0.,0.,1.));
#1740 = ADVANCED_FACE('',(#1741),#1757,.F.);
#1741 = FACE_BOUND('',#1742,.F.);
#1742 = EDGE_LOOP('',(#1743,#1749,#1750,#1756));
#1743 = ORIENTED_EDGE('',*,*,#1744,.F.);
#1744 = EDGE_CURVE('',#1665,#1705,#1745,.T.);
#1745 = LINE('',#1746,#1747);
#1746 = CARTESIAN_POINT('',(3.,53.,64.));
#1747 = VECTOR('',#1748,1.);
#1748 = DIRECTION('',(1.,0.,-0.));
#1749 = ORIENTED_EDGE('',*,*,#1664,.T.);
#1750 = ORIENTED_EDGE('',*,*,#1751,.T.);
#1751 = EDGE_CURVE('',#1667,#1707,#1752,.T.);
#1752 = LINE('',#1753,#1754);
#1753 = CARTESIAN_POINT('',(3.,53.,69.));
#1754 = VECTOR('',#1755,1.);
#1755 = DIRECTION('',(1.,0.,-0.));
#1756 = ORIENTED_EDGE('',*,*,#1704,.F.);
#1757 = PLANE('',#1758);
#1758 = AXIS2_PLACEMENT_3D('',#1759,#1760,#1761);
#1759 = CARTESIAN_POINT('',(3.,53.,64.));
#1760 = DIRECTION('',(-0.,1.,0.));
#1761 = DIRECTION('',(0.,0.,1.));
#1762 = ADVANCED_FACE('',(#1763),#1779,.T.);
#1763 = FACE_BOUND('',#1764,.T.);
#1764 = EDGE_LOOP('',(#1765,#1771,#1772,#1778));
#1765 = ORIENTED_EDGE('',*,*,#1766,.F.);
#1766 = EDGE_CURVE('',#1675,#1715,#1767,.T.);
#1767 = LINE('',#1768,#1769);
#1768 = CARTESIAN_POINT('',(3.,115.,64.));
#1769 = VECTOR('',#1770,1.);
#1770 = DIRECTION('',(1.,0.,-0.));
#1771 = ORIENTED_EDGE('',*,*,#1682,.T.);
#1772 = ORIENTED_EDGE('',*,*,#1773,.T.);
#1773 = EDGE_CURVE('',#1683,#1723,#1774,.T.);
#1774 = LINE('',#1775,#1776);
#1775 = CARTESIAN_POINT('',(3.,115.,69.));
#1776 = VECTOR('',#1777,1.);
#1777 = DIRECTION('',(1.,0.,-0.));
#1778 = ORIENTED_EDGE('',*,*,#1722,.F.);
#1779 = PLANE('',#1780);
#1780 = AXIS2_PLACEMENT_3D('',#1781,#1782,#1783);
#1781 = CARTESIAN_POINT('',(3.,115.,64.));
#1782 = DIRECTION('',(-0.,1.,0.));
#1783 = DIRECTION('',(0.,0.,1.));
#1784 = ADVANCED_FACE('',(#1785),#1791,.F.);
#1785 = FACE_BOUND('',#1786,.F.);
#1786 = EDGE_LOOP('',(#1787,#1788,#1789,#1790));
#1787 = ORIENTED_EDGE('',*,*,#1674,.F.);
#1788 = ORIENTED_EDGE('',*,*,#1744,.T.);
#1789 = ORIENTED_EDGE('',*,*,#1714,.T.);
#1790 = ORIENTED_EDGE('',*,*,#1766,.F.);
#1791 = PLANE('',#1792);
#1792 = AXIS2_PLACEMENT_3D('',#1793,#1794,#1795);
#1793 = CARTESIAN_POINT('',(3.,53.,64.));
#1794 = DIRECTION('',(0.,0.,1.));
#1795 = DIRECTION('',(1.,0.,-0.));
#1796 = ADVANCED_FACE('',(#1797),#1803,.T.);
#1797 = FACE_BOUND('',#1798,.T.);
#1798 = EDGE_LOOP('',(#1799,#1800,#1801,#1802));
#1799 = ORIENTED_EDGE('',*,*,#1690,.F.);
#1800 = ORIENTED_EDGE('',*,*,#1751,.T.);
#1801 = ORIENTED_EDGE('',*,*,#1730,.T.);
#1802 = ORIENTED_EDGE('',*,*,#1773,.F.);
#1803 = PLANE('',#1804);
#1804 = AXIS2_PLACEMENT_3D('',#1805,#1806,#1807);
#1805 = CARTESIAN_POINT('',(3.,53.,69.));
#1806 = DIRECTION('',(0.,0.,1.));
#1807 = DIRECTION('',(1.,0.,-0.));
#1808 = ( GEOMETRIC_REPRESENTATION_CONTEXT(3) 
GLOBAL_UNCERTAINTY_ASSIGNED_CONTEXT((#1812)) 
GLOBAL_UNIT_ASSIGNED_CONTEXT((#1809,#1810,#1811)) REPRESENTATION_CONTEXT
('Context #1','3D Context with UNIT and UNCERTAINTY') );
#1809 = ( LENGTH_UNIT() NAMED_UNIT(*) SI_UNIT(.MILLI.,.METRE.) );
#1810 = ( NAMED_UNIT(*) PLANE_ANGLE_UNIT() SI_UNIT($,.RADIAN.) );
#1811 = ( NAMED_UNIT(*) SI_UNIT($,.STERADIAN.) SOLID_ANGLE_UNIT() );
#1812 = UNCERTAINTY_MEASURE_WITH_UNIT(LENGTH_MEASURE(1.E-07),#1809,
  'distance_accuracy_value','confusion accuracy');
#1813 = CONTEXT_DEPENDENT_SHAPE_REPRESENTATION(#1814,#1816);
#1814 = ( REPRESENTATION_RELATIONSHIP('','',#1657,#10) 
REPRESENTATION_RELATIONSHIP_WITH_TRANSFORMATION(#1815) 
SHAPE_REPRESENTATION_RELATIONSHIP() );
#1815 = ITEM_DEFINED_TRANSFORMATION('','',#11,#51);
#1816 = PRODUCT_DEFINITION_SHAPE('Placement','Placement of an item',
  #1817);
#1817 = NEXT_ASSEMBLY_USAGE_OCCURRENCE('43','ESP_SOCKET_ENVELOPE','',#5,
  #1652,$);
#1818 = PRODUCT_RELATED_PRODUCT_CATEGORY('part',$,(#1654));
#1819 = SHAPE_DEFINITION_REPRESENTATION(#1820,#1826);
#1820 = PRODUCT_DEFINITION_SHAPE('','',#1821);
#1821 = PRODUCT_DEFINITION('design','',#1822,#1825);
#1822 = PRODUCT_DEFINITION_FORMATION('','',#1823);
#1823 = PRODUCT('ESP_YD_NOMINAL_BOARD','ESP_YD_NOMINAL_BOARD','',(#1824)
  );
#1824 = PRODUCT_CONTEXT('',#2,'mechanical');
#1825 = PRODUCT_DEFINITION_CONTEXT('part definition',#2,'design');
#1826 = ADVANCED_BREP_SHAPE_REPRESENTATION('',(#11,#1827),#1977);
#1827 = MANIFOLD_SOLID_BREP('',#1828);
#1828 = CLOSED_SHELL('',(#1829,#1869,#1909,#1931,#1953,#1965));
#1829 = ADVANCED_FACE('',(#1830),#1864,.F.);
#1830 = FACE_BOUND('',#1831,.F.);
#1831 = EDGE_LOOP('',(#1832,#1842,#1850,#1858));
#1832 = ORIENTED_EDGE('',*,*,#1833,.F.);
#1833 = EDGE_CURVE('',#1834,#1836,#1838,.T.);
#1834 = VERTEX_POINT('',#1835);
#1835 = CARTESIAN_POINT('',(3.,56.5,69.));
#1836 = VERTEX_POINT('',#1837);
#1837 = CARTESIAN_POINT('',(3.,56.5,70.6));
#1838 = LINE('',#1839,#1840);
#1839 = CARTESIAN_POINT('',(3.,56.5,69.));
#1840 = VECTOR('',#1841,1.);
#1841 = DIRECTION('',(0.,0.,1.));
#1842 = ORIENTED_EDGE('',*,*,#1843,.T.);
#1843 = EDGE_CURVE('',#1834,#1844,#1846,.T.);
#1844 = VERTEX_POINT('',#1845);
#1845 = CARTESIAN_POINT('',(3.,120.,69.));
#1846 = LINE('',#1847,#1848);
#1847 = CARTESIAN_POINT('',(3.,56.5,69.));
#1848 = VECTOR('',#1849,1.);
#1849 = DIRECTION('',(-0.,1.,0.));
#1850 = ORIENTED_EDGE('',*,*,#1851,.T.);
#1851 = EDGE_CURVE('',#1844,#1852,#1854,.T.);
#1852 = VERTEX_POINT('',#1853);
#1853 = CARTESIAN_POINT('',(3.,120.,70.6));
#1854 = LINE('',#1855,#1856);
#1855 = CARTESIAN_POINT('',(3.,120.,69.));
#1856 = VECTOR('',#1857,1.);
#1857 = DIRECTION('',(0.,0.,1.));
#1858 = ORIENTED_EDGE('',*,*,#1859,.F.);
#1859 = EDGE_CURVE('',#1836,#1852,#1860,.T.);
#1860 = LINE('',#1861,#1862);
#1861 = CARTESIAN_POINT('',(3.,56.5,70.6));
#1862 = VECTOR('',#1863,1.);
#1863 = DIRECTION('',(-0.,1.,0.));
#1864 = PLANE('',#1865);
#1865 = AXIS2_PLACEMENT_3D('',#1866,#1867,#1868);
#1866 = CARTESIAN_POINT('',(3.,56.5,69.));
#1867 = DIRECTION('',(1.,0.,-0.));
#1868 = DIRECTION('',(0.,0.,1.));
#1869 = ADVANCED_FACE('',(#1870),#1904,.T.);
#1870 = FACE_BOUND('',#1871,.T.);
#1871 = EDGE_LOOP('',(#1872,#1882,#1890,#1898));
#1872 = ORIENTED_EDGE('',*,*,#1873,.F.);
#1873 = EDGE_CURVE('',#1874,#1876,#1878,.T.);
#1874 = VERTEX_POINT('',#1875);
#1875 = CARTESIAN_POINT('',(30.94,56.5,69.));
#1876 = VERTEX_POINT('',#1877);
#1877 = CARTESIAN_POINT('',(30.94,56.5,70.6));
#1878 = LINE('',#1879,#1880);
#1879 = CARTESIAN_POINT('',(30.94,56.5,69.));
#1880 = VECTOR('',#1881,1.);
#1881 = DIRECTION('',(0.,0.,1.));
#1882 = ORIENTED_EDGE('',*,*,#1883,.T.);
#1883 = EDGE_CURVE('',#1874,#1884,#1886,.T.);
#1884 = VERTEX_POINT('',#1885);
#1885 = CARTESIAN_POINT('',(30.94,120.,69.));
#1886 = LINE('',#1887,#1888);
#1887 = CARTESIAN_POINT('',(30.94,56.5,69.));
#1888 = VECTOR('',#1889,1.);
#1889 = DIRECTION('',(-0.,1.,0.));
#1890 = ORIENTED_EDGE('',*,*,#1891,.T.);
#1891 = EDGE_CURVE('',#1884,#1892,#1894,.T.);
#1892 = VERTEX_POINT('',#1893);
#1893 = CARTESIAN_POINT('',(30.94,120.,70.6));
#1894 = LINE('',#1895,#1896);
#1895 = CARTESIAN_POINT('',(30.94,120.,69.));
#1896 = VECTOR('',#1897,1.);
#1897 = DIRECTION('',(0.,0.,1.));
#1898 = ORIENTED_EDGE('',*,*,#1899,.F.);
#1899 = EDGE_CURVE('',#1876,#1892,#1900,.T.);
#1900 = LINE('',#1901,#1902);
#1901 = CARTESIAN_POINT('',(30.94,56.5,70.6));
#1902 = VECTOR('',#1903,1.);
#1903 = DIRECTION('',(-0.,1.,0.));
#1904 = PLANE('',#1905);
#1905 = AXIS2_PLACEMENT_3D('',#1906,#1907,#1908);
#1906 = CARTESIAN_POINT('',(30.94,56.5,69.));
#1907 = DIRECTION('',(1.,0.,-0.));
#1908 = DIRECTION('',(0.,0.,1.));
#1909 = ADVANCED_FACE('',(#1910),#1926,.F.);
#1910 = FACE_BOUND('',#1911,.F.);
#1911 = EDGE_LOOP('',(#1912,#1918,#1919,#1925));
#1912 = ORIENTED_EDGE('',*,*,#1913,.F.);
#1913 = EDGE_CURVE('',#1834,#1874,#1914,.T.);
#1914 = LINE('',#1915,#1916);
#1915 = CARTESIAN_POINT('',(3.,56.5,69.));
#1916 = VECTOR('',#1917,1.);
#1917 = DIRECTION('',(1.,0.,-0.));
#1918 = ORIENTED_EDGE('',*,*,#1833,.T.);
#1919 = ORIENTED_EDGE('',*,*,#1920,.T.);
#1920 = EDGE_CURVE('',#1836,#1876,#1921,.T.);
#1921 = LINE('',#1922,#1923);
#1922 = CARTESIAN_POINT('',(3.,56.5,70.6));
#1923 = VECTOR('',#1924,1.);
#1924 = DIRECTION('',(1.,0.,-0.));
#1925 = ORIENTED_EDGE('',*,*,#1873,.F.);
#1926 = PLANE('',#1927);
#1927 = AXIS2_PLACEMENT_3D('',#1928,#1929,#1930);
#1928 = CARTESIAN_POINT('',(3.,56.5,69.));
#1929 = DIRECTION('',(-0.,1.,0.));
#1930 = DIRECTION('',(0.,0.,1.));
#1931 = ADVANCED_FACE('',(#1932),#1948,.T.);
#1932 = FACE_BOUND('',#1933,.T.);
#1933 = EDGE_LOOP('',(#1934,#1940,#1941,#1947));
#1934 = ORIENTED_EDGE('',*,*,#1935,.F.);
#1935 = EDGE_CURVE('',#1844,#1884,#1936,.T.);
#1936 = LINE('',#1937,#1938);
#1937 = CARTESIAN_POINT('',(3.,120.,69.));
#1938 = VECTOR('',#1939,1.);
#1939 = DIRECTION('',(1.,0.,-0.));
#1940 = ORIENTED_EDGE('',*,*,#1851,.T.);
#1941 = ORIENTED_EDGE('',*,*,#1942,.T.);
#1942 = EDGE_CURVE('',#1852,#1892,#1943,.T.);
#1943 = LINE('',#1944,#1945);
#1944 = CARTESIAN_POINT('',(3.,120.,70.6));
#1945 = VECTOR('',#1946,1.);
#1946 = DIRECTION('',(1.,0.,-0.));
#1947 = ORIENTED_EDGE('',*,*,#1891,.F.);
#1948 = PLANE('',#1949);
#1949 = AXIS2_PLACEMENT_3D('',#1950,#1951,#1952);
#1950 = CARTESIAN_POINT('',(3.,120.,69.));
#1951 = DIRECTION('',(-0.,1.,0.));
#1952 = DIRECTION('',(0.,0.,1.));
#1953 = ADVANCED_FACE('',(#1954),#1960,.F.);
#1954 = FACE_BOUND('',#1955,.F.);
#1955 = EDGE_LOOP('',(#1956,#1957,#1958,#1959));
#1956 = ORIENTED_EDGE('',*,*,#1843,.F.);
#1957 = ORIENTED_EDGE('',*,*,#1913,.T.);
#1958 = ORIENTED_EDGE('',*,*,#1883,.T.);
#1959 = ORIENTED_EDGE('',*,*,#1935,.F.);
#1960 = PLANE('',#1961);
#1961 = AXIS2_PLACEMENT_3D('',#1962,#1963,#1964);
#1962 = CARTESIAN_POINT('',(3.,56.5,69.));
#1963 = DIRECTION('',(0.,0.,1.));
#1964 = DIRECTION('',(1.,0.,-0.));
#1965 = ADVANCED_FACE('',(#1966),#1972,.T.);
#1966 = FACE_BOUND('',#1967,.T.);
#1967 = EDGE_LOOP('',(#1968,#1969,#1970,#1971));
#1968 = ORIENTED_EDGE('',*,*,#1859,.F.);
#1969 = ORIENTED_EDGE('',*,*,#1920,.T.);
#1970 = ORIENTED_EDGE('',*,*,#1899,.T.);
#1971 = ORIENTED_EDGE('',*,*,#1942,.F.);
#1972 = PLANE('',#1973);
#1973 = AXIS2_PLACEMENT_3D('',#1974,#1975,#1976);
#1974 = CARTESIAN_POINT('',(3.,56.5,70.6));
#1975 = DIRECTION('',(0.,0.,1.));
#1976 = DIRECTION('',(1.,0.,-0.));
#1977 = ( GEOMETRIC_REPRESENTATION_CONTEXT(3) 
GLOBAL_UNCERTAINTY_ASSIGNED_CONTEXT((#1981)) 
GLOBAL_UNIT_ASSIGNED_CONTEXT((#1978,#1979,#1980)) REPRESENTATION_CONTEXT
('Context #1','3D Context with UNIT and UNCERTAINTY') );
#1978 = ( LENGTH_UNIT() NAMED_UNIT(*) SI_UNIT(.MILLI.,.METRE.) );
#1979 = ( NAMED_UNIT(*) PLANE_ANGLE_UNIT() SI_UNIT($,.RADIAN.) );
#1980 = ( NAMED_UNIT(*) SI_UNIT($,.STERADIAN.) SOLID_ANGLE_UNIT() );
#1981 = UNCERTAINTY_MEASURE_WITH_UNIT(LENGTH_MEASURE(1.E-07),#1978,
  'distance_accuracy_value','confusion accuracy');
#1982 = CONTEXT_DEPENDENT_SHAPE_REPRESENTATION(#1983,#1985);
#1983 = ( REPRESENTATION_RELATIONSHIP('','',#1826,#10) 
REPRESENTATION_RELATIONSHIP_WITH_TRANSFORMATION(#1984) 
SHAPE_REPRESENTATION_RELATIONSHIP() );
#1984 = ITEM_DEFINED_TRANSFORMATION('','',#11,#55);
#1985 = PRODUCT_DEFINITION_SHAPE('Placement','Placement of an item',
  #1986);
#1986 = NEXT_ASSEMBLY_USAGE_OCCURRENCE('44','ESP_YD_NOMINAL_BOARD','',#5
  ,#1821,$);
#1987 = PRODUCT_RELATED_PRODUCT_CATEGORY('part',$,(#1823));
#1988 = SHAPE_DEFINITION_REPRESENTATION(#1989,#1995);
#1989 = PRODUCT_DEFINITION_SHAPE('','',#1990);
#1990 = PRODUCT_DEFINITION('design','',#1991,#1994);
#1991 = PRODUCT_DEFINITION_FORMATION('','',#1992);
#1992 = PRODUCT('ESP_MODULE_SHIELD_PLACEHOLDER',
  'ESP_MODULE_SHIELD_PLACEHOLDER','',(#1993));
#1993 = PRODUCT_CONTEXT('',#2,'mechanical');
#1994 = PRODUCT_DEFINITION_CONTEXT('part definition',#2,'design');
#1995 = ADVANCED_BREP_SHAPE_REPRESENTATION('',(#11,#1996),#2146);
#1996 = MANIFOLD_SOLID_BREP('',#1997);
#1997 = CLOSED_SHELL('',(#1998,#2038,#2078,#2100,#2122,#2134));
#1998 = ADVANCED_FACE('',(#1999),#2033,.F.);
#1999 = FACE_BOUND('',#2000,.F.);
#2000 = EDGE_LOOP('',(#2001,#2011,#2019,#2027));
#2001 = ORIENTED_EDGE('',*,*,#2002,.F.);
#2002 = EDGE_CURVE('',#2003,#2005,#2007,.T.);
#2003 = VERTEX_POINT('',#2004);
#2004 = CARTESIAN_POINT('',(6.,88.,70.6));
#2005 = VERTEX_POINT('',#2006);
#2006 = CARTESIAN_POINT('',(6.,88.,73.6));
#2007 = LINE('',#2008,#2009);
#2008 = CARTESIAN_POINT('',(6.,88.,70.6));
#2009 = VECTOR('',#2010,1.);
#2010 = DIRECTION('',(0.,0.,1.));
#2011 = ORIENTED_EDGE('',*,*,#2012,.T.);
#2012 = EDGE_CURVE('',#2003,#2013,#2015,.T.);
#2013 = VERTEX_POINT('',#2014);
#2014 = CARTESIAN_POINT('',(6.,111.,70.6));
#2015 = LINE('',#2016,#2017);
#2016 = CARTESIAN_POINT('',(6.,88.,70.6));
#2017 = VECTOR('',#2018,1.);
#2018 = DIRECTION('',(-0.,1.,0.));
#2019 = ORIENTED_EDGE('',*,*,#2020,.T.);
#2020 = EDGE_CURVE('',#2013,#2021,#2023,.T.);
#2021 = VERTEX_POINT('',#2022);
#2022 = CARTESIAN_POINT('',(6.,111.,73.6));
#2023 = LINE('',#2024,#2025);
#2024 = CARTESIAN_POINT('',(6.,111.,70.6));
#2025 = VECTOR('',#2026,1.);
#2026 = DIRECTION('',(0.,0.,1.));
#2027 = ORIENTED_EDGE('',*,*,#2028,.F.);
#2028 = EDGE_CURVE('',#2005,#2021,#2029,.T.);
#2029 = LINE('',#2030,#2031);
#2030 = CARTESIAN_POINT('',(6.,88.,73.6));
#2031 = VECTOR('',#2032,1.);
#2032 = DIRECTION('',(-0.,1.,0.));
#2033 = PLANE('',#2034);
#2034 = AXIS2_PLACEMENT_3D('',#2035,#2036,#2037);
#2035 = CARTESIAN_POINT('',(6.,88.,70.6));
#2036 = DIRECTION('',(1.,0.,-0.));
#2037 = DIRECTION('',(0.,0.,1.));
#2038 = ADVANCED_FACE('',(#2039),#2073,.T.);
#2039 = FACE_BOUND('',#2040,.T.);
#2040 = EDGE_LOOP('',(#2041,#2051,#2059,#2067));
#2041 = ORIENTED_EDGE('',*,*,#2042,.F.);
#2042 = EDGE_CURVE('',#2043,#2045,#2047,.T.);
#2043 = VERTEX_POINT('',#2044);
#2044 = CARTESIAN_POINT('',(28.,88.,70.6));
#2045 = VERTEX_POINT('',#2046);
#2046 = CARTESIAN_POINT('',(28.,88.,73.6));
#2047 = LINE('',#2048,#2049);
#2048 = CARTESIAN_POINT('',(28.,88.,70.6));
#2049 = VECTOR('',#2050,1.);
#2050 = DIRECTION('',(0.,0.,1.));
#2051 = ORIENTED_EDGE('',*,*,#2052,.T.);
#2052 = EDGE_CURVE('',#2043,#2053,#2055,.T.);
#2053 = VERTEX_POINT('',#2054);
#2054 = CARTESIAN_POINT('',(28.,111.,70.6));
#2055 = LINE('',#2056,#2057);
#2056 = CARTESIAN_POINT('',(28.,88.,70.6));
#2057 = VECTOR('',#2058,1.);
#2058 = DIRECTION('',(-0.,1.,0.));
#2059 = ORIENTED_EDGE('',*,*,#2060,.T.);
#2060 = EDGE_CURVE('',#2053,#2061,#2063,.T.);
#2061 = VERTEX_POINT('',#2062);
#2062 = CARTESIAN_POINT('',(28.,111.,73.6));
#2063 = LINE('',#2064,#2065);
#2064 = CARTESIAN_POINT('',(28.,111.,70.6));
#2065 = VECTOR('',#2066,1.);
#2066 = DIRECTION('',(0.,0.,1.));
#2067 = ORIENTED_EDGE('',*,*,#2068,.F.);
#2068 = EDGE_CURVE('',#2045,#2061,#2069,.T.);
#2069 = LINE('',#2070,#2071);
#2070 = CARTESIAN_POINT('',(28.,88.,73.6));
#2071 = VECTOR('',#2072,1.);
#2072 = DIRECTION('',(-0.,1.,0.));
#2073 = PLANE('',#2074);
#2074 = AXIS2_PLACEMENT_3D('',#2075,#2076,#2077);
#2075 = CARTESIAN_POINT('',(28.,88.,70.6));
#2076 = DIRECTION('',(1.,0.,-0.));
#2077 = DIRECTION('',(0.,0.,1.));
#2078 = ADVANCED_FACE('',(#2079),#2095,.F.);
#2079 = FACE_BOUND('',#2080,.F.);
#2080 = EDGE_LOOP('',(#2081,#2087,#2088,#2094));
#2081 = ORIENTED_EDGE('',*,*,#2082,.F.);
#2082 = EDGE_CURVE('',#2003,#2043,#2083,.T.);
#2083 = LINE('',#2084,#2085);
#2084 = CARTESIAN_POINT('',(6.,88.,70.6));
#2085 = VECTOR('',#2086,1.);
#2086 = DIRECTION('',(1.,0.,-0.));
#2087 = ORIENTED_EDGE('',*,*,#2002,.T.);
#2088 = ORIENTED_EDGE('',*,*,#2089,.T.);
#2089 = EDGE_CURVE('',#2005,#2045,#2090,.T.);
#2090 = LINE('',#2091,#2092);
#2091 = CARTESIAN_POINT('',(6.,88.,73.6));
#2092 = VECTOR('',#2093,1.);
#2093 = DIRECTION('',(1.,0.,-0.));
#2094 = ORIENTED_EDGE('',*,*,#2042,.F.);
#2095 = PLANE('',#2096);
#2096 = AXIS2_PLACEMENT_3D('',#2097,#2098,#2099);
#2097 = CARTESIAN_POINT('',(6.,88.,70.6));
#2098 = DIRECTION('',(-0.,1.,0.));
#2099 = DIRECTION('',(0.,0.,1.));
#2100 = ADVANCED_FACE('',(#2101),#2117,.T.);
#2101 = FACE_BOUND('',#2102,.T.);
#2102 = EDGE_LOOP('',(#2103,#2109,#2110,#2116));
#2103 = ORIENTED_EDGE('',*,*,#2104,.F.);
#2104 = EDGE_CURVE('',#2013,#2053,#2105,.T.);
#2105 = LINE('',#2106,#2107);
#2106 = CARTESIAN_POINT('',(6.,111.,70.6));
#2107 = VECTOR('',#2108,1.);
#2108 = DIRECTION('',(1.,0.,-0.));
#2109 = ORIENTED_EDGE('',*,*,#2020,.T.);
#2110 = ORIENTED_EDGE('',*,*,#2111,.T.);
#2111 = EDGE_CURVE('',#2021,#2061,#2112,.T.);
#2112 = LINE('',#2113,#2114);
#2113 = CARTESIAN_POINT('',(6.,111.,73.6));
#2114 = VECTOR('',#2115,1.);
#2115 = DIRECTION('',(1.,0.,-0.));
#2116 = ORIENTED_EDGE('',*,*,#2060,.F.);
#2117 = PLANE('',#2118);
#2118 = AXIS2_PLACEMENT_3D('',#2119,#2120,#2121);
#2119 = CARTESIAN_POINT('',(6.,111.,70.6));
#2120 = DIRECTION('',(-0.,1.,0.));
#2121 = DIRECTION('',(0.,0.,1.));
#2122 = ADVANCED_FACE('',(#2123),#2129,.F.);
#2123 = FACE_BOUND('',#2124,.F.);
#2124 = EDGE_LOOP('',(#2125,#2126,#2127,#2128));
#2125 = ORIENTED_EDGE('',*,*,#2012,.F.);
#2126 = ORIENTED_EDGE('',*,*,#2082,.T.);
#2127 = ORIENTED_EDGE('',*,*,#2052,.T.);
#2128 = ORIENTED_EDGE('',*,*,#2104,.F.);
#2129 = PLANE('',#2130);
#2130 = AXIS2_PLACEMENT_3D('',#2131,#2132,#2133);
#2131 = CARTESIAN_POINT('',(6.,88.,70.6));
#2132 = DIRECTION('',(0.,0.,1.));
#2133 = DIRECTION('',(1.,0.,-0.));
#2134 = ADVANCED_FACE('',(#2135),#2141,.T.);
#2135 = FACE_BOUND('',#2136,.T.);
#2136 = EDGE_LOOP('',(#2137,#2138,#2139,#2140));
#2137 = ORIENTED_EDGE('',*,*,#2028,.F.);
#2138 = ORIENTED_EDGE('',*,*,#2089,.T.);
#2139 = ORIENTED_EDGE('',*,*,#2068,.T.);
#2140 = ORIENTED_EDGE('',*,*,#2111,.F.);
#2141 = PLANE('',#2142);
#2142 = AXIS2_PLACEMENT_3D('',#2143,#2144,#2145);
#2143 = CARTESIAN_POINT('',(6.,88.,73.6));
#2144 = DIRECTION('',(0.,0.,1.));
#2145 = DIRECTION('',(1.,0.,-0.));
#2146 = ( GEOMETRIC_REPRESENTATION_CONTEXT(3) 
GLOBAL_UNCERTAINTY_ASSIGNED_CONTEXT((#2150)) 
GLOBAL_UNIT_ASSIGNED_CONTEXT((#2147,#2148,#2149)) REPRESENTATION_CONTEXT
('Context #1','3D Context with UNIT and UNCERTAINTY') );
#2147 = ( LENGTH_UNIT() NAMED_UNIT(*) SI_UNIT(.MILLI.,.METRE.) );
#2148 = ( NAMED_UNIT(*) PLANE_ANGLE_UNIT() SI_UNIT($,.RADIAN.) );
#2149 = ( NAMED_UNIT(*) SI_UNIT($,.STERADIAN.) SOLID_ANGLE_UNIT() );
#2150 = UNCERTAINTY_MEASURE_WITH_UNIT(LENGTH_MEASURE(1.E-07),#2147,
  'distance_accuracy_value','confusion accuracy');
#2151 = CONTEXT_DEPENDENT_SHAPE_REPRESENTATION(#2152,#2154);
#2152 = ( REPRESENTATION_RELATIONSHIP('','',#1995,#10) 
REPRESENTATION_RELATIONSHIP_WITH_TRANSFORMATION(#2153) 
SHAPE_REPRESENTATION_RELATIONSHIP() );
#2153 = ITEM_DEFINED_TRANSFORMATION('','',#11,#59);
#2154 = PRODUCT_DEFINITION_SHAPE('Placement','Placement of an item',
  #2155);
#2155 = NEXT_ASSEMBLY_USAGE_OCCURRENCE('45',
  'ESP_MODULE_SHIELD_PLACEHOLDER','',#5,#1990,$);
#2156 = PRODUCT_RELATED_PRODUCT_CATEGORY('part',$,(#1992));
#2157 = SHAPE_DEFINITION_REPRESENTATION(#2158,#2164);
#2158 = PRODUCT_DEFINITION_SHAPE('','',#2159);
#2159 = PRODUCT_DEFINITION('design','',#2160,#2163);
#2160 = PRODUCT_DEFINITION_FORMATION('','',#2161);
#2161 = PRODUCT('ESP_ANTENNA_CLEAR_ALL_LAYERS',
  'ESP_ANTENNA_CLEAR_ALL_LAYERS','',(#2162));
#2162 = PRODUCT_CONTEXT('',#2,'mechanical');
#2163 = PRODUCT_DEFINITION_CONTEXT('part definition',#2,'design');
#2164 = ADVANCED_BREP_SHAPE_REPRESENTATION('',(#11,#2165),#2315);
#2165 = MANIFOLD_SOLID_BREP('',#2166);
#2166 = CLOSED_SHELL('',(#2167,#2207,#2247,#2269,#2291,#2303));
#2167 = ADVANCED_FACE('',(#2168),#2202,.F.);
#2168 = FACE_BOUND('',#2169,.F.);
#2169 = EDGE_LOOP('',(#2170,#2180,#2188,#2196));
#2170 = ORIENTED_EDGE('',*,*,#2171,.F.);
#2171 = EDGE_CURVE('',#2172,#2174,#2176,.T.);
#2172 = VERTEX_POINT('',#2173);
#2173 = CARTESIAN_POINT('',(3.,114.,70.6));
#2174 = VERTEX_POINT('',#2175);
#2175 = CARTESIAN_POINT('',(3.,114.,71.6));
#2176 = LINE('',#2177,#2178);
#2177 = CARTESIAN_POINT('',(3.,114.,70.6));
#2178 = VECTOR('',#2179,1.);
#2179 = DIRECTION('',(0.,0.,1.));
#2180 = ORIENTED_EDGE('',*,*,#2181,.T.);
#2181 = EDGE_CURVE('',#2172,#2182,#2184,.T.);
#2182 = VERTEX_POINT('',#2183);
#2183 = CARTESIAN_POINT('',(3.,120.,70.6));
#2184 = LINE('',#2185,#2186);
#2185 = CARTESIAN_POINT('',(3.,114.,70.6));
#2186 = VECTOR('',#2187,1.);
#2187 = DIRECTION('',(-0.,1.,0.));
#2188 = ORIENTED_EDGE('',*,*,#2189,.T.);
#2189 = EDGE_CURVE('',#2182,#2190,#2192,.T.);
#2190 = VERTEX_POINT('',#2191);
#2191 = CARTESIAN_POINT('',(3.,120.,71.6));
#2192 = LINE('',#2193,#2194);
#2193 = CARTESIAN_POINT('',(3.,120.,70.6));
#2194 = VECTOR('',#2195,1.);
#2195 = DIRECTION('',(0.,0.,1.));
#2196 = ORIENTED_EDGE('',*,*,#2197,.F.);
#2197 = EDGE_CURVE('',#2174,#2190,#2198,.T.);
#2198 = LINE('',#2199,#2200);
#2199 = CARTESIAN_POINT('',(3.,114.,71.6));
#2200 = VECTOR('',#2201,1.);
#2201 = DIRECTION('',(-0.,1.,0.));
#2202 = PLANE('',#2203);
#2203 = AXIS2_PLACEMENT_3D('',#2204,#2205,#2206);
#2204 = CARTESIAN_POINT('',(3.,114.,70.6));
#2205 = DIRECTION('',(1.,0.,-0.));
#2206 = DIRECTION('',(0.,0.,1.));
#2207 = ADVANCED_FACE('',(#2208),#2242,.T.);
#2208 = FACE_BOUND('',#2209,.T.);
#2209 = EDGE_LOOP('',(#2210,#2220,#2228,#2236));
#2210 = ORIENTED_EDGE('',*,*,#2211,.F.);
#2211 = EDGE_CURVE('',#2212,#2214,#2216,.T.);
#2212 = VERTEX_POINT('',#2213);
#2213 = CARTESIAN_POINT('',(31.,114.,70.6));
#2214 = VERTEX_POINT('',#2215);
#2215 = CARTESIAN_POINT('',(31.,114.,71.6));
#2216 = LINE('',#2217,#2218);
#2217 = CARTESIAN_POINT('',(31.,114.,70.6));
#2218 = VECTOR('',#2219,1.);
#2219 = DIRECTION('',(0.,0.,1.));
#2220 = ORIENTED_EDGE('',*,*,#2221,.T.);
#2221 = EDGE_CURVE('',#2212,#2222,#2224,.T.);
#2222 = VERTEX_POINT('',#2223);
#2223 = CARTESIAN_POINT('',(31.,120.,70.6));
#2224 = LINE('',#2225,#2226);
#2225 = CARTESIAN_POINT('',(31.,114.,70.6));
#2226 = VECTOR('',#2227,1.);
#2227 = DIRECTION('',(-0.,1.,0.));
#2228 = ORIENTED_EDGE('',*,*,#2229,.T.);
#2229 = EDGE_CURVE('',#2222,#2230,#2232,.T.);
#2230 = VERTEX_POINT('',#2231);
#2231 = CARTESIAN_POINT('',(31.,120.,71.6));
#2232 = LINE('',#2233,#2234);
#2233 = CARTESIAN_POINT('',(31.,120.,70.6));
#2234 = VECTOR('',#2235,1.);
#2235 = DIRECTION('',(0.,0.,1.));
#2236 = ORIENTED_EDGE('',*,*,#2237,.F.);
#2237 = EDGE_CURVE('',#2214,#2230,#2238,.T.);
#2238 = LINE('',#2239,#2240);
#2239 = CARTESIAN_POINT('',(31.,114.,71.6));
#2240 = VECTOR('',#2241,1.);
#2241 = DIRECTION('',(-0.,1.,0.));
#2242 = PLANE('',#2243);
#2243 = AXIS2_PLACEMENT_3D('',#2244,#2245,#2246);
#2244 = CARTESIAN_POINT('',(31.,114.,70.6));
#2245 = DIRECTION('',(1.,0.,-0.));
#2246 = DIRECTION('',(0.,0.,1.));
#2247 = ADVANCED_FACE('',(#2248),#2264,.F.);
#2248 = FACE_BOUND('',#2249,.F.);
#2249 = EDGE_LOOP('',(#2250,#2256,#2257,#2263));
#2250 = ORIENTED_EDGE('',*,*,#2251,.F.);
#2251 = EDGE_CURVE('',#2172,#2212,#2252,.T.);
#2252 = LINE('',#2253,#2254);
#2253 = CARTESIAN_POINT('',(3.,114.,70.6));
#2254 = VECTOR('',#2255,1.);
#2255 = DIRECTION('',(1.,0.,-0.));
#2256 = ORIENTED_EDGE('',*,*,#2171,.T.);
#2257 = ORIENTED_EDGE('',*,*,#2258,.T.);
#2258 = EDGE_CURVE('',#2174,#2214,#2259,.T.);
#2259 = LINE('',#2260,#2261);
#2260 = CARTESIAN_POINT('',(3.,114.,71.6));
#2261 = VECTOR('',#2262,1.);
#2262 = DIRECTION('',(1.,0.,-0.));
#2263 = ORIENTED_EDGE('',*,*,#2211,.F.);
#2264 = PLANE('',#2265);
#2265 = AXIS2_PLACEMENT_3D('',#2266,#2267,#2268);
#2266 = CARTESIAN_POINT('',(3.,114.,70.6));
#2267 = DIRECTION('',(-0.,1.,0.));
#2268 = DIRECTION('',(0.,0.,1.));
#2269 = ADVANCED_FACE('',(#2270),#2286,.T.);
#2270 = FACE_BOUND('',#2271,.T.);
#2271 = EDGE_LOOP('',(#2272,#2278,#2279,#2285));
#2272 = ORIENTED_EDGE('',*,*,#2273,.F.);
#2273 = EDGE_CURVE('',#2182,#2222,#2274,.T.);
#2274 = LINE('',#2275,#2276);
#2275 = CARTESIAN_POINT('',(3.,120.,70.6));
#2276 = VECTOR('',#2277,1.);
#2277 = DIRECTION('',(1.,0.,-0.));
#2278 = ORIENTED_EDGE('',*,*,#2189,.T.);
#2279 = ORIENTED_EDGE('',*,*,#2280,.T.);
#2280 = EDGE_CURVE('',#2190,#2230,#2281,.T.);
#2281 = LINE('',#2282,#2283);
#2282 = CARTESIAN_POINT('',(3.,120.,71.6));
#2283 = VECTOR('',#2284,1.);
#2284 = DIRECTION('',(1.,0.,-0.));
#2285 = ORIENTED_EDGE('',*,*,#2229,.F.);
#2286 = PLANE('',#2287);
#2287 = AXIS2_PLACEMENT_3D('',#2288,#2289,#2290);
#2288 = CARTESIAN_POINT('',(3.,120.,70.6));
#2289 = DIRECTION('',(-0.,1.,0.));
#2290 = DIRECTION('',(0.,0.,1.));
#2291 = ADVANCED_FACE('',(#2292),#2298,.F.);
#2292 = FACE_BOUND('',#2293,.F.);
#2293 = EDGE_LOOP('',(#2294,#2295,#2296,#2297));
#2294 = ORIENTED_EDGE('',*,*,#2181,.F.);
#2295 = ORIENTED_EDGE('',*,*,#2251,.T.);
#2296 = ORIENTED_EDGE('',*,*,#2221,.T.);
#2297 = ORIENTED_EDGE('',*,*,#2273,.F.);
#2298 = PLANE('',#2299);
#2299 = AXIS2_PLACEMENT_3D('',#2300,#2301,#2302);
#2300 = CARTESIAN_POINT('',(3.,114.,70.6));
#2301 = DIRECTION('',(0.,0.,1.));
#2302 = DIRECTION('',(1.,0.,-0.));
#2303 = ADVANCED_FACE('',(#2304),#2310,.T.);
#2304 = FACE_BOUND('',#2305,.T.);
#2305 = EDGE_LOOP('',(#2306,#2307,#2308,#2309));
#2306 = ORIENTED_EDGE('',*,*,#2197,.F.);
#2307 = ORIENTED_EDGE('',*,*,#2258,.T.);
#2308 = ORIENTED_EDGE('',*,*,#2237,.T.);
#2309 = ORIENTED_EDGE('',*,*,#2280,.F.);
#2310 = PLANE('',#2311);
#2311 = AXIS2_PLACEMENT_3D('',#2312,#2313,#2314);
#2312 = CARTESIAN_POINT('',(3.,114.,71.6));
#2313 = DIRECTION('',(0.,0.,1.));
#2314 = DIRECTION('',(1.,0.,-0.));
#2315 = ( GEOMETRIC_REPRESENTATION_CONTEXT(3) 
GLOBAL_UNCERTAINTY_ASSIGNED_CONTEXT((#2319)) 
GLOBAL_UNIT_ASSIGNED_CONTEXT((#2316,#2317,#2318)) REPRESENTATION_CONTEXT
('Context #1','3D Context with UNIT and UNCERTAINTY') );
#2316 = ( LENGTH_UNIT() NAMED_UNIT(*) SI_UNIT(.MILLI.,.METRE.) );
#2317 = ( NAMED_UNIT(*) PLANE_ANGLE_UNIT() SI_UNIT($,.RADIAN.) );
#2318 = ( NAMED_UNIT(*) SI_UNIT($,.STERADIAN.) SOLID_ANGLE_UNIT() );
#2319 = UNCERTAINTY_MEASURE_WITH_UNIT(LENGTH_MEASURE(1.E-07),#2316,
  'distance_accuracy_value','confusion accuracy');
#2320 = CONTEXT_DEPENDENT_SHAPE_REPRESENTATION(#2321,#2323);
#2321 = ( REPRESENTATION_RELATIONSHIP('','',#2164,#10) 
REPRESENTATION_RELATIONSHIP_WITH_TRANSFORMATION(#2322) 
SHAPE_REPRESENTATION_RELATIONSHIP() );
#2322 = ITEM_DEFINED_TRANSFORMATION('','',#11,#63);
#2323 = PRODUCT_DEFINITION_SHAPE('Placement','Placement of an item',
  #2324);
#2324 = NEXT_ASSEMBLY_USAGE_OCCURRENCE('46',
  'ESP_ANTENNA_CLEAR_ALL_LAYERS','',#5,#2159,$);
#2325 = PRODUCT_RELATED_PRODUCT_CATEGORY('part',$,(#2161));
#2326 = SHAPE_DEFINITION_REPRESENTATION(#2327,#2333);
#2327 = PRODUCT_DEFINITION_SHAPE('','',#2328);
#2328 = PRODUCT_DEFINITION('design','',#2329,#2332);
#2329 = PRODUCT_DEFINITION_FORMATION('','',#2330);
#2330 = PRODUCT('ESP_USB_ACCESS_4','ESP_USB_ACCESS_4','',(#2331));
#2331 = PRODUCT_CONTEXT('',#2,'mechanical');
#2332 = PRODUCT_DEFINITION_CONTEXT('part definition',#2,'design');
#2333 = ADVANCED_BREP_SHAPE_REPRESENTATION('',(#11,#2334),#2484);
#2334 = MANIFOLD_SOLID_BREP('',#2335);
#2335 = CLOSED_SHELL('',(#2336,#2376,#2416,#2438,#2460,#2472));
#2336 = ADVANCED_FACE('',(#2337),#2371,.F.);
#2337 = FACE_BOUND('',#2338,.F.);
#2338 = EDGE_LOOP('',(#2339,#2349,#2357,#2365));
#2339 = ORIENTED_EDGE('',*,*,#2340,.F.);
#2340 = EDGE_CURVE('',#2341,#2343,#2345,.T.);
#2341 = VERTEX_POINT('',#2342);
#2342 = CARTESIAN_POINT('',(4.,53.,70.6));
#2343 = VERTEX_POINT('',#2344);
#2344 = CARTESIAN_POINT('',(4.,53.,74.6));
#2345 = LINE('',#2346,#2347);
#2346 = CARTESIAN_POINT('',(4.,53.,70.6));
#2347 = VECTOR('',#2348,1.);
#2348 = DIRECTION('',(0.,0.,1.));
#2349 = ORIENTED_EDGE('',*,*,#2350,.T.);
#2350 = EDGE_CURVE('',#2341,#2351,#2353,.T.);
#2351 = VERTEX_POINT('',#2352);
#2352 = CARTESIAN_POINT('',(4.,61.,70.6));
#2353 = LINE('',#2354,#2355);
#2354 = CARTESIAN_POINT('',(4.,53.,70.6));
#2355 = VECTOR('',#2356,1.);
#2356 = DIRECTION('',(-0.,1.,0.));
#2357 = ORIENTED_EDGE('',*,*,#2358,.T.);
#2358 = EDGE_CURVE('',#2351,#2359,#2361,.T.);
#2359 = VERTEX_POINT('',#2360);
#2360 = CARTESIAN_POINT('',(4.,61.,74.6));
#2361 = LINE('',#2362,#2363);
#2362 = CARTESIAN_POINT('',(4.,61.,70.6));
#2363 = VECTOR('',#2364,1.);
#2364 = DIRECTION('',(0.,0.,1.));
#2365 = ORIENTED_EDGE('',*,*,#2366,.F.);
#2366 = EDGE_CURVE('',#2343,#2359,#2367,.T.);
#2367 = LINE('',#2368,#2369);
#2368 = CARTESIAN_POINT('',(4.,53.,74.6));
#2369 = VECTOR('',#2370,1.);
#2370 = DIRECTION('',(-0.,1.,0.));
#2371 = PLANE('',#2372);
#2372 = AXIS2_PLACEMENT_3D('',#2373,#2374,#2375);
#2373 = CARTESIAN_POINT('',(4.,53.,70.6));
#2374 = DIRECTION('',(1.,0.,-0.));
#2375 = DIRECTION('',(0.,0.,1.));
#2376 = ADVANCED_FACE('',(#2377),#2411,.T.);
#2377 = FACE_BOUND('',#2378,.T.);
#2378 = EDGE_LOOP('',(#2379,#2389,#2397,#2405));
#2379 = ORIENTED_EDGE('',*,*,#2380,.F.);
#2380 = EDGE_CURVE('',#2381,#2383,#2385,.T.);
#2381 = VERTEX_POINT('',#2382);
#2382 = CARTESIAN_POINT('',(16.,53.,70.6));
#2383 = VERTEX_POINT('',#2384);
#2384 = CARTESIAN_POINT('',(16.,53.,74.6));
#2385 = LINE('',#2386,#2387);
#2386 = CARTESIAN_POINT('',(16.,53.,70.6));
#2387 = VECTOR('',#2388,1.);
#2388 = DIRECTION('',(0.,0.,1.));
#2389 = ORIENTED_EDGE('',*,*,#2390,.T.);
#2390 = EDGE_CURVE('',#2381,#2391,#2393,.T.);
#2391 = VERTEX_POINT('',#2392);
#2392 = CARTESIAN_POINT('',(16.,61.,70.6));
#2393 = LINE('',#2394,#2395);
#2394 = CARTESIAN_POINT('',(16.,53.,70.6));
#2395 = VECTOR('',#2396,1.);
#2396 = DIRECTION('',(-0.,1.,0.));
#2397 = ORIENTED_EDGE('',*,*,#2398,.T.);
#2398 = EDGE_CURVE('',#2391,#2399,#2401,.T.);
#2399 = VERTEX_POINT('',#2400);
#2400 = CARTESIAN_POINT('',(16.,61.,74.6));
#2401 = LINE('',#2402,#2403);
#2402 = CARTESIAN_POINT('',(16.,61.,70.6));
#2403 = VECTOR('',#2404,1.);
#2404 = DIRECTION('',(0.,0.,1.));
#2405 = ORIENTED_EDGE('',*,*,#2406,.F.);
#2406 = EDGE_CURVE('',#2383,#2399,#2407,.T.);
#2407 = LINE('',#2408,#2409);
#2408 = CARTESIAN_POINT('',(16.,53.,74.6));
#2409 = VECTOR('',#2410,1.);
#2410 = DIRECTION('',(-0.,1.,0.));
#2411 = PLANE('',#2412);
#2412 = AXIS2_PLACEMENT_3D('',#2413,#2414,#2415);
#2413 = CARTESIAN_POINT('',(16.,53.,70.6));
#2414 = DIRECTION('',(1.,0.,-0.));
#2415 = DIRECTION('',(0.,0.,1.));
#2416 = ADVANCED_FACE('',(#2417),#2433,.F.);
#2417 = FACE_BOUND('',#2418,.F.);
#2418 = EDGE_LOOP('',(#2419,#2425,#2426,#2432));
#2419 = ORIENTED_EDGE('',*,*,#2420,.F.);
#2420 = EDGE_CURVE('',#2341,#2381,#2421,.T.);
#2421 = LINE('',#2422,#2423);
#2422 = CARTESIAN_POINT('',(4.,53.,70.6));
#2423 = VECTOR('',#2424,1.);
#2424 = DIRECTION('',(1.,0.,-0.));
#2425 = ORIENTED_EDGE('',*,*,#2340,.T.);
#2426 = ORIENTED_EDGE('',*,*,#2427,.T.);
#2427 = EDGE_CURVE('',#2343,#2383,#2428,.T.);
#2428 = LINE('',#2429,#2430);
#2429 = CARTESIAN_POINT('',(4.,53.,74.6));
#2430 = VECTOR('',#2431,1.);
#2431 = DIRECTION('',(1.,0.,-0.));
#2432 = ORIENTED_EDGE('',*,*,#2380,.F.);
#2433 = PLANE('',#2434);
#2434 = AXIS2_PLACEMENT_3D('',#2435,#2436,#2437);
#2435 = CARTESIAN_POINT('',(4.,53.,70.6));
#2436 = DIRECTION('',(-0.,1.,0.));
#2437 = DIRECTION('',(0.,0.,1.));
#2438 = ADVANCED_FACE('',(#2439),#2455,.T.);
#2439 = FACE_BOUND('',#2440,.T.);
#2440 = EDGE_LOOP('',(#2441,#2447,#2448,#2454));
#2441 = ORIENTED_EDGE('',*,*,#2442,.F.);
#2442 = EDGE_CURVE('',#2351,#2391,#2443,.T.);
#2443 = LINE('',#2444,#2445);
#2444 = CARTESIAN_POINT('',(4.,61.,70.6));
#2445 = VECTOR('',#2446,1.);
#2446 = DIRECTION('',(1.,0.,-0.));
#2447 = ORIENTED_EDGE('',*,*,#2358,.T.);
#2448 = ORIENTED_EDGE('',*,*,#2449,.T.);
#2449 = EDGE_CURVE('',#2359,#2399,#2450,.T.);
#2450 = LINE('',#2451,#2452);
#2451 = CARTESIAN_POINT('',(4.,61.,74.6));
#2452 = VECTOR('',#2453,1.);
#2453 = DIRECTION('',(1.,0.,-0.));
#2454 = ORIENTED_EDGE('',*,*,#2398,.F.);
#2455 = PLANE('',#2456);
#2456 = AXIS2_PLACEMENT_3D('',#2457,#2458,#2459);
#2457 = CARTESIAN_POINT('',(4.,61.,70.6));
#2458 = DIRECTION('',(-0.,1.,0.));
#2459 = DIRECTION('',(0.,0.,1.));
#2460 = ADVANCED_FACE('',(#2461),#2467,.F.);
#2461 = FACE_BOUND('',#2462,.F.);
#2462 = EDGE_LOOP('',(#2463,#2464,#2465,#2466));
#2463 = ORIENTED_EDGE('',*,*,#2350,.F.);
#2464 = ORIENTED_EDGE('',*,*,#2420,.T.);
#2465 = ORIENTED_EDGE('',*,*,#2390,.T.);
#2466 = ORIENTED_EDGE('',*,*,#2442,.F.);
#2467 = PLANE('',#2468);
#2468 = AXIS2_PLACEMENT_3D('',#2469,#2470,#2471);
#2469 = CARTESIAN_POINT('',(4.,53.,70.6));
#2470 = DIRECTION('',(0.,0.,1.));
#2471 = DIRECTION('',(1.,0.,-0.));
#2472 = ADVANCED_FACE('',(#2473),#2479,.T.);
#2473 = FACE_BOUND('',#2474,.T.);
#2474 = EDGE_LOOP('',(#2475,#2476,#2477,#2478));
#2475 = ORIENTED_EDGE('',*,*,#2366,.F.);
#2476 = ORIENTED_EDGE('',*,*,#2427,.T.);
#2477 = ORIENTED_EDGE('',*,*,#2406,.T.);
#2478 = ORIENTED_EDGE('',*,*,#2449,.F.);
#2479 = PLANE('',#2480);
#2480 = AXIS2_PLACEMENT_3D('',#2481,#2482,#2483);
#2481 = CARTESIAN_POINT('',(4.,53.,74.6));
#2482 = DIRECTION('',(0.,0.,1.));
#2483 = DIRECTION('',(1.,0.,-0.));
#2484 = ( GEOMETRIC_REPRESENTATION_CONTEXT(3) 
GLOBAL_UNCERTAINTY_ASSIGNED_CONTEXT((#2488)) 
GLOBAL_UNIT_ASSIGNED_CONTEXT((#2485,#2486,#2487)) REPRESENTATION_CONTEXT
('Context #1','3D Context with UNIT and UNCERTAINTY') );
#2485 = ( LENGTH_UNIT() NAMED_UNIT(*) SI_UNIT(.MILLI.,.METRE.) );
#2486 = ( NAMED_UNIT(*) PLANE_ANGLE_UNIT() SI_UNIT($,.RADIAN.) );
#2487 = ( NAMED_UNIT(*) SI_UNIT($,.STERADIAN.) SOLID_ANGLE_UNIT() );
#2488 = UNCERTAINTY_MEASURE_WITH_UNIT(LENGTH_MEASURE(1.E-07),#2485,
  'distance_accuracy_value','confusion accuracy');
#2489 = CONTEXT_DEPENDENT_SHAPE_REPRESENTATION(#2490,#2492);
#2490 = ( REPRESENTATION_RELATIONSHIP('','',#2333,#10) 
REPRESENTATION_RELATIONSHIP_WITH_TRANSFORMATION(#2491) 
SHAPE_REPRESENTATION_RELATIONSHIP() );
#2491 = ITEM_DEFINED_TRANSFORMATION('','',#11,#67);
#2492 = PRODUCT_DEFINITION_SHAPE('Placement','Placement of an item',
  #2493);
#2493 = NEXT_ASSEMBLY_USAGE_OCCURRENCE('47','ESP_USB_ACCESS_4','',#5,
  #2328,$);
#2494 = PRODUCT_RELATED_PRODUCT_CATEGORY('part',$,(#2330));
#2495 = SHAPE_DEFINITION_REPRESENTATION(#2496,#2502);
#2496 = PRODUCT_DEFINITION_SHAPE('','',#2497);
#2497 = PRODUCT_DEFINITION('design','',#2498,#2501);
#2498 = PRODUCT_DEFINITION_FORMATION('','',#2499);
#2499 = PRODUCT('ESP_USB_ACCESS_18','ESP_USB_ACCESS_18','',(#2500));
#2500 = PRODUCT_CONTEXT('',#2,'mechanical');
#2501 = PRODUCT_DEFINITION_CONTEXT('part definition',#2,'design');
#2502 = ADVANCED_BREP_SHAPE_REPRESENTATION('',(#11,#2503),#2653);
#2503 = MANIFOLD_SOLID_BREP('',#2504);
#2504 = CLOSED_SHELL('',(#2505,#2545,#2585,#2607,#2629,#2641));
#2505 = ADVANCED_FACE('',(#2506),#2540,.F.);
#2506 = FACE_BOUND('',#2507,.F.);
#2507 = EDGE_LOOP('',(#2508,#2518,#2526,#2534));
#2508 = ORIENTED_EDGE('',*,*,#2509,.F.);
#2509 = EDGE_CURVE('',#2510,#2512,#2514,.T.);
#2510 = VERTEX_POINT('',#2511);
#2511 = CARTESIAN_POINT('',(18.,53.,70.6));
#2512 = VERTEX_POINT('',#2513);
#2513 = CARTESIAN_POINT('',(18.,53.,74.6));
#2514 = LINE('',#2515,#2516);
#2515 = CARTESIAN_POINT('',(18.,53.,70.6));
#2516 = VECTOR('',#2517,1.);
#2517 = DIRECTION('',(0.,0.,1.));
#2518 = ORIENTED_EDGE('',*,*,#2519,.T.);
#2519 = EDGE_CURVE('',#2510,#2520,#2522,.T.);
#2520 = VERTEX_POINT('',#2521);
#2521 = CARTESIAN_POINT('',(18.,61.,70.6));
#2522 = LINE('',#2523,#2524);
#2523 = CARTESIAN_POINT('',(18.,53.,70.6));
#2524 = VECTOR('',#2525,1.);
#2525 = DIRECTION('',(-0.,1.,0.));
#2526 = ORIENTED_EDGE('',*,*,#2527,.T.);
#2527 = EDGE_CURVE('',#2520,#2528,#2530,.T.);
#2528 = VERTEX_POINT('',#2529);
#2529 = CARTESIAN_POINT('',(18.,61.,74.6));
#2530 = LINE('',#2531,#2532);
#2531 = CARTESIAN_POINT('',(18.,61.,70.6));
#2532 = VECTOR('',#2533,1.);
#2533 = DIRECTION('',(0.,0.,1.));
#2534 = ORIENTED_EDGE('',*,*,#2535,.F.);
#2535 = EDGE_CURVE('',#2512,#2528,#2536,.T.);
#2536 = LINE('',#2537,#2538);
#2537 = CARTESIAN_POINT('',(18.,53.,74.6));
#2538 = VECTOR('',#2539,1.);
#2539 = DIRECTION('',(-0.,1.,0.));
#2540 = PLANE('',#2541);
#2541 = AXIS2_PLACEMENT_3D('',#2542,#2543,#2544);
#2542 = CARTESIAN_POINT('',(18.,53.,70.6));
#2543 = DIRECTION('',(1.,0.,-0.));
#2544 = DIRECTION('',(0.,0.,1.));
#2545 = ADVANCED_FACE('',(#2546),#2580,.T.);
#2546 = FACE_BOUND('',#2547,.T.);
#2547 = EDGE_LOOP('',(#2548,#2558,#2566,#2574));
#2548 = ORIENTED_EDGE('',*,*,#2549,.F.);
#2549 = EDGE_CURVE('',#2550,#2552,#2554,.T.);
#2550 = VERTEX_POINT('',#2551);
#2551 = CARTESIAN_POINT('',(30.,53.,70.6));
#2552 = VERTEX_POINT('',#2553);
#2553 = CARTESIAN_POINT('',(30.,53.,74.6));
#2554 = LINE('',#2555,#2556);
#2555 = CARTESIAN_POINT('',(30.,53.,70.6));
#2556 = VECTOR('',#2557,1.);
#2557 = DIRECTION('',(0.,0.,1.));
#2558 = ORIENTED_EDGE('',*,*,#2559,.T.);
#2559 = EDGE_CURVE('',#2550,#2560,#2562,.T.);
#2560 = VERTEX_POINT('',#2561);
#2561 = CARTESIAN_POINT('',(30.,61.,70.6));
#2562 = LINE('',#2563,#2564);
#2563 = CARTESIAN_POINT('',(30.,53.,70.6));
#2564 = VECTOR('',#2565,1.);
#2565 = DIRECTION('',(-0.,1.,0.));
#2566 = ORIENTED_EDGE('',*,*,#2567,.T.);
#2567 = EDGE_CURVE('',#2560,#2568,#2570,.T.);
#2568 = VERTEX_POINT('',#2569);
#2569 = CARTESIAN_POINT('',(30.,61.,74.6));
#2570 = LINE('',#2571,#2572);
#2571 = CARTESIAN_POINT('',(30.,61.,70.6));
#2572 = VECTOR('',#2573,1.);
#2573 = DIRECTION('',(0.,0.,1.));
#2574 = ORIENTED_EDGE('',*,*,#2575,.F.);
#2575 = EDGE_CURVE('',#2552,#2568,#2576,.T.);
#2576 = LINE('',#2577,#2578);
#2577 = CARTESIAN_POINT('',(30.,53.,74.6));
#2578 = VECTOR('',#2579,1.);
#2579 = DIRECTION('',(-0.,1.,0.));
#2580 = PLANE('',#2581);
#2581 = AXIS2_PLACEMENT_3D('',#2582,#2583,#2584);
#2582 = CARTESIAN_POINT('',(30.,53.,70.6));
#2583 = DIRECTION('',(1.,0.,-0.));
#2584 = DIRECTION('',(0.,0.,1.));
#2585 = ADVANCED_FACE('',(#2586),#2602,.F.);
#2586 = FACE_BOUND('',#2587,.F.);
#2587 = EDGE_LOOP('',(#2588,#2594,#2595,#2601));
#2588 = ORIENTED_EDGE('',*,*,#2589,.F.);
#2589 = EDGE_CURVE('',#2510,#2550,#2590,.T.);
#2590 = LINE('',#2591,#2592);
#2591 = CARTESIAN_POINT('',(18.,53.,70.6));
#2592 = VECTOR('',#2593,1.);
#2593 = DIRECTION('',(1.,0.,-0.));
#2594 = ORIENTED_EDGE('',*,*,#2509,.T.);
#2595 = ORIENTED_EDGE('',*,*,#2596,.T.);
#2596 = EDGE_CURVE('',#2512,#2552,#2597,.T.);
#2597 = LINE('',#2598,#2599);
#2598 = CARTESIAN_POINT('',(18.,53.,74.6));
#2599 = VECTOR('',#2600,1.);
#2600 = DIRECTION('',(1.,0.,-0.));
#2601 = ORIENTED_EDGE('',*,*,#2549,.F.);
#2602 = PLANE('',#2603);
#2603 = AXIS2_PLACEMENT_3D('',#2604,#2605,#2606);
#2604 = CARTESIAN_POINT('',(18.,53.,70.6));
#2605 = DIRECTION('',(-0.,1.,0.));
#2606 = DIRECTION('',(0.,0.,1.));
#2607 = ADVANCED_FACE('',(#2608),#2624,.T.);
#2608 = FACE_BOUND('',#2609,.T.);
#2609 = EDGE_LOOP('',(#2610,#2616,#2617,#2623));
#2610 = ORIENTED_EDGE('',*,*,#2611,.F.);
#2611 = EDGE_CURVE('',#2520,#2560,#2612,.T.);
#2612 = LINE('',#2613,#2614);
#2613 = CARTESIAN_POINT('',(18.,61.,70.6));
#2614 = VECTOR('',#2615,1.);
#2615 = DIRECTION('',(1.,0.,-0.));
#2616 = ORIENTED_EDGE('',*,*,#2527,.T.);
#2617 = ORIENTED_EDGE('',*,*,#2618,.T.);
#2618 = EDGE_CURVE('',#2528,#2568,#2619,.T.);
#2619 = LINE('',#2620,#2621);
#2620 = CARTESIAN_POINT('',(18.,61.,74.6));
#2621 = VECTOR('',#2622,1.);
#2622 = DIRECTION('',(1.,0.,-0.));
#2623 = ORIENTED_EDGE('',*,*,#2567,.F.);
#2624 = PLANE('',#2625);
#2625 = AXIS2_PLACEMENT_3D('',#2626,#2627,#2628);
#2626 = CARTESIAN_POINT('',(18.,61.,70.6));
#2627 = DIRECTION('',(-0.,1.,0.));
#2628 = DIRECTION('',(0.,0.,1.));
#2629 = ADVANCED_FACE('',(#2630),#2636,.F.);
#2630 = FACE_BOUND('',#2631,.F.);
#2631 = EDGE_LOOP('',(#2632,#2633,#2634,#2635));
#2632 = ORIENTED_EDGE('',*,*,#2519,.F.);
#2633 = ORIENTED_EDGE('',*,*,#2589,.T.);
#2634 = ORIENTED_EDGE('',*,*,#2559,.T.);
#2635 = ORIENTED_EDGE('',*,*,#2611,.F.);
#2636 = PLANE('',#2637);
#2637 = AXIS2_PLACEMENT_3D('',#2638,#2639,#2640);
#2638 = CARTESIAN_POINT('',(18.,53.,70.6));
#2639 = DIRECTION('',(0.,0.,1.));
#2640 = DIRECTION('',(1.,0.,-0.));
#2641 = ADVANCED_FACE('',(#2642),#2648,.T.);
#2642 = FACE_BOUND('',#2643,.T.);
#2643 = EDGE_LOOP('',(#2644,#2645,#2646,#2647));
#2644 = ORIENTED_EDGE('',*,*,#2535,.F.);
#2645 = ORIENTED_EDGE('',*,*,#2596,.T.);
#2646 = ORIENTED_EDGE('',*,*,#2575,.T.);
#2647 = ORIENTED_EDGE('',*,*,#2618,.F.);
#2648 = PLANE('',#2649);
#2649 = AXIS2_PLACEMENT_3D('',#2650,#2651,#2652);
#2650 = CARTESIAN_POINT('',(18.,53.,74.6));
#2651 = DIRECTION('',(0.,0.,1.));
#2652 = DIRECTION('',(1.,0.,-0.));
#2653 = ( GEOMETRIC_REPRESENTATION_CONTEXT(3) 
GLOBAL_UNCERTAINTY_ASSIGNED_CONTEXT((#2657)) 
GLOBAL_UNIT_ASSIGNED_CONTEXT((#2654,#2655,#2656)) REPRESENTATION_CONTEXT
('Context #1','3D Context with UNIT and UNCERTAINTY') );
#2654 = ( LENGTH_UNIT() NAMED_UNIT(*) SI_UNIT(.MILLI.,.METRE.) );
#2655 = ( NAMED_UNIT(*) PLANE_ANGLE_UNIT() SI_UNIT($,.RADIAN.) );
#2656 = ( NAMED_UNIT(*) SI_UNIT($,.STERADIAN.) SOLID_ANGLE_UNIT() );
#2657 = UNCERTAINTY_MEASURE_WITH_UNIT(LENGTH_MEASURE(1.E-07),#2654,
  'distance_accuracy_value','confusion accuracy');
#2658 = CONTEXT_DEPENDENT_SHAPE_REPRESENTATION(#2659,#2661);
#2659 = ( REPRESENTATION_RELATIONSHIP('','',#2502,#10) 
REPRESENTATION_RELATIONSHIP_WITH_TRANSFORMATION(#2660) 
SHAPE_REPRESENTATION_RELATIONSHIP() );
#2660 = ITEM_DEFINED_TRANSFORMATION('','',#11,#71);
#2661 = PRODUCT_DEFINITION_SHAPE('Placement','Placement of an item',
  #2662);
#2662 = NEXT_ASSEMBLY_USAGE_OCCURRENCE('48','ESP_USB_ACCESS_18','',#5,
  #2497,$);
#2663 = PRODUCT_RELATED_PRODUCT_CATEGORY('part',$,(#2499));
#2664 = SHAPE_DEFINITION_REPRESENTATION(#2665,#2671);
#2665 = PRODUCT_DEFINITION_SHAPE('','',#2666);
#2666 = PRODUCT_DEFINITION('design','',#2667,#2670);
#2667 = PRODUCT_DEFINITION_FORMATION('','',#2668);
#2668 = PRODUCT('AMP_PLACEHOLDER_12','AMP_PLACEHOLDER_12','',(#2669));
#2669 = PRODUCT_CONTEXT('',#2,'mechanical');
#2670 = PRODUCT_DEFINITION_CONTEXT('part definition',#2,'design');
#2671 = ADVANCED_BREP_SHAPE_REPRESENTATION('',(#11,#2672),#2822);
#2672 = MANIFOLD_SOLID_BREP('',#2673);
#2673 = CLOSED_SHELL('',(#2674,#2714,#2754,#2776,#2798,#2810));
#2674 = ADVANCED_FACE('',(#2675),#2709,.F.);
#2675 = FACE_BOUND('',#2676,.F.);
#2676 = EDGE_LOOP('',(#2677,#2687,#2695,#2703));
#2677 = ORIENTED_EDGE('',*,*,#2678,.F.);
#2678 = EDGE_CURVE('',#2679,#2681,#2683,.T.);
#2679 = VERTEX_POINT('',#2680);
#2680 = CARTESIAN_POINT('',(43.,12.,66.));
#2681 = VERTEX_POINT('',#2682);
#2682 = CARTESIAN_POINT('',(43.,12.,71.));
#2683 = LINE('',#2684,#2685);
#2684 = CARTESIAN_POINT('',(43.,12.,66.));
#2685 = VECTOR('',#2686,1.);
#2686 = DIRECTION('',(0.,0.,1.));
#2687 = ORIENTED_EDGE('',*,*,#2688,.T.);
#2688 = EDGE_CURVE('',#2679,#2689,#2691,.T.);
#2689 = VERTEX_POINT('',#2690);
#2690 = CARTESIAN_POINT('',(43.,36.,66.));
#2691 = LINE('',#2692,#2693);
#2692 = CARTESIAN_POINT('',(43.,12.,66.));
#2693 = VECTOR('',#2694,1.);
#2694 = DIRECTION('',(-0.,1.,0.));
#2695 = ORIENTED_EDGE('',*,*,#2696,.T.);
#2696 = EDGE_CURVE('',#2689,#2697,#2699,.T.);
#2697 = VERTEX_POINT('',#2698);
#2698 = CARTESIAN_POINT('',(43.,36.,71.));
#2699 = LINE('',#2700,#2701);
#2700 = CARTESIAN_POINT('',(43.,36.,66.));
#2701 = VECTOR('',#2702,1.);
#2702 = DIRECTION('',(0.,0.,1.));
#2703 = ORIENTED_EDGE('',*,*,#2704,.F.);
#2704 = EDGE_CURVE('',#2681,#2697,#2705,.T.);
#2705 = LINE('',#2706,#2707);
#2706 = CARTESIAN_POINT('',(43.,12.,71.));
#2707 = VECTOR('',#2708,1.);
#2708 = DIRECTION('',(-0.,1.,0.));
#2709 = PLANE('',#2710);
#2710 = AXIS2_PLACEMENT_3D('',#2711,#2712,#2713);
#2711 = CARTESIAN_POINT('',(43.,12.,66.));
#2712 = DIRECTION('',(1.,0.,-0.));
#2713 = DIRECTION('',(0.,0.,1.));
#2714 = ADVANCED_FACE('',(#2715),#2749,.T.);
#2715 = FACE_BOUND('',#2716,.T.);
#2716 = EDGE_LOOP('',(#2717,#2727,#2735,#2743));
#2717 = ORIENTED_EDGE('',*,*,#2718,.F.);
#2718 = EDGE_CURVE('',#2719,#2721,#2723,.T.);
#2719 = VERTEX_POINT('',#2720);
#2720 = CARTESIAN_POINT('',(63.,12.,66.));
#2721 = VERTEX_POINT('',#2722);
#2722 = CARTESIAN_POINT('',(63.,12.,71.));
#2723 = LINE('',#2724,#2725);
#2724 = CARTESIAN_POINT('',(63.,12.,66.));
#2725 = VECTOR('',#2726,1.);
#2726 = DIRECTION('',(0.,0.,1.));
#2727 = ORIENTED_EDGE('',*,*,#2728,.T.);
#2728 = EDGE_CURVE('',#2719,#2729,#2731,.T.);
#2729 = VERTEX_POINT('',#2730);
#2730 = CARTESIAN_POINT('',(63.,36.,66.));
#2731 = LINE('',#2732,#2733);
#2732 = CARTESIAN_POINT('',(63.,12.,66.));
#2733 = VECTOR('',#2734,1.);
#2734 = DIRECTION('',(-0.,1.,0.));
#2735 = ORIENTED_EDGE('',*,*,#2736,.T.);
#2736 = EDGE_CURVE('',#2729,#2737,#2739,.T.);
#2737 = VERTEX_POINT('',#2738);
#2738 = CARTESIAN_POINT('',(63.,36.,71.));
#2739 = LINE('',#2740,#2741);
#2740 = CARTESIAN_POINT('',(63.,36.,66.));
#2741 = VECTOR('',#2742,1.);
#2742 = DIRECTION('',(0.,0.,1.));
#2743 = ORIENTED_EDGE('',*,*,#2744,.F.);
#2744 = EDGE_CURVE('',#2721,#2737,#2745,.T.);
#2745 = LINE('',#2746,#2747);
#2746 = CARTESIAN_POINT('',(63.,12.,71.));
#2747 = VECTOR('',#2748,1.);
#2748 = DIRECTION('',(-0.,1.,0.));
#2749 = PLANE('',#2750);
#2750 = AXIS2_PLACEMENT_3D('',#2751,#2752,#2753);
#2751 = CARTESIAN_POINT('',(63.,12.,66.));
#2752 = DIRECTION('',(1.,0.,-0.));
#2753 = DIRECTION('',(0.,0.,1.));
#2754 = ADVANCED_FACE('',(#2755),#2771,.F.);
#2755 = FACE_BOUND('',#2756,.F.);
#2756 = EDGE_LOOP('',(#2757,#2763,#2764,#2770));
#2757 = ORIENTED_EDGE('',*,*,#2758,.F.);
#2758 = EDGE_CURVE('',#2679,#2719,#2759,.T.);
#2759 = LINE('',#2760,#2761);
#2760 = CARTESIAN_POINT('',(43.,12.,66.));
#2761 = VECTOR('',#2762,1.);
#2762 = DIRECTION('',(1.,0.,-0.));
#2763 = ORIENTED_EDGE('',*,*,#2678,.T.);
#2764 = ORIENTED_EDGE('',*,*,#2765,.T.);
#2765 = EDGE_CURVE('',#2681,#2721,#2766,.T.);
#2766 = LINE('',#2767,#2768);
#2767 = CARTESIAN_POINT('',(43.,12.,71.));
#2768 = VECTOR('',#2769,1.);
#2769 = DIRECTION('',(1.,0.,-0.));
#2770 = ORIENTED_EDGE('',*,*,#2718,.F.);
#2771 = PLANE('',#2772);
#2772 = AXIS2_PLACEMENT_3D('',#2773,#2774,#2775);
#2773 = CARTESIAN_POINT('',(43.,12.,66.));
#2774 = DIRECTION('',(-0.,1.,0.));
#2775 = DIRECTION('',(0.,0.,1.));
#2776 = ADVANCED_FACE('',(#2777),#2793,.T.);
#2777 = FACE_BOUND('',#2778,.T.);
#2778 = EDGE_LOOP('',(#2779,#2785,#2786,#2792));
#2779 = ORIENTED_EDGE('',*,*,#2780,.F.);
#2780 = EDGE_CURVE('',#2689,#2729,#2781,.T.);
#2781 = LINE('',#2782,#2783);
#2782 = CARTESIAN_POINT('',(43.,36.,66.));
#2783 = VECTOR('',#2784,1.);
#2784 = DIRECTION('',(1.,0.,-0.));
#2785 = ORIENTED_EDGE('',*,*,#2696,.T.);
#2786 = ORIENTED_EDGE('',*,*,#2787,.T.);
#2787 = EDGE_CURVE('',#2697,#2737,#2788,.T.);
#2788 = LINE('',#2789,#2790);
#2789 = CARTESIAN_POINT('',(43.,36.,71.));
#2790 = VECTOR('',#2791,1.);
#2791 = DIRECTION('',(1.,0.,-0.));
#2792 = ORIENTED_EDGE('',*,*,#2736,.F.);
#2793 = PLANE('',#2794);
#2794 = AXIS2_PLACEMENT_3D('',#2795,#2796,#2797);
#2795 = CARTESIAN_POINT('',(43.,36.,66.));
#2796 = DIRECTION('',(-0.,1.,0.));
#2797 = DIRECTION('',(0.,0.,1.));
#2798 = ADVANCED_FACE('',(#2799),#2805,.F.);
#2799 = FACE_BOUND('',#2800,.F.);
#2800 = EDGE_LOOP('',(#2801,#2802,#2803,#2804));
#2801 = ORIENTED_EDGE('',*,*,#2688,.F.);
#2802 = ORIENTED_EDGE('',*,*,#2758,.T.);
#2803 = ORIENTED_EDGE('',*,*,#2728,.T.);
#2804 = ORIENTED_EDGE('',*,*,#2780,.F.);
#2805 = PLANE('',#2806);
#2806 = AXIS2_PLACEMENT_3D('',#2807,#2808,#2809);
#2807 = CARTESIAN_POINT('',(43.,12.,66.));
#2808 = DIRECTION('',(0.,0.,1.));
#2809 = DIRECTION('',(1.,0.,-0.));
#2810 = ADVANCED_FACE('',(#2811),#2817,.T.);
#2811 = FACE_BOUND('',#2812,.T.);
#2812 = EDGE_LOOP('',(#2813,#2814,#2815,#2816));
#2813 = ORIENTED_EDGE('',*,*,#2704,.F.);
#2814 = ORIENTED_EDGE('',*,*,#2765,.T.);
#2815 = ORIENTED_EDGE('',*,*,#2744,.T.);
#2816 = ORIENTED_EDGE('',*,*,#2787,.F.);
#2817 = PLANE('',#2818);
#2818 = AXIS2_PLACEMENT_3D('',#2819,#2820,#2821);
#2819 = CARTESIAN_POINT('',(43.,12.,71.));
#2820 = DIRECTION('',(0.,0.,1.));
#2821 = DIRECTION('',(1.,0.,-0.));
#2822 = ( GEOMETRIC_REPRESENTATION_CONTEXT(3) 
GLOBAL_UNCERTAINTY_ASSIGNED_CONTEXT((#2826)) 
GLOBAL_UNIT_ASSIGNED_CONTEXT((#2823,#2824,#2825)) REPRESENTATION_CONTEXT
('Context #1','3D Context with UNIT and UNCERTAINTY') );
#2823 = ( LENGTH_UNIT() NAMED_UNIT(*) SI_UNIT(.MILLI.,.METRE.) );
#2824 = ( NAMED_UNIT(*) PLANE_ANGLE_UNIT() SI_UNIT($,.RADIAN.) );
#2825 = ( NAMED_UNIT(*) SI_UNIT($,.STERADIAN.) SOLID_ANGLE_UNIT() );
#2826 = UNCERTAINTY_MEASURE_WITH_UNIT(LENGTH_MEASURE(1.E-07),#2823,
  'distance_accuracy_value','confusion accuracy');
#2827 = CONTEXT_DEPENDENT_SHAPE_REPRESENTATION(#2828,#2830);
#2828 = ( REPRESENTATION_RELATIONSHIP('','',#2671,#10) 
REPRESENTATION_RELATIONSHIP_WITH_TRANSFORMATION(#2829) 
SHAPE_REPRESENTATION_RELATIONSHIP() );
#2829 = ITEM_DEFINED_TRANSFORMATION('','',#11,#75);
#2830 = PRODUCT_DEFINITION_SHAPE('Placement','Placement of an item',
  #2831);
#2831 = NEXT_ASSEMBLY_USAGE_OCCURRENCE('49','AMP_PLACEHOLDER_12','',#5,
  #2666,$);
#2832 = PRODUCT_RELATED_PRODUCT_CATEGORY('part',$,(#2668));
#2833 = SHAPE_DEFINITION_REPRESENTATION(#2834,#2840);
#2834 = PRODUCT_DEFINITION_SHAPE('','',#2835);
#2835 = PRODUCT_DEFINITION('design','',#2836,#2839);
#2836 = PRODUCT_DEFINITION_FORMATION('','',#2837);
#2837 = PRODUCT('AMP_PLACEHOLDER_43','AMP_PLACEHOLDER_43','',(#2838));
#2838 = PRODUCT_CONTEXT('',#2,'mechanical');
#2839 = PRODUCT_DEFINITION_CONTEXT('part definition',#2,'design');
#2840 = ADVANCED_BREP_SHAPE_REPRESENTATION('',(#11,#2841),#2991);
#2841 = MANIFOLD_SOLID_BREP('',#2842);
#2842 = CLOSED_SHELL('',(#2843,#2883,#2923,#2945,#2967,#2979));
#2843 = ADVANCED_FACE('',(#2844),#2878,.F.);
#2844 = FACE_BOUND('',#2845,.F.);
#2845 = EDGE_LOOP('',(#2846,#2856,#2864,#2872));
#2846 = ORIENTED_EDGE('',*,*,#2847,.F.);
#2847 = EDGE_CURVE('',#2848,#2850,#2852,.T.);
#2848 = VERTEX_POINT('',#2849);
#2849 = CARTESIAN_POINT('',(43.,43.,66.));
#2850 = VERTEX_POINT('',#2851);
#2851 = CARTESIAN_POINT('',(43.,43.,71.));
#2852 = LINE('',#2853,#2854);
#2853 = CARTESIAN_POINT('',(43.,43.,66.));
#2854 = VECTOR('',#2855,1.);
#2855 = DIRECTION('',(0.,0.,1.));
#2856 = ORIENTED_EDGE('',*,*,#2857,.T.);
#2857 = EDGE_CURVE('',#2848,#2858,#2860,.T.);
#2858 = VERTEX_POINT('',#2859);
#2859 = CARTESIAN_POINT('',(43.,67.,66.));
#2860 = LINE('',#2861,#2862);
#2861 = CARTESIAN_POINT('',(43.,43.,66.));
#2862 = VECTOR('',#2863,1.);
#2863 = DIRECTION('',(-0.,1.,0.));
#2864 = ORIENTED_EDGE('',*,*,#2865,.T.);
#2865 = EDGE_CURVE('',#2858,#2866,#2868,.T.);
#2866 = VERTEX_POINT('',#2867);
#2867 = CARTESIAN_POINT('',(43.,67.,71.));
#2868 = LINE('',#2869,#2870);
#2869 = CARTESIAN_POINT('',(43.,67.,66.));
#2870 = VECTOR('',#2871,1.);
#2871 = DIRECTION('',(0.,0.,1.));
#2872 = ORIENTED_EDGE('',*,*,#2873,.F.);
#2873 = EDGE_CURVE('',#2850,#2866,#2874,.T.);
#2874 = LINE('',#2875,#2876);
#2875 = CARTESIAN_POINT('',(43.,43.,71.));
#2876 = VECTOR('',#2877,1.);
#2877 = DIRECTION('',(-0.,1.,0.));
#2878 = PLANE('',#2879);
#2879 = AXIS2_PLACEMENT_3D('',#2880,#2881,#2882);
#2880 = CARTESIAN_POINT('',(43.,43.,66.));
#2881 = DIRECTION('',(1.,0.,-0.));
#2882 = DIRECTION('',(0.,0.,1.));
#2883 = ADVANCED_FACE('',(#2884),#2918,.T.);
#2884 = FACE_BOUND('',#2885,.T.);
#2885 = EDGE_LOOP('',(#2886,#2896,#2904,#2912));
#2886 = ORIENTED_EDGE('',*,*,#2887,.F.);
#2887 = EDGE_CURVE('',#2888,#2890,#2892,.T.);
#2888 = VERTEX_POINT('',#2889);
#2889 = CARTESIAN_POINT('',(63.,43.,66.));
#2890 = VERTEX_POINT('',#2891);
#2891 = CARTESIAN_POINT('',(63.,43.,71.));
#2892 = LINE('',#2893,#2894);
#2893 = CARTESIAN_POINT('',(63.,43.,66.));
#2894 = VECTOR('',#2895,1.);
#2895 = DIRECTION('',(0.,0.,1.));
#2896 = ORIENTED_EDGE('',*,*,#2897,.T.);
#2897 = EDGE_CURVE('',#2888,#2898,#2900,.T.);
#2898 = VERTEX_POINT('',#2899);
#2899 = CARTESIAN_POINT('',(63.,67.,66.));
#2900 = LINE('',#2901,#2902);
#2901 = CARTESIAN_POINT('',(63.,43.,66.));
#2902 = VECTOR('',#2903,1.);
#2903 = DIRECTION('',(-0.,1.,0.));
#2904 = ORIENTED_EDGE('',*,*,#2905,.T.);
#2905 = EDGE_CURVE('',#2898,#2906,#2908,.T.);
#2906 = VERTEX_POINT('',#2907);
#2907 = CARTESIAN_POINT('',(63.,67.,71.));
#2908 = LINE('',#2909,#2910);
#2909 = CARTESIAN_POINT('',(63.,67.,66.));
#2910 = VECTOR('',#2911,1.);
#2911 = DIRECTION('',(0.,0.,1.));
#2912 = ORIENTED_EDGE('',*,*,#2913,.F.);
#2913 = EDGE_CURVE('',#2890,#2906,#2914,.T.);
#2914 = LINE('',#2915,#2916);
#2915 = CARTESIAN_POINT('',(63.,43.,71.));
#2916 = VECTOR('',#2917,1.);
#2917 = DIRECTION('',(-0.,1.,0.));
#2918 = PLANE('',#2919);
#2919 = AXIS2_PLACEMENT_3D('',#2920,#2921,#2922);
#2920 = CARTESIAN_POINT('',(63.,43.,66.));
#2921 = DIRECTION('',(1.,0.,-0.));
#2922 = DIRECTION('',(0.,0.,1.));
#2923 = ADVANCED_FACE('',(#2924),#2940,.F.);
#2924 = FACE_BOUND('',#2925,.F.);
#2925 = EDGE_LOOP('',(#2926,#2932,#2933,#2939));
#2926 = ORIENTED_EDGE('',*,*,#2927,.F.);
#2927 = EDGE_CURVE('',#2848,#2888,#2928,.T.);
#2928 = LINE('',#2929,#2930);
#2929 = CARTESIAN_POINT('',(43.,43.,66.));
#2930 = VECTOR('',#2931,1.);
#2931 = DIRECTION('',(1.,0.,-0.));
#2932 = ORIENTED_EDGE('',*,*,#2847,.T.);
#2933 = ORIENTED_EDGE('',*,*,#2934,.T.);
#2934 = EDGE_CURVE('',#2850,#2890,#2935,.T.);
#2935 = LINE('',#2936,#2937);
#2936 = CARTESIAN_POINT('',(43.,43.,71.));
#2937 = VECTOR('',#2938,1.);
#2938 = DIRECTION('',(1.,0.,-0.));
#2939 = ORIENTED_EDGE('',*,*,#2887,.F.);
#2940 = PLANE('',#2941);
#2941 = AXIS2_PLACEMENT_3D('',#2942,#2943,#2944);
#2942 = CARTESIAN_POINT('',(43.,43.,66.));
#2943 = DIRECTION('',(-0.,1.,0.));
#2944 = DIRECTION('',(0.,0.,1.));
#2945 = ADVANCED_FACE('',(#2946),#2962,.T.);
#2946 = FACE_BOUND('',#2947,.T.);
#2947 = EDGE_LOOP('',(#2948,#2954,#2955,#2961));
#2948 = ORIENTED_EDGE('',*,*,#2949,.F.);
#2949 = EDGE_CURVE('',#2858,#2898,#2950,.T.);
#2950 = LINE('',#2951,#2952);
#2951 = CARTESIAN_POINT('',(43.,67.,66.));
#2952 = VECTOR('',#2953,1.);
#2953 = DIRECTION('',(1.,0.,-0.));
#2954 = ORIENTED_EDGE('',*,*,#2865,.T.);
#2955 = ORIENTED_EDGE('',*,*,#2956,.T.);
#2956 = EDGE_CURVE('',#2866,#2906,#2957,.T.);
#2957 = LINE('',#2958,#2959);
#2958 = CARTESIAN_POINT('',(43.,67.,71.));
#2959 = VECTOR('',#2960,1.);
#2960 = DIRECTION('',(1.,0.,-0.));
#2961 = ORIENTED_EDGE('',*,*,#2905,.F.);
#2962 = PLANE('',#2963);
#2963 = AXIS2_PLACEMENT_3D('',#2964,#2965,#2966);
#2964 = CARTESIAN_POINT('',(43.,67.,66.));
#2965 = DIRECTION('',(-0.,1.,0.));
#2966 = DIRECTION('',(0.,0.,1.));
#2967 = ADVANCED_FACE('',(#2968),#2974,.F.);
#2968 = FACE_BOUND('',#2969,.F.);
#2969 = EDGE_LOOP('',(#2970,#2971,#2972,#2973));
#2970 = ORIENTED_EDGE('',*,*,#2857,.F.);
#2971 = ORIENTED_EDGE('',*,*,#2927,.T.);
#2972 = ORIENTED_EDGE('',*,*,#2897,.T.);
#2973 = ORIENTED_EDGE('',*,*,#2949,.F.);
#2974 = PLANE('',#2975);
#2975 = AXIS2_PLACEMENT_3D('',#2976,#2977,#2978);
#2976 = CARTESIAN_POINT('',(43.,43.,66.));
#2977 = DIRECTION('',(0.,0.,1.));
#2978 = DIRECTION('',(1.,0.,-0.));
#2979 = ADVANCED_FACE('',(#2980),#2986,.T.);
#2980 = FACE_BOUND('',#2981,.T.);
#2981 = EDGE_LOOP('',(#2982,#2983,#2984,#2985));
#2982 = ORIENTED_EDGE('',*,*,#2873,.F.);
#2983 = ORIENTED_EDGE('',*,*,#2934,.T.);
#2984 = ORIENTED_EDGE('',*,*,#2913,.T.);
#2985 = ORIENTED_EDGE('',*,*,#2956,.F.);
#2986 = PLANE('',#2987);
#2987 = AXIS2_PLACEMENT_3D('',#2988,#2989,#2990);
#2988 = CARTESIAN_POINT('',(43.,43.,71.));
#2989 = DIRECTION('',(0.,0.,1.));
#2990 = DIRECTION('',(1.,0.,-0.));
#2991 = ( GEOMETRIC_REPRESENTATION_CONTEXT(3) 
GLOBAL_UNCERTAINTY_ASSIGNED_CONTEXT((#2995)) 
GLOBAL_UNIT_ASSIGNED_CONTEXT((#2992,#2993,#2994)) REPRESENTATION_CONTEXT
('Context #1','3D Context with UNIT and UNCERTAINTY') );
#2992 = ( LENGTH_UNIT() NAMED_UNIT(*) SI_UNIT(.MILLI.,.METRE.) );
#2993 = ( NAMED_UNIT(*) PLANE_ANGLE_UNIT() SI_UNIT($,.RADIAN.) );
#2994 = ( NAMED_UNIT(*) SI_UNIT($,.STERADIAN.) SOLID_ANGLE_UNIT() );
#2995 = UNCERTAINTY_MEASURE_WITH_UNIT(LENGTH_MEASURE(1.E-07),#2992,
  'distance_accuracy_value','confusion accuracy');
#2996 = CONTEXT_DEPENDENT_SHAPE_REPRESENTATION(#2997,#2999);
#2997 = ( REPRESENTATION_RELATIONSHIP('','',#2840,#10) 
REPRESENTATION_RELATIONSHIP_WITH_TRANSFORMATION(#2998) 
SHAPE_REPRESENTATION_RELATIONSHIP() );
#2998 = ITEM_DEFINED_TRANSFORMATION('','',#11,#79);
#2999 = PRODUCT_DEFINITION_SHAPE('Placement','Placement of an item',
  #3000);
#3000 = NEXT_ASSEMBLY_USAGE_OCCURRENCE('50','AMP_PLACEHOLDER_43','',#5,
  #2835,$);
#3001 = PRODUCT_RELATED_PRODUCT_CATEGORY('part',$,(#2837));
#3002 = SHAPE_DEFINITION_REPRESENTATION(#3003,#3009);
#3003 = PRODUCT_DEFINITION_SHAPE('','',#3004);
#3004 = PRODUCT_DEFINITION('design','',#3005,#3008);
#3005 = PRODUCT_DEFINITION_FORMATION('','',#3006);
#3006 = PRODUCT('ISOLATED_POWER_BANK_GND','ISOLATED_POWER_BANK_GND','',(
    #3007));
#3007 = PRODUCT_CONTEXT('',#2,'mechanical');
#3008 = PRODUCT_DEFINITION_CONTEXT('part definition',#2,'design');
#3009 = ADVANCED_BREP_SHAPE_REPRESENTATION('',(#11,#3010),#3160);
#3010 = MANIFOLD_SOLID_BREP('',#3011);
#3011 = CLOSED_SHELL('',(#3012,#3052,#3092,#3114,#3136,#3148));
#3012 = ADVANCED_FACE('',(#3013),#3047,.F.);
#3013 = FACE_BOUND('',#3014,.F.);
#3014 = EDGE_LOOP('',(#3015,#3025,#3033,#3041));
#3015 = ORIENTED_EDGE('',*,*,#3016,.F.);
#3016 = EDGE_CURVE('',#3017,#3019,#3021,.T.);
#3017 = VERTEX_POINT('',#3018);
#3018 = CARTESIAN_POINT('',(3.,1.,65.));
#3019 = VERTEX_POINT('',#3020);
#3020 = CARTESIAN_POINT('',(3.,1.,72.));
#3021 = LINE('',#3022,#3023);
#3022 = CARTESIAN_POINT('',(3.,1.,65.));
#3023 = VECTOR('',#3024,1.);
#3024 = DIRECTION('',(0.,0.,1.));
#3025 = ORIENTED_EDGE('',*,*,#3026,.T.);
#3026 = EDGE_CURVE('',#3017,#3027,#3029,.T.);
#3027 = VERTEX_POINT('',#3028);
#3028 = CARTESIAN_POINT('',(3.,9.,65.));
#3029 = LINE('',#3030,#3031);
#3030 = CARTESIAN_POINT('',(3.,1.,65.));
#3031 = VECTOR('',#3032,1.);
#3032 = DIRECTION('',(-0.,1.,0.));
#3033 = ORIENTED_EDGE('',*,*,#3034,.T.);
#3034 = EDGE_CURVE('',#3027,#3035,#3037,.T.);
#3035 = VERTEX_POINT('',#3036);
#3036 = CARTESIAN_POINT('',(3.,9.,72.));
#3037 = LINE('',#3038,#3039);
#3038 = CARTESIAN_POINT('',(3.,9.,65.));
#3039 = VECTOR('',#3040,1.);
#3040 = DIRECTION('',(0.,0.,1.));
#3041 = ORIENTED_EDGE('',*,*,#3042,.F.);
#3042 = EDGE_CURVE('',#3019,#3035,#3043,.T.);
#3043 = LINE('',#3044,#3045);
#3044 = CARTESIAN_POINT('',(3.,1.,72.));
#3045 = VECTOR('',#3046,1.);
#3046 = DIRECTION('',(-0.,1.,0.));
#3047 = PLANE('',#3048);
#3048 = AXIS2_PLACEMENT_3D('',#3049,#3050,#3051);
#3049 = CARTESIAN_POINT('',(3.,1.,65.));
#3050 = DIRECTION('',(1.,0.,-0.));
#3051 = DIRECTION('',(0.,0.,1.));
#3052 = ADVANCED_FACE('',(#3053),#3087,.T.);
#3053 = FACE_BOUND('',#3054,.T.);
#3054 = EDGE_LOOP('',(#3055,#3065,#3073,#3081));
#3055 = ORIENTED_EDGE('',*,*,#3056,.F.);
#3056 = EDGE_CURVE('',#3057,#3059,#3061,.T.);
#3057 = VERTEX_POINT('',#3058);
#3058 = CARTESIAN_POINT('',(13.,1.,65.));
#3059 = VERTEX_POINT('',#3060);
#3060 = CARTESIAN_POINT('',(13.,1.,72.));
#3061 = LINE('',#3062,#3063);
#3062 = CARTESIAN_POINT('',(13.,1.,65.));
#3063 = VECTOR('',#3064,1.);
#3064 = DIRECTION('',(0.,0.,1.));
#3065 = ORIENTED_EDGE('',*,*,#3066,.T.);
#3066 = EDGE_CURVE('',#3057,#3067,#3069,.T.);
#3067 = VERTEX_POINT('',#3068);
#3068 = CARTESIAN_POINT('',(13.,9.,65.));
#3069 = LINE('',#3070,#3071);
#3070 = CARTESIAN_POINT('',(13.,1.,65.));
#3071 = VECTOR('',#3072,1.);
#3072 = DIRECTION('',(-0.,1.,0.));
#3073 = ORIENTED_EDGE('',*,*,#3074,.T.);
#3074 = EDGE_CURVE('',#3067,#3075,#3077,.T.);
#3075 = VERTEX_POINT('',#3076);
#3076 = CARTESIAN_POINT('',(13.,9.,72.));
#3077 = LINE('',#3078,#3079);
#3078 = CARTESIAN_POINT('',(13.,9.,65.));
#3079 = VECTOR('',#3080,1.);
#3080 = DIRECTION('',(0.,0.,1.));
#3081 = ORIENTED_EDGE('',*,*,#3082,.F.);
#3082 = EDGE_CURVE('',#3059,#3075,#3083,.T.);
#3083 = LINE('',#3084,#3085);
#3084 = CARTESIAN_POINT('',(13.,1.,72.));
#3085 = VECTOR('',#3086,1.);
#3086 = DIRECTION('',(-0.,1.,0.));
#3087 = PLANE('',#3088);
#3088 = AXIS2_PLACEMENT_3D('',#3089,#3090,#3091);
#3089 = CARTESIAN_POINT('',(13.,1.,65.));
#3090 = DIRECTION('',(1.,0.,-0.));
#3091 = DIRECTION('',(0.,0.,1.));
#3092 = ADVANCED_FACE('',(#3093),#3109,.F.);
#3093 = FACE_BOUND('',#3094,.F.);
#3094 = EDGE_LOOP('',(#3095,#3101,#3102,#3108));
#3095 = ORIENTED_EDGE('',*,*,#3096,.F.);
#3096 = EDGE_CURVE('',#3017,#3057,#3097,.T.);
#3097 = LINE('',#3098,#3099);
#3098 = CARTESIAN_POINT('',(3.,1.,65.));
#3099 = VECTOR('',#3100,1.);
#3100 = DIRECTION('',(1.,0.,-0.));
#3101 = ORIENTED_EDGE('',*,*,#3016,.T.);
#3102 = ORIENTED_EDGE('',*,*,#3103,.T.);
#3103 = EDGE_CURVE('',#3019,#3059,#3104,.T.);
#3104 = LINE('',#3105,#3106);
#3105 = CARTESIAN_POINT('',(3.,1.,72.));
#3106 = VECTOR('',#3107,1.);
#3107 = DIRECTION('',(1.,0.,-0.));
#3108 = ORIENTED_EDGE('',*,*,#3056,.F.);
#3109 = PLANE('',#3110);
#3110 = AXIS2_PLACEMENT_3D('',#3111,#3112,#3113);
#3111 = CARTESIAN_POINT('',(3.,1.,65.));
#3112 = DIRECTION('',(-0.,1.,0.));
#3113 = DIRECTION('',(0.,0.,1.));
#3114 = ADVANCED_FACE('',(#3115),#3131,.T.);
#3115 = FACE_BOUND('',#3116,.T.);
#3116 = EDGE_LOOP('',(#3117,#3123,#3124,#3130));
#3117 = ORIENTED_EDGE('',*,*,#3118,.F.);
#3118 = EDGE_CURVE('',#3027,#3067,#3119,.T.);
#3119 = LINE('',#3120,#3121);
#3120 = CARTESIAN_POINT('',(3.,9.,65.));
#3121 = VECTOR('',#3122,1.);
#3122 = DIRECTION('',(1.,0.,-0.));
#3123 = ORIENTED_EDGE('',*,*,#3034,.T.);
#3124 = ORIENTED_EDGE('',*,*,#3125,.T.);
#3125 = EDGE_CURVE('',#3035,#3075,#3126,.T.);
#3126 = LINE('',#3127,#3128);
#3127 = CARTESIAN_POINT('',(3.,9.,72.));
#3128 = VECTOR('',#3129,1.);
#3129 = DIRECTION('',(1.,0.,-0.));
#3130 = ORIENTED_EDGE('',*,*,#3074,.F.);
#3131 = PLANE('',#3132);
#3132 = AXIS2_PLACEMENT_3D('',#3133,#3134,#3135);
#3133 = CARTESIAN_POINT('',(3.,9.,65.));
#3134 = DIRECTION('',(-0.,1.,0.));
#3135 = DIRECTION('',(0.,0.,1.));
#3136 = ADVANCED_FACE('',(#3137),#3143,.F.);
#3137 = FACE_BOUND('',#3138,.F.);
#3138 = EDGE_LOOP('',(#3139,#3140,#3141,#3142));
#3139 = ORIENTED_EDGE('',*,*,#3026,.F.);
#3140 = ORIENTED_EDGE('',*,*,#3096,.T.);
#3141 = ORIENTED_EDGE('',*,*,#3066,.T.);
#3142 = ORIENTED_EDGE('',*,*,#3118,.F.);
#3143 = PLANE('',#3144);
#3144 = AXIS2_PLACEMENT_3D('',#3145,#3146,#3147);
#3145 = CARTESIAN_POINT('',(3.,1.,65.));
#3146 = DIRECTION('',(0.,0.,1.));
#3147 = DIRECTION('',(1.,0.,-0.));
#3148 = ADVANCED_FACE('',(#3149),#3155,.T.);
#3149 = FACE_BOUND('',#3150,.T.);
#3150 = EDGE_LOOP('',(#3151,#3152,#3153,#3154));
#3151 = ORIENTED_EDGE('',*,*,#3042,.F.);
#3152 = ORIENTED_EDGE('',*,*,#3103,.T.);
#3153 = ORIENTED_EDGE('',*,*,#3082,.T.);
#3154 = ORIENTED_EDGE('',*,*,#3125,.F.);
#3155 = PLANE('',#3156);
#3156 = AXIS2_PLACEMENT_3D('',#3157,#3158,#3159);
#3157 = CARTESIAN_POINT('',(3.,1.,72.));
#3158 = DIRECTION('',(0.,0.,1.));
#3159 = DIRECTION('',(1.,0.,-0.));
#3160 = ( GEOMETRIC_REPRESENTATION_CONTEXT(3) 
GLOBAL_UNCERTAINTY_ASSIGNED_CONTEXT((#3164)) 
GLOBAL_UNIT_ASSIGNED_CONTEXT((#3161,#3162,#3163)) REPRESENTATION_CONTEXT
('Context #1','3D Context with UNIT and UNCERTAINTY') );
#3161 = ( LENGTH_UNIT() NAMED_UNIT(*) SI_UNIT(.MILLI.,.METRE.) );
#3162 = ( NAMED_UNIT(*) PLANE_ANGLE_UNIT() SI_UNIT($,.RADIAN.) );
#3163 = ( NAMED_UNIT(*) SI_UNIT($,.STERADIAN.) SOLID_ANGLE_UNIT() );
#3164 = UNCERTAINTY_MEASURE_WITH_UNIT(LENGTH_MEASURE(1.E-07),#3161,
  'distance_accuracy_value','confusion accuracy');
#3165 = CONTEXT_DEPENDENT_SHAPE_REPRESENTATION(#3166,#3168);
#3166 = ( REPRESENTATION_RELATIONSHIP('','',#3009,#10) 
REPRESENTATION_RELATIONSHIP_WITH_TRANSFORMATION(#3167) 
SHAPE_REPRESENTATION_RELATIONSHIP() );
#3167 = ITEM_DEFINED_TRANSFORMATION('','',#11,#83);
#3168 = PRODUCT_DEFINITION_SHAPE('Placement','Placement of an item',
  #3169);
#3169 = NEXT_ASSEMBLY_USAGE_OCCURRENCE('51','ISOLATED_POWER_BANK_GND',''
  ,#5,#3004,$);
#3170 = PRODUCT_RELATED_PRODUCT_CATEGORY('part',$,(#3006));
#3171 = SHAPE_DEFINITION_REPRESENTATION(#3172,#3178);
#3172 = PRODUCT_DEFINITION_SHAPE('','',#3173);
#3173 = PRODUCT_DEFINITION('design','',#3174,#3177);
#3174 = PRODUCT_DEFINITION_FORMATION('','',#3175);
#3175 = PRODUCT('ISOLATED_POWER_BANK_VBAT','ISOLATED_POWER_BANK_VBAT',''
  ,(#3176));
#3176 = PRODUCT_CONTEXT('',#2,'mechanical');
#3177 = PRODUCT_DEFINITION_CONTEXT('part definition',#2,'design');
#3178 = ADVANCED_BREP_SHAPE_REPRESENTATION('',(#11,#3179),#3329);
#3179 = MANIFOLD_SOLID_BREP('',#3180);
#3180 = CLOSED_SHELL('',(#3181,#3221,#3261,#3283,#3305,#3317));
#3181 = ADVANCED_FACE('',(#3182),#3216,.F.);
#3182 = FACE_BOUND('',#3183,.F.);
#3183 = EDGE_LOOP('',(#3184,#3194,#3202,#3210));
#3184 = ORIENTED_EDGE('',*,*,#3185,.F.);
#3185 = EDGE_CURVE('',#3186,#3188,#3190,.T.);
#3186 = VERTEX_POINT('',#3187);
#3187 = CARTESIAN_POINT('',(16.,1.,65.));
#3188 = VERTEX_POINT('',#3189);
#3189 = CARTESIAN_POINT('',(16.,1.,72.));
#3190 = LINE('',#3191,#3192);
#3191 = CARTESIAN_POINT('',(16.,1.,65.));
#3192 = VECTOR('',#3193,1.);
#3193 = DIRECTION('',(0.,0.,1.));
#3194 = ORIENTED_EDGE('',*,*,#3195,.T.);
#3195 = EDGE_CURVE('',#3186,#3196,#3198,.T.);
#3196 = VERTEX_POINT('',#3197);
#3197 = CARTESIAN_POINT('',(16.,9.,65.));
#3198 = LINE('',#3199,#3200);
#3199 = CARTESIAN_POINT('',(16.,1.,65.));
#3200 = VECTOR('',#3201,1.);
#3201 = DIRECTION('',(-0.,1.,0.));
#3202 = ORIENTED_EDGE('',*,*,#3203,.T.);
#3203 = EDGE_CURVE('',#3196,#3204,#3206,.T.);
#3204 = VERTEX_POINT('',#3205);
#3205 = CARTESIAN_POINT('',(16.,9.,72.));
#3206 = LINE('',#3207,#3208);
#3207 = CARTESIAN_POINT('',(16.,9.,65.));
#3208 = VECTOR('',#3209,1.);
#3209 = DIRECTION('',(0.,0.,1.));
#3210 = ORIENTED_EDGE('',*,*,#3211,.F.);
#3211 = EDGE_CURVE('',#3188,#3204,#3212,.T.);
#3212 = LINE('',#3213,#3214);
#3213 = CARTESIAN_POINT('',(16.,1.,72.));
#3214 = VECTOR('',#3215,1.);
#3215 = DIRECTION('',(-0.,1.,0.));
#3216 = PLANE('',#3217);
#3217 = AXIS2_PLACEMENT_3D('',#3218,#3219,#3220);
#3218 = CARTESIAN_POINT('',(16.,1.,65.));
#3219 = DIRECTION('',(1.,0.,-0.));
#3220 = DIRECTION('',(0.,0.,1.));
#3221 = ADVANCED_FACE('',(#3222),#3256,.T.);
#3222 = FACE_BOUND('',#3223,.T.);
#3223 = EDGE_LOOP('',(#3224,#3234,#3242,#3250));
#3224 = ORIENTED_EDGE('',*,*,#3225,.F.);
#3225 = EDGE_CURVE('',#3226,#3228,#3230,.T.);
#3226 = VERTEX_POINT('',#3227);
#3227 = CARTESIAN_POINT('',(26.,1.,65.));
#3228 = VERTEX_POINT('',#3229);
#3229 = CARTESIAN_POINT('',(26.,1.,72.));
#3230 = LINE('',#3231,#3232);
#3231 = CARTESIAN_POINT('',(26.,1.,65.));
#3232 = VECTOR('',#3233,1.);
#3233 = DIRECTION('',(0.,0.,1.));
#3234 = ORIENTED_EDGE('',*,*,#3235,.T.);
#3235 = EDGE_CURVE('',#3226,#3236,#3238,.T.);
#3236 = VERTEX_POINT('',#3237);
#3237 = CARTESIAN_POINT('',(26.,9.,65.));
#3238 = LINE('',#3239,#3240);
#3239 = CARTESIAN_POINT('',(26.,1.,65.));
#3240 = VECTOR('',#3241,1.);
#3241 = DIRECTION('',(-0.,1.,0.));
#3242 = ORIENTED_EDGE('',*,*,#3243,.T.);
#3243 = EDGE_CURVE('',#3236,#3244,#3246,.T.);
#3244 = VERTEX_POINT('',#3245);
#3245 = CARTESIAN_POINT('',(26.,9.,72.));
#3246 = LINE('',#3247,#3248);
#3247 = CARTESIAN_POINT('',(26.,9.,65.));
#3248 = VECTOR('',#3249,1.);
#3249 = DIRECTION('',(0.,0.,1.));
#3250 = ORIENTED_EDGE('',*,*,#3251,.F.);
#3251 = EDGE_CURVE('',#3228,#3244,#3252,.T.);
#3252 = LINE('',#3253,#3254);
#3253 = CARTESIAN_POINT('',(26.,1.,72.));
#3254 = VECTOR('',#3255,1.);
#3255 = DIRECTION('',(-0.,1.,0.));
#3256 = PLANE('',#3257);
#3257 = AXIS2_PLACEMENT_3D('',#3258,#3259,#3260);
#3258 = CARTESIAN_POINT('',(26.,1.,65.));
#3259 = DIRECTION('',(1.,0.,-0.));
#3260 = DIRECTION('',(0.,0.,1.));
#3261 = ADVANCED_FACE('',(#3262),#3278,.F.);
#3262 = FACE_BOUND('',#3263,.F.);
#3263 = EDGE_LOOP('',(#3264,#3270,#3271,#3277));
#3264 = ORIENTED_EDGE('',*,*,#3265,.F.);
#3265 = EDGE_CURVE('',#3186,#3226,#3266,.T.);
#3266 = LINE('',#3267,#3268);
#3267 = CARTESIAN_POINT('',(16.,1.,65.));
#3268 = VECTOR('',#3269,1.);
#3269 = DIRECTION('',(1.,0.,-0.));
#3270 = ORIENTED_EDGE('',*,*,#3185,.T.);
#3271 = ORIENTED_EDGE('',*,*,#3272,.T.);
#3272 = EDGE_CURVE('',#3188,#3228,#3273,.T.);
#3273 = LINE('',#3274,#3275);
#3274 = CARTESIAN_POINT('',(16.,1.,72.));
#3275 = VECTOR('',#3276,1.);
#3276 = DIRECTION('',(1.,0.,-0.));
#3277 = ORIENTED_EDGE('',*,*,#3225,.F.);
#3278 = PLANE('',#3279);
#3279 = AXIS2_PLACEMENT_3D('',#3280,#3281,#3282);
#3280 = CARTESIAN_POINT('',(16.,1.,65.));
#3281 = DIRECTION('',(-0.,1.,0.));
#3282 = DIRECTION('',(0.,0.,1.));
#3283 = ADVANCED_FACE('',(#3284),#3300,.T.);
#3284 = FACE_BOUND('',#3285,.T.);
#3285 = EDGE_LOOP('',(#3286,#3292,#3293,#3299));
#3286 = ORIENTED_EDGE('',*,*,#3287,.F.);
#3287 = EDGE_CURVE('',#3196,#3236,#3288,.T.);
#3288 = LINE('',#3289,#3290);
#3289 = CARTESIAN_POINT('',(16.,9.,65.));
#3290 = VECTOR('',#3291,1.);
#3291 = DIRECTION('',(1.,0.,-0.));
#3292 = ORIENTED_EDGE('',*,*,#3203,.T.);
#3293 = ORIENTED_EDGE('',*,*,#3294,.T.);
#3294 = EDGE_CURVE('',#3204,#3244,#3295,.T.);
#3295 = LINE('',#3296,#3297);
#3296 = CARTESIAN_POINT('',(16.,9.,72.));
#3297 = VECTOR('',#3298,1.);
#3298 = DIRECTION('',(1.,0.,-0.));
#3299 = ORIENTED_EDGE('',*,*,#3243,.F.);
#3300 = PLANE('',#3301);
#3301 = AXIS2_PLACEMENT_3D('',#3302,#3303,#3304);
#3302 = CARTESIAN_POINT('',(16.,9.,65.));
#3303 = DIRECTION('',(-0.,1.,0.));
#3304 = DIRECTION('',(0.,0.,1.));
#3305 = ADVANCED_FACE('',(#3306),#3312,.F.);
#3306 = FACE_BOUND('',#3307,.F.);
#3307 = EDGE_LOOP('',(#3308,#3309,#3310,#3311));
#3308 = ORIENTED_EDGE('',*,*,#3195,.F.);
#3309 = ORIENTED_EDGE('',*,*,#3265,.T.);
#3310 = ORIENTED_EDGE('',*,*,#3235,.T.);
#3311 = ORIENTED_EDGE('',*,*,#3287,.F.);
#3312 = PLANE('',#3313);
#3313 = AXIS2_PLACEMENT_3D('',#3314,#3315,#3316);
#3314 = CARTESIAN_POINT('',(16.,1.,65.));
#3315 = DIRECTION('',(0.,0.,1.));
#3316 = DIRECTION('',(1.,0.,-0.));
#3317 = ADVANCED_FACE('',(#3318),#3324,.T.);
#3318 = FACE_BOUND('',#3319,.T.);
#3319 = EDGE_LOOP('',(#3320,#3321,#3322,#3323));
#3320 = ORIENTED_EDGE('',*,*,#3211,.F.);
#3321 = ORIENTED_EDGE('',*,*,#3272,.T.);
#3322 = ORIENTED_EDGE('',*,*,#3251,.T.);
#3323 = ORIENTED_EDGE('',*,*,#3294,.F.);
#3324 = PLANE('',#3325);
#3325 = AXIS2_PLACEMENT_3D('',#3326,#3327,#3328);
#3326 = CARTESIAN_POINT('',(16.,1.,72.));
#3327 = DIRECTION('',(0.,0.,1.));
#3328 = DIRECTION('',(1.,0.,-0.));
#3329 = ( GEOMETRIC_REPRESENTATION_CONTEXT(3) 
GLOBAL_UNCERTAINTY_ASSIGNED_CONTEXT((#3333)) 
GLOBAL_UNIT_ASSIGNED_CONTEXT((#3330,#3331,#3332)) REPRESENTATION_CONTEXT
('Context #1','3D Context with UNIT and UNCERTAINTY') );
#3330 = ( LENGTH_UNIT() NAMED_UNIT(*) SI_UNIT(.MILLI.,.METRE.) );
#3331 = ( NAMED_UNIT(*) PLANE_ANGLE_UNIT() SI_UNIT($,.RADIAN.) );
#3332 = ( NAMED_UNIT(*) SI_UNIT($,.STERADIAN.) SOLID_ANGLE_UNIT() );
#3333 = UNCERTAINTY_MEASURE_WITH_UNIT(LENGTH_MEASURE(1.E-07),#3330,
  'distance_accuracy_value','confusion accuracy');
#3334 = CONTEXT_DEPENDENT_SHAPE_REPRESENTATION(#3335,#3337);
#3335 = ( REPRESENTATION_RELATIONSHIP('','',#3178,#10) 
REPRESENTATION_RELATIONSHIP_WITH_TRANSFORMATION(#3336) 
SHAPE_REPRESENTATION_RELATIONSHIP() );
#3336 = ITEM_DEFINED_TRANSFORMATION('','',#11,#87);
#3337 = PRODUCT_DEFINITION_SHAPE('Placement','Placement of an item',
  #3338);
#3338 = NEXT_ASSEMBLY_USAGE_OCCURRENCE('52','ISOLATED_POWER_BANK_VBAT',
  '',#5,#3173,$);
#3339 = PRODUCT_RELATED_PRODUCT_CATEGORY('part',$,(#3175));
#3340 = SHAPE_DEFINITION_REPRESENTATION(#3341,#3347);
#3341 = PRODUCT_DEFINITION_SHAPE('','',#3342);
#3342 = PRODUCT_DEFINITION('design','',#3343,#3346);
#3343 = PRODUCT_DEFINITION_FORMATION('','',#3344);
#3344 = PRODUCT('ISOLATED_POWER_BANK_5V','ISOLATED_POWER_BANK_5V','',(
    #3345));
#3345 = PRODUCT_CONTEXT('',#2,'mechanical');
#3346 = PRODUCT_DEFINITION_CONTEXT('part definition',#2,'design');
#3347 = ADVANCED_BREP_SHAPE_REPRESENTATION('',(#11,#3348),#3498);
#3348 = MANIFOLD_SOLID_BREP('',#3349);
#3349 = CLOSED_SHELL('',(#3350,#3390,#3430,#3452,#3474,#3486));
#3350 = ADVANCED_FACE('',(#3351),#3385,.F.);
#3351 = FACE_BOUND('',#3352,.F.);
#3352 = EDGE_LOOP('',(#3353,#3363,#3371,#3379));
#3353 = ORIENTED_EDGE('',*,*,#3354,.F.);
#3354 = EDGE_CURVE('',#3355,#3357,#3359,.T.);
#3355 = VERTEX_POINT('',#3356);
#3356 = CARTESIAN_POINT('',(29.,1.,65.));
#3357 = VERTEX_POINT('',#3358);
#3358 = CARTESIAN_POINT('',(29.,1.,72.));
#3359 = LINE('',#3360,#3361);
#3360 = CARTESIAN_POINT('',(29.,1.,65.));
#3361 = VECTOR('',#3362,1.);
#3362 = DIRECTION('',(0.,0.,1.));
#3363 = ORIENTED_EDGE('',*,*,#3364,.T.);
#3364 = EDGE_CURVE('',#3355,#3365,#3367,.T.);
#3365 = VERTEX_POINT('',#3366);
#3366 = CARTESIAN_POINT('',(29.,9.,65.));
#3367 = LINE('',#3368,#3369);
#3368 = CARTESIAN_POINT('',(29.,1.,65.));
#3369 = VECTOR('',#3370,1.);
#3370 = DIRECTION('',(-0.,1.,0.));
#3371 = ORIENTED_EDGE('',*,*,#3372,.T.);
#3372 = EDGE_CURVE('',#3365,#3373,#3375,.T.);
#3373 = VERTEX_POINT('',#3374);
#3374 = CARTESIAN_POINT('',(29.,9.,72.));
#3375 = LINE('',#3376,#3377);
#3376 = CARTESIAN_POINT('',(29.,9.,65.));
#3377 = VECTOR('',#3378,1.);
#3378 = DIRECTION('',(0.,0.,1.));
#3379 = ORIENTED_EDGE('',*,*,#3380,.F.);
#3380 = EDGE_CURVE('',#3357,#3373,#3381,.T.);
#3381 = LINE('',#3382,#3383);
#3382 = CARTESIAN_POINT('',(29.,1.,72.));
#3383 = VECTOR('',#3384,1.);
#3384 = DIRECTION('',(-0.,1.,0.));
#3385 = PLANE('',#3386);
#3386 = AXIS2_PLACEMENT_3D('',#3387,#3388,#3389);
#3387 = CARTESIAN_POINT('',(29.,1.,65.));
#3388 = DIRECTION('',(1.,0.,-0.));
#3389 = DIRECTION('',(0.,0.,1.));
#3390 = ADVANCED_FACE('',(#3391),#3425,.T.);
#3391 = FACE_BOUND('',#3392,.T.);
#3392 = EDGE_LOOP('',(#3393,#3403,#3411,#3419));
#3393 = ORIENTED_EDGE('',*,*,#3394,.F.);
#3394 = EDGE_CURVE('',#3395,#3397,#3399,.T.);
#3395 = VERTEX_POINT('',#3396);
#3396 = CARTESIAN_POINT('',(39.,1.,65.));
#3397 = VERTEX_POINT('',#3398);
#3398 = CARTESIAN_POINT('',(39.,1.,72.));
#3399 = LINE('',#3400,#3401);
#3400 = CARTESIAN_POINT('',(39.,1.,65.));
#3401 = VECTOR('',#3402,1.);
#3402 = DIRECTION('',(0.,0.,1.));
#3403 = ORIENTED_EDGE('',*,*,#3404,.T.);
#3404 = EDGE_CURVE('',#3395,#3405,#3407,.T.);
#3405 = VERTEX_POINT('',#3406);
#3406 = CARTESIAN_POINT('',(39.,9.,65.));
#3407 = LINE('',#3408,#3409);
#3408 = CARTESIAN_POINT('',(39.,1.,65.));
#3409 = VECTOR('',#3410,1.);
#3410 = DIRECTION('',(-0.,1.,0.));
#3411 = ORIENTED_EDGE('',*,*,#3412,.T.);
#3412 = EDGE_CURVE('',#3405,#3413,#3415,.T.);
#3413 = VERTEX_POINT('',#3414);
#3414 = CARTESIAN_POINT('',(39.,9.,72.));
#3415 = LINE('',#3416,#3417);
#3416 = CARTESIAN_POINT('',(39.,9.,65.));
#3417 = VECTOR('',#3418,1.);
#3418 = DIRECTION('',(0.,0.,1.));
#3419 = ORIENTED_EDGE('',*,*,#3420,.F.);
#3420 = EDGE_CURVE('',#3397,#3413,#3421,.T.);
#3421 = LINE('',#3422,#3423);
#3422 = CARTESIAN_POINT('',(39.,1.,72.));
#3423 = VECTOR('',#3424,1.);
#3424 = DIRECTION('',(-0.,1.,0.));
#3425 = PLANE('',#3426);
#3426 = AXIS2_PLACEMENT_3D('',#3427,#3428,#3429);
#3427 = CARTESIAN_POINT('',(39.,1.,65.));
#3428 = DIRECTION('',(1.,0.,-0.));
#3429 = DIRECTION('',(0.,0.,1.));
#3430 = ADVANCED_FACE('',(#3431),#3447,.F.);
#3431 = FACE_BOUND('',#3432,.F.);
#3432 = EDGE_LOOP('',(#3433,#3439,#3440,#3446));
#3433 = ORIENTED_EDGE('',*,*,#3434,.F.);
#3434 = EDGE_CURVE('',#3355,#3395,#3435,.T.);
#3435 = LINE('',#3436,#3437);
#3436 = CARTESIAN_POINT('',(29.,1.,65.));
#3437 = VECTOR('',#3438,1.);
#3438 = DIRECTION('',(1.,0.,-0.));
#3439 = ORIENTED_EDGE('',*,*,#3354,.T.);
#3440 = ORIENTED_EDGE('',*,*,#3441,.T.);
#3441 = EDGE_CURVE('',#3357,#3397,#3442,.T.);
#3442 = LINE('',#3443,#3444);
#3443 = CARTESIAN_POINT('',(29.,1.,72.));
#3444 = VECTOR('',#3445,1.);
#3445 = DIRECTION('',(1.,0.,-0.));
#3446 = ORIENTED_EDGE('',*,*,#3394,.F.);
#3447 = PLANE('',#3448);
#3448 = AXIS2_PLACEMENT_3D('',#3449,#3450,#3451);
#3449 = CARTESIAN_POINT('',(29.,1.,65.));
#3450 = DIRECTION('',(-0.,1.,0.));
#3451 = DIRECTION('',(0.,0.,1.));
#3452 = ADVANCED_FACE('',(#3453),#3469,.T.);
#3453 = FACE_BOUND('',#3454,.T.);
#3454 = EDGE_LOOP('',(#3455,#3461,#3462,#3468));
#3455 = ORIENTED_EDGE('',*,*,#3456,.F.);
#3456 = EDGE_CURVE('',#3365,#3405,#3457,.T.);
#3457 = LINE('',#3458,#3459);
#3458 = CARTESIAN_POINT('',(29.,9.,65.));
#3459 = VECTOR('',#3460,1.);
#3460 = DIRECTION('',(1.,0.,-0.));
#3461 = ORIENTED_EDGE('',*,*,#3372,.T.);
#3462 = ORIENTED_EDGE('',*,*,#3463,.T.);
#3463 = EDGE_CURVE('',#3373,#3413,#3464,.T.);
#3464 = LINE('',#3465,#3466);
#3465 = CARTESIAN_POINT('',(29.,9.,72.));
#3466 = VECTOR('',#3467,1.);
#3467 = DIRECTION('',(1.,0.,-0.));
#3468 = ORIENTED_EDGE('',*,*,#3412,.F.);
#3469 = PLANE('',#3470);
#3470 = AXIS2_PLACEMENT_3D('',#3471,#3472,#3473);
#3471 = CARTESIAN_POINT('',(29.,9.,65.));
#3472 = DIRECTION('',(-0.,1.,0.));
#3473 = DIRECTION('',(0.,0.,1.));
#3474 = ADVANCED_FACE('',(#3475),#3481,.F.);
#3475 = FACE_BOUND('',#3476,.F.);
#3476 = EDGE_LOOP('',(#3477,#3478,#3479,#3480));
#3477 = ORIENTED_EDGE('',*,*,#3364,.F.);
#3478 = ORIENTED_EDGE('',*,*,#3434,.T.);
#3479 = ORIENTED_EDGE('',*,*,#3404,.T.);
#3480 = ORIENTED_EDGE('',*,*,#3456,.F.);
#3481 = PLANE('',#3482);
#3482 = AXIS2_PLACEMENT_3D('',#3483,#3484,#3485);
#3483 = CARTESIAN_POINT('',(29.,1.,65.));
#3484 = DIRECTION('',(0.,0.,1.));
#3485 = DIRECTION('',(1.,0.,-0.));
#3486 = ADVANCED_FACE('',(#3487),#3493,.T.);
#3487 = FACE_BOUND('',#3488,.T.);
#3488 = EDGE_LOOP('',(#3489,#3490,#3491,#3492));
#3489 = ORIENTED_EDGE('',*,*,#3380,.F.);
#3490 = ORIENTED_EDGE('',*,*,#3441,.T.);
#3491 = ORIENTED_EDGE('',*,*,#3420,.T.);
#3492 = ORIENTED_EDGE('',*,*,#3463,.F.);
#3493 = PLANE('',#3494);
#3494 = AXIS2_PLACEMENT_3D('',#3495,#3496,#3497);
#3495 = CARTESIAN_POINT('',(29.,1.,72.));
#3496 = DIRECTION('',(0.,0.,1.));
#3497 = DIRECTION('',(1.,0.,-0.));
#3498 = ( GEOMETRIC_REPRESENTATION_CONTEXT(3) 
GLOBAL_UNCERTAINTY_ASSIGNED_CONTEXT((#3502)) 
GLOBAL_UNIT_ASSIGNED_CONTEXT((#3499,#3500,#3501)) REPRESENTATION_CONTEXT
('Context #1','3D Context with UNIT and UNCERTAINTY') );
#3499 = ( LENGTH_UNIT() NAMED_UNIT(*) SI_UNIT(.MILLI.,.METRE.) );
#3500 = ( NAMED_UNIT(*) PLANE_ANGLE_UNIT() SI_UNIT($,.RADIAN.) );
#3501 = ( NAMED_UNIT(*) SI_UNIT($,.STERADIAN.) SOLID_ANGLE_UNIT() );
#3502 = UNCERTAINTY_MEASURE_WITH_UNIT(LENGTH_MEASURE(1.E-07),#3499,
  'distance_accuracy_value','confusion accuracy');
#3503 = CONTEXT_DEPENDENT_SHAPE_REPRESENTATION(#3504,#3506);
#3504 = ( REPRESENTATION_RELATIONSHIP('','',#3347,#10) 
REPRESENTATION_RELATIONSHIP_WITH_TRANSFORMATION(#3505) 
SHAPE_REPRESENTATION_RELATIONSHIP() );
#3505 = ITEM_DEFINED_TRANSFORMATION('','',#11,#91);
#3506 = PRODUCT_DEFINITION_SHAPE('Placement','Placement of an item',
  #3507);
#3507 = NEXT_ASSEMBLY_USAGE_OCCURRENCE('53','ISOLATED_POWER_BANK_5V','',
  #5,#3342,$);
#3508 = PRODUCT_RELATED_PRODUCT_CATEGORY('part',$,(#3344));
#3509 = SHAPE_DEFINITION_REPRESENTATION(#3510,#3516);
#3510 = PRODUCT_DEFINITION_SHAPE('','',#3511);
#3511 = PRODUCT_DEFINITION('design','',#3512,#3515);
#3512 = PRODUCT_DEFINITION_FORMATION('','',#3513);
#3513 = PRODUCT('ISOLATED_POWER_BANK_3V3_PI',
  'ISOLATED_POWER_BANK_3V3_PI','',(#3514));
#3514 = PRODUCT_CONTEXT('',#2,'mechanical');
#3515 = PRODUCT_DEFINITION_CONTEXT('part definition',#2,'design');
#3516 = ADVANCED_BREP_SHAPE_REPRESENTATION('',(#11,#3517),#3667);
#3517 = MANIFOLD_SOLID_BREP('',#3518);
#3518 = CLOSED_SHELL('',(#3519,#3559,#3599,#3621,#3643,#3655));
#3519 = ADVANCED_FACE('',(#3520),#3554,.F.);
#3520 = FACE_BOUND('',#3521,.F.);
#3521 = EDGE_LOOP('',(#3522,#3532,#3540,#3548));
#3522 = ORIENTED_EDGE('',*,*,#3523,.F.);
#3523 = EDGE_CURVE('',#3524,#3526,#3528,.T.);
#3524 = VERTEX_POINT('',#3525);
#3525 = CARTESIAN_POINT('',(42.,1.,65.));
#3526 = VERTEX_POINT('',#3527);
#3527 = CARTESIAN_POINT('',(42.,1.,72.));
#3528 = LINE('',#3529,#3530);
#3529 = CARTESIAN_POINT('',(42.,1.,65.));
#3530 = VECTOR('',#3531,1.);
#3531 = DIRECTION('',(0.,0.,1.));
#3532 = ORIENTED_EDGE('',*,*,#3533,.T.);
#3533 = EDGE_CURVE('',#3524,#3534,#3536,.T.);
#3534 = VERTEX_POINT('',#3535);
#3535 = CARTESIAN_POINT('',(42.,9.,65.));
#3536 = LINE('',#3537,#3538);
#3537 = CARTESIAN_POINT('',(42.,1.,65.));
#3538 = VECTOR('',#3539,1.);
#3539 = DIRECTION('',(-0.,1.,0.));
#3540 = ORIENTED_EDGE('',*,*,#3541,.T.);
#3541 = EDGE_CURVE('',#3534,#3542,#3544,.T.);
#3542 = VERTEX_POINT('',#3543);
#3543 = CARTESIAN_POINT('',(42.,9.,72.));
#3544 = LINE('',#3545,#3546);
#3545 = CARTESIAN_POINT('',(42.,9.,65.));
#3546 = VECTOR('',#3547,1.);
#3547 = DIRECTION('',(0.,0.,1.));
#3548 = ORIENTED_EDGE('',*,*,#3549,.F.);
#3549 = EDGE_CURVE('',#3526,#3542,#3550,.T.);
#3550 = LINE('',#3551,#3552);
#3551 = CARTESIAN_POINT('',(42.,1.,72.));
#3552 = VECTOR('',#3553,1.);
#3553 = DIRECTION('',(-0.,1.,0.));
#3554 = PLANE('',#3555);
#3555 = AXIS2_PLACEMENT_3D('',#3556,#3557,#3558);
#3556 = CARTESIAN_POINT('',(42.,1.,65.));
#3557 = DIRECTION('',(1.,0.,-0.));
#3558 = DIRECTION('',(0.,0.,1.));
#3559 = ADVANCED_FACE('',(#3560),#3594,.T.);
#3560 = FACE_BOUND('',#3561,.T.);
#3561 = EDGE_LOOP('',(#3562,#3572,#3580,#3588));
#3562 = ORIENTED_EDGE('',*,*,#3563,.F.);
#3563 = EDGE_CURVE('',#3564,#3566,#3568,.T.);
#3564 = VERTEX_POINT('',#3565);
#3565 = CARTESIAN_POINT('',(52.,1.,65.));
#3566 = VERTEX_POINT('',#3567);
#3567 = CARTESIAN_POINT('',(52.,1.,72.));
#3568 = LINE('',#3569,#3570);
#3569 = CARTESIAN_POINT('',(52.,1.,65.));
#3570 = VECTOR('',#3571,1.);
#3571 = DIRECTION('',(0.,0.,1.));
#3572 = ORIENTED_EDGE('',*,*,#3573,.T.);
#3573 = EDGE_CURVE('',#3564,#3574,#3576,.T.);
#3574 = VERTEX_POINT('',#3575);
#3575 = CARTESIAN_POINT('',(52.,9.,65.));
#3576 = LINE('',#3577,#3578);
#3577 = CARTESIAN_POINT('',(52.,1.,65.));
#3578 = VECTOR('',#3579,1.);
#3579 = DIRECTION('',(-0.,1.,0.));
#3580 = ORIENTED_EDGE('',*,*,#3581,.T.);
#3581 = EDGE_CURVE('',#3574,#3582,#3584,.T.);
#3582 = VERTEX_POINT('',#3583);
#3583 = CARTESIAN_POINT('',(52.,9.,72.));
#3584 = LINE('',#3585,#3586);
#3585 = CARTESIAN_POINT('',(52.,9.,65.));
#3586 = VECTOR('',#3587,1.);
#3587 = DIRECTION('',(0.,0.,1.));
#3588 = ORIENTED_EDGE('',*,*,#3589,.F.);
#3589 = EDGE_CURVE('',#3566,#3582,#3590,.T.);
#3590 = LINE('',#3591,#3592);
#3591 = CARTESIAN_POINT('',(52.,1.,72.));
#3592 = VECTOR('',#3593,1.);
#3593 = DIRECTION('',(-0.,1.,0.));
#3594 = PLANE('',#3595);
#3595 = AXIS2_PLACEMENT_3D('',#3596,#3597,#3598);
#3596 = CARTESIAN_POINT('',(52.,1.,65.));
#3597 = DIRECTION('',(1.,0.,-0.));
#3598 = DIRECTION('',(0.,0.,1.));
#3599 = ADVANCED_FACE('',(#3600),#3616,.F.);
#3600 = FACE_BOUND('',#3601,.F.);
#3601 = EDGE_LOOP('',(#3602,#3608,#3609,#3615));
#3602 = ORIENTED_EDGE('',*,*,#3603,.F.);
#3603 = EDGE_CURVE('',#3524,#3564,#3604,.T.);
#3604 = LINE('',#3605,#3606);
#3605 = CARTESIAN_POINT('',(42.,1.,65.));
#3606 = VECTOR('',#3607,1.);
#3607 = DIRECTION('',(1.,0.,-0.));
#3608 = ORIENTED_EDGE('',*,*,#3523,.T.);
#3609 = ORIENTED_EDGE('',*,*,#3610,.T.);
#3610 = EDGE_CURVE('',#3526,#3566,#3611,.T.);
#3611 = LINE('',#3612,#3613);
#3612 = CARTESIAN_POINT('',(42.,1.,72.));
#3613 = VECTOR('',#3614,1.);
#3614 = DIRECTION('',(1.,0.,-0.));
#3615 = ORIENTED_EDGE('',*,*,#3563,.F.);
#3616 = PLANE('',#3617);
#3617 = AXIS2_PLACEMENT_3D('',#3618,#3619,#3620);
#3618 = CARTESIAN_POINT('',(42.,1.,65.));
#3619 = DIRECTION('',(-0.,1.,0.));
#3620 = DIRECTION('',(0.,0.,1.));
#3621 = ADVANCED_FACE('',(#3622),#3638,.T.);
#3622 = FACE_BOUND('',#3623,.T.);
#3623 = EDGE_LOOP('',(#3624,#3630,#3631,#3637));
#3624 = ORIENTED_EDGE('',*,*,#3625,.F.);
#3625 = EDGE_CURVE('',#3534,#3574,#3626,.T.);
#3626 = LINE('',#3627,#3628);
#3627 = CARTESIAN_POINT('',(42.,9.,65.));
#3628 = VECTOR('',#3629,1.);
#3629 = DIRECTION('',(1.,0.,-0.));
#3630 = ORIENTED_EDGE('',*,*,#3541,.T.);
#3631 = ORIENTED_EDGE('',*,*,#3632,.T.);
#3632 = EDGE_CURVE('',#3542,#3582,#3633,.T.);
#3633 = LINE('',#3634,#3635);
#3634 = CARTESIAN_POINT('',(42.,9.,72.));
#3635 = VECTOR('',#3636,1.);
#3636 = DIRECTION('',(1.,0.,-0.));
#3637 = ORIENTED_EDGE('',*,*,#3581,.F.);
#3638 = PLANE('',#3639);
#3639 = AXIS2_PLACEMENT_3D('',#3640,#3641,#3642);
#3640 = CARTESIAN_POINT('',(42.,9.,65.));
#3641 = DIRECTION('',(-0.,1.,0.));
#3642 = DIRECTION('',(0.,0.,1.));
#3643 = ADVANCED_FACE('',(#3644),#3650,.F.);
#3644 = FACE_BOUND('',#3645,.F.);
#3645 = EDGE_LOOP('',(#3646,#3647,#3648,#3649));
#3646 = ORIENTED_EDGE('',*,*,#3533,.F.);
#3647 = ORIENTED_EDGE('',*,*,#3603,.T.);
#3648 = ORIENTED_EDGE('',*,*,#3573,.T.);
#3649 = ORIENTED_EDGE('',*,*,#3625,.F.);
#3650 = PLANE('',#3651);
#3651 = AXIS2_PLACEMENT_3D('',#3652,#3653,#3654);
#3652 = CARTESIAN_POINT('',(42.,1.,65.));
#3653 = DIRECTION('',(0.,0.,1.));
#3654 = DIRECTION('',(1.,0.,-0.));
#3655 = ADVANCED_FACE('',(#3656),#3662,.T.);
#3656 = FACE_BOUND('',#3657,.T.);
#3657 = EDGE_LOOP('',(#3658,#3659,#3660,#3661));
#3658 = ORIENTED_EDGE('',*,*,#3549,.F.);
#3659 = ORIENTED_EDGE('',*,*,#3610,.T.);
#3660 = ORIENTED_EDGE('',*,*,#3589,.T.);
#3661 = ORIENTED_EDGE('',*,*,#3632,.F.);
#3662 = PLANE('',#3663);
#3663 = AXIS2_PLACEMENT_3D('',#3664,#3665,#3666);
#3664 = CARTESIAN_POINT('',(42.,1.,72.));
#3665 = DIRECTION('',(0.,0.,1.));
#3666 = DIRECTION('',(1.,0.,-0.));
#3667 = ( GEOMETRIC_REPRESENTATION_CONTEXT(3) 
GLOBAL_UNCERTAINTY_ASSIGNED_CONTEXT((#3671)) 
GLOBAL_UNIT_ASSIGNED_CONTEXT((#3668,#3669,#3670)) REPRESENTATION_CONTEXT
('Context #1','3D Context with UNIT and UNCERTAINTY') );
#3668 = ( LENGTH_UNIT() NAMED_UNIT(*) SI_UNIT(.MILLI.,.METRE.) );
#3669 = ( NAMED_UNIT(*) PLANE_ANGLE_UNIT() SI_UNIT($,.RADIAN.) );
#3670 = ( NAMED_UNIT(*) SI_UNIT($,.STERADIAN.) SOLID_ANGLE_UNIT() );
#3671 = UNCERTAINTY_MEASURE_WITH_UNIT(LENGTH_MEASURE(1.E-07),#3668,
  'distance_accuracy_value','confusion accuracy');
#3672 = CONTEXT_DEPENDENT_SHAPE_REPRESENTATION(#3673,#3675);
#3673 = ( REPRESENTATION_RELATIONSHIP('','',#3516,#10) 
REPRESENTATION_RELATIONSHIP_WITH_TRANSFORMATION(#3674) 
SHAPE_REPRESENTATION_RELATIONSHIP() );
#3674 = ITEM_DEFINED_TRANSFORMATION('','',#11,#95);
#3675 = PRODUCT_DEFINITION_SHAPE('Placement','Placement of an item',
  #3676);
#3676 = NEXT_ASSEMBLY_USAGE_OCCURRENCE('54','ISOLATED_POWER_BANK_3V3_PI'
  ,'',#5,#3511,$);
#3677 = PRODUCT_RELATED_PRODUCT_CATEGORY('part',$,(#3513));
#3678 = SHAPE_DEFINITION_REPRESENTATION(#3679,#3685);
#3679 = PRODUCT_DEFINITION_SHAPE('','',#3680);
#3680 = PRODUCT_DEFINITION('design','',#3681,#3684);
#3681 = PRODUCT_DEFINITION_FORMATION('','',#3682);
#3682 = PRODUCT('ISOLATED_POWER_BANK_3V3_ESP',
  'ISOLATED_POWER_BANK_3V3_ESP','',(#3683));
#3683 = PRODUCT_CONTEXT('',#2,'mechanical');
#3684 = PRODUCT_DEFINITION_CONTEXT('part definition',#2,'design');
#3685 = ADVANCED_BREP_SHAPE_REPRESENTATION('',(#11,#3686),#3836);
#3686 = MANIFOLD_SOLID_BREP('',#3687);
#3687 = CLOSED_SHELL('',(#3688,#3728,#3768,#3790,#3812,#3824));
#3688 = ADVANCED_FACE('',(#3689),#3723,.F.);
#3689 = FACE_BOUND('',#3690,.F.);
#3690 = EDGE_LOOP('',(#3691,#3701,#3709,#3717));
#3691 = ORIENTED_EDGE('',*,*,#3692,.F.);
#3692 = EDGE_CURVE('',#3693,#3695,#3697,.T.);
#3693 = VERTEX_POINT('',#3694);
#3694 = CARTESIAN_POINT('',(55.,1.,65.));
#3695 = VERTEX_POINT('',#3696);
#3696 = CARTESIAN_POINT('',(55.,1.,72.));
#3697 = LINE('',#3698,#3699);
#3698 = CARTESIAN_POINT('',(55.,1.,65.));
#3699 = VECTOR('',#3700,1.);
#3700 = DIRECTION('',(0.,0.,1.));
#3701 = ORIENTED_EDGE('',*,*,#3702,.T.);
#3702 = EDGE_CURVE('',#3693,#3703,#3705,.T.);
#3703 = VERTEX_POINT('',#3704);
#3704 = CARTESIAN_POINT('',(55.,9.,65.));
#3705 = LINE('',#3706,#3707);
#3706 = CARTESIAN_POINT('',(55.,1.,65.));
#3707 = VECTOR('',#3708,1.);
#3708 = DIRECTION('',(-0.,1.,0.));
#3709 = ORIENTED_EDGE('',*,*,#3710,.T.);
#3710 = EDGE_CURVE('',#3703,#3711,#3713,.T.);
#3711 = VERTEX_POINT('',#3712);
#3712 = CARTESIAN_POINT('',(55.,9.,72.));
#3713 = LINE('',#3714,#3715);
#3714 = CARTESIAN_POINT('',(55.,9.,65.));
#3715 = VECTOR('',#3716,1.);
#3716 = DIRECTION('',(0.,0.,1.));
#3717 = ORIENTED_EDGE('',*,*,#3718,.F.);
#3718 = EDGE_CURVE('',#3695,#3711,#3719,.T.);
#3719 = LINE('',#3720,#3721);
#3720 = CARTESIAN_POINT('',(55.,1.,72.));
#3721 = VECTOR('',#3722,1.);
#3722 = DIRECTION('',(-0.,1.,0.));
#3723 = PLANE('',#3724);
#3724 = AXIS2_PLACEMENT_3D('',#3725,#3726,#3727);
#3725 = CARTESIAN_POINT('',(55.,1.,65.));
#3726 = DIRECTION('',(1.,0.,-0.));
#3727 = DIRECTION('',(0.,0.,1.));
#3728 = ADVANCED_FACE('',(#3729),#3763,.T.);
#3729 = FACE_BOUND('',#3730,.T.);
#3730 = EDGE_LOOP('',(#3731,#3741,#3749,#3757));
#3731 = ORIENTED_EDGE('',*,*,#3732,.F.);
#3732 = EDGE_CURVE('',#3733,#3735,#3737,.T.);
#3733 = VERTEX_POINT('',#3734);
#3734 = CARTESIAN_POINT('',(65.,1.,65.));
#3735 = VERTEX_POINT('',#3736);
#3736 = CARTESIAN_POINT('',(65.,1.,72.));
#3737 = LINE('',#3738,#3739);
#3738 = CARTESIAN_POINT('',(65.,1.,65.));
#3739 = VECTOR('',#3740,1.);
#3740 = DIRECTION('',(0.,0.,1.));
#3741 = ORIENTED_EDGE('',*,*,#3742,.T.);
#3742 = EDGE_CURVE('',#3733,#3743,#3745,.T.);
#3743 = VERTEX_POINT('',#3744);
#3744 = CARTESIAN_POINT('',(65.,9.,65.));
#3745 = LINE('',#3746,#3747);
#3746 = CARTESIAN_POINT('',(65.,1.,65.));
#3747 = VECTOR('',#3748,1.);
#3748 = DIRECTION('',(-0.,1.,0.));
#3749 = ORIENTED_EDGE('',*,*,#3750,.T.);
#3750 = EDGE_CURVE('',#3743,#3751,#3753,.T.);
#3751 = VERTEX_POINT('',#3752);
#3752 = CARTESIAN_POINT('',(65.,9.,72.));
#3753 = LINE('',#3754,#3755);
#3754 = CARTESIAN_POINT('',(65.,9.,65.));
#3755 = VECTOR('',#3756,1.);
#3756 = DIRECTION('',(0.,0.,1.));
#3757 = ORIENTED_EDGE('',*,*,#3758,.F.);
#3758 = EDGE_CURVE('',#3735,#3751,#3759,.T.);
#3759 = LINE('',#3760,#3761);
#3760 = CARTESIAN_POINT('',(65.,1.,72.));
#3761 = VECTOR('',#3762,1.);
#3762 = DIRECTION('',(-0.,1.,0.));
#3763 = PLANE('',#3764);
#3764 = AXIS2_PLACEMENT_3D('',#3765,#3766,#3767);
#3765 = CARTESIAN_POINT('',(65.,1.,65.));
#3766 = DIRECTION('',(1.,0.,-0.));
#3767 = DIRECTION('',(0.,0.,1.));
#3768 = ADVANCED_FACE('',(#3769),#3785,.F.);
#3769 = FACE_BOUND('',#3770,.F.);
#3770 = EDGE_LOOP('',(#3771,#3777,#3778,#3784));
#3771 = ORIENTED_EDGE('',*,*,#3772,.F.);
#3772 = EDGE_CURVE('',#3693,#3733,#3773,.T.);
#3773 = LINE('',#3774,#3775);
#3774 = CARTESIAN_POINT('',(55.,1.,65.));
#3775 = VECTOR('',#3776,1.);
#3776 = DIRECTION('',(1.,0.,-0.));
#3777 = ORIENTED_EDGE('',*,*,#3692,.T.);
#3778 = ORIENTED_EDGE('',*,*,#3779,.T.);
#3779 = EDGE_CURVE('',#3695,#3735,#3780,.T.);
#3780 = LINE('',#3781,#3782);
#3781 = CARTESIAN_POINT('',(55.,1.,72.));
#3782 = VECTOR('',#3783,1.);
#3783 = DIRECTION('',(1.,0.,-0.));
#3784 = ORIENTED_EDGE('',*,*,#3732,.F.);
#3785 = PLANE('',#3786);
#3786 = AXIS2_PLACEMENT_3D('',#3787,#3788,#3789);
#3787 = CARTESIAN_POINT('',(55.,1.,65.));
#3788 = DIRECTION('',(-0.,1.,0.));
#3789 = DIRECTION('',(0.,0.,1.));
#3790 = ADVANCED_FACE('',(#3791),#3807,.T.);
#3791 = FACE_BOUND('',#3792,.T.);
#3792 = EDGE_LOOP('',(#3793,#3799,#3800,#3806));
#3793 = ORIENTED_EDGE('',*,*,#3794,.F.);
#3794 = EDGE_CURVE('',#3703,#3743,#3795,.T.);
#3795 = LINE('',#3796,#3797);
#3796 = CARTESIAN_POINT('',(55.,9.,65.));
#3797 = VECTOR('',#3798,1.);
#3798 = DIRECTION('',(1.,0.,-0.));
#3799 = ORIENTED_EDGE('',*,*,#3710,.T.);
#3800 = ORIENTED_EDGE('',*,*,#3801,.T.);
#3801 = EDGE_CURVE('',#3711,#3751,#3802,.T.);
#3802 = LINE('',#3803,#3804);
#3803 = CARTESIAN_POINT('',(55.,9.,72.));
#3804 = VECTOR('',#3805,1.);
#3805 = DIRECTION('',(1.,0.,-0.));
#3806 = ORIENTED_EDGE('',*,*,#3750,.F.);
#3807 = PLANE('',#3808);
#3808 = AXIS2_PLACEMENT_3D('',#3809,#3810,#3811);
#3809 = CARTESIAN_POINT('',(55.,9.,65.));
#3810 = DIRECTION('',(-0.,1.,0.));
#3811 = DIRECTION('',(0.,0.,1.));
#3812 = ADVANCED_FACE('',(#3813),#3819,.F.);
#3813 = FACE_BOUND('',#3814,.F.);
#3814 = EDGE_LOOP('',(#3815,#3816,#3817,#3818));
#3815 = ORIENTED_EDGE('',*,*,#3702,.F.);
#3816 = ORIENTED_EDGE('',*,*,#3772,.T.);
#3817 = ORIENTED_EDGE('',*,*,#3742,.T.);
#3818 = ORIENTED_EDGE('',*,*,#3794,.F.);
#3819 = PLANE('',#3820);
#3820 = AXIS2_PLACEMENT_3D('',#3821,#3822,#3823);
#3821 = CARTESIAN_POINT('',(55.,1.,65.));
#3822 = DIRECTION('',(0.,0.,1.));
#3823 = DIRECTION('',(1.,0.,-0.));
#3824 = ADVANCED_FACE('',(#3825),#3831,.T.);
#3825 = FACE_BOUND('',#3826,.T.);
#3826 = EDGE_LOOP('',(#3827,#3828,#3829,#3830));
#3827 = ORIENTED_EDGE('',*,*,#3718,.F.);
#3828 = ORIENTED_EDGE('',*,*,#3779,.T.);
#3829 = ORIENTED_EDGE('',*,*,#3758,.T.);
#3830 = ORIENTED_EDGE('',*,*,#3801,.F.);
#3831 = PLANE('',#3832);
#3832 = AXIS2_PLACEMENT_3D('',#3833,#3834,#3835);
#3833 = CARTESIAN_POINT('',(55.,1.,72.));
#3834 = DIRECTION('',(0.,0.,1.));
#3835 = DIRECTION('',(1.,0.,-0.));
#3836 = ( GEOMETRIC_REPRESENTATION_CONTEXT(3) 
GLOBAL_UNCERTAINTY_ASSIGNED_CONTEXT((#3840)) 
GLOBAL_UNIT_ASSIGNED_CONTEXT((#3837,#3838,#3839)) REPRESENTATION_CONTEXT
('Context #1','3D Context with UNIT and UNCERTAINTY') );
#3837 = ( LENGTH_UNIT() NAMED_UNIT(*) SI_UNIT(.MILLI.,.METRE.) );
#3838 = ( NAMED_UNIT(*) PLANE_ANGLE_UNIT() SI_UNIT($,.RADIAN.) );
#3839 = ( NAMED_UNIT(*) SI_UNIT($,.STERADIAN.) SOLID_ANGLE_UNIT() );
#3840 = UNCERTAINTY_MEASURE_WITH_UNIT(LENGTH_MEASURE(1.E-07),#3837,
  'distance_accuracy_value','confusion accuracy');
#3841 = CONTEXT_DEPENDENT_SHAPE_REPRESENTATION(#3842,#3844);
#3842 = ( REPRESENTATION_RELATIONSHIP('','',#3685,#10) 
REPRESENTATION_RELATIONSHIP_WITH_TRANSFORMATION(#3843) 
SHAPE_REPRESENTATION_RELATIONSHIP() );
#3843 = ITEM_DEFINED_TRANSFORMATION('','',#11,#99);
#3844 = PRODUCT_DEFINITION_SHAPE('Placement','Placement of an item',
  #3845);
#3845 = NEXT_ASSEMBLY_USAGE_OCCURRENCE('55',
  'ISOLATED_POWER_BANK_3V3_ESP','',#5,#3680,$);
#3846 = PRODUCT_RELATED_PRODUCT_CATEGORY('part',$,(#3682));
#3847 = SHAPE_DEFINITION_REPRESENTATION(#3848,#3854);
#3848 = PRODUCT_DEFINITION_SHAPE('','',#3849);
#3849 = PRODUCT_DEFINITION('design','',#3850,#3853);
#3850 = PRODUCT_DEFINITION_FORMATION('','',#3851);
#3851 = PRODUCT('PI_SENSOR_CONNECTOR_PLACEHOLDER',
  'PI_SENSOR_CONNECTOR_PLACEHOLDER','',(#3852));
#3852 = PRODUCT_CONTEXT('',#2,'mechanical');
#3853 = PRODUCT_DEFINITION_CONTEXT('part definition',#2,'design');
#3854 = ADVANCED_BREP_SHAPE_REPRESENTATION('',(#11,#3855),#4005);
#3855 = MANIFOLD_SOLID_BREP('',#3856);
#3856 = CLOSED_SHELL('',(#3857,#3897,#3937,#3959,#3981,#3993));
#3857 = ADVANCED_FACE('',(#3858),#3892,.F.);
#3858 = FACE_BOUND('',#3859,.F.);
#3859 = EDGE_LOOP('',(#3860,#3870,#3878,#3886));
#3860 = ORIENTED_EDGE('',*,*,#3861,.F.);
#3861 = EDGE_CURVE('',#3862,#3864,#3866,.T.);
#3862 = VERTEX_POINT('',#3863);
#3863 = CARTESIAN_POINT('',(43.,78.,66.));
#3864 = VERTEX_POINT('',#3865);
#3865 = CARTESIAN_POINT('',(43.,78.,74.));
#3866 = LINE('',#3867,#3868);
#3867 = CARTESIAN_POINT('',(43.,78.,66.));
#3868 = VECTOR('',#3869,1.);
#3869 = DIRECTION('',(0.,0.,1.));
#3870 = ORIENTED_EDGE('',*,*,#3871,.T.);
#3871 = EDGE_CURVE('',#3862,#3872,#3874,.T.);
#3872 = VERTEX_POINT('',#3873);
#3873 = CARTESIAN_POINT('',(43.,88.,66.));
#3874 = LINE('',#3875,#3876);
#3875 = CARTESIAN_POINT('',(43.,78.,66.));
#3876 = VECTOR('',#3877,1.);
#3877 = DIRECTION('',(-0.,1.,0.));
#3878 = ORIENTED_EDGE('',*,*,#3879,.T.);
#3879 = EDGE_CURVE('',#3872,#3880,#3882,.T.);
#3880 = VERTEX_POINT('',#3881);
#3881 = CARTESIAN_POINT('',(43.,88.,74.));
#3882 = LINE('',#3883,#3884);
#3883 = CARTESIAN_POINT('',(43.,88.,66.));
#3884 = VECTOR('',#3885,1.);
#3885 = DIRECTION('',(0.,0.,1.));
#3886 = ORIENTED_EDGE('',*,*,#3887,.F.);
#3887 = EDGE_CURVE('',#3864,#3880,#3888,.T.);
#3888 = LINE('',#3889,#3890);
#3889 = CARTESIAN_POINT('',(43.,78.,74.));
#3890 = VECTOR('',#3891,1.);
#3891 = DIRECTION('',(-0.,1.,0.));
#3892 = PLANE('',#3893);
#3893 = AXIS2_PLACEMENT_3D('',#3894,#3895,#3896);
#3894 = CARTESIAN_POINT('',(43.,78.,66.));
#3895 = DIRECTION('',(1.,0.,-0.));
#3896 = DIRECTION('',(0.,0.,1.));
#3897 = ADVANCED_FACE('',(#3898),#3932,.T.);
#3898 = FACE_BOUND('',#3899,.T.);
#3899 = EDGE_LOOP('',(#3900,#3910,#3918,#3926));
#3900 = ORIENTED_EDGE('',*,*,#3901,.F.);
#3901 = EDGE_CURVE('',#3902,#3904,#3906,.T.);
#3902 = VERTEX_POINT('',#3903);
#3903 = CARTESIAN_POINT('',(65.,78.,66.));
#3904 = VERTEX_POINT('',#3905);
#3905 = CARTESIAN_POINT('',(65.,78.,74.));
#3906 = LINE('',#3907,#3908);
#3907 = CARTESIAN_POINT('',(65.,78.,66.));
#3908 = VECTOR('',#3909,1.);
#3909 = DIRECTION('',(0.,0.,1.));
#3910 = ORIENTED_EDGE('',*,*,#3911,.T.);
#3911 = EDGE_CURVE('',#3902,#3912,#3914,.T.);
#3912 = VERTEX_POINT('',#3913);
#3913 = CARTESIAN_POINT('',(65.,88.,66.));
#3914 = LINE('',#3915,#3916);
#3915 = CARTESIAN_POINT('',(65.,78.,66.));
#3916 = VECTOR('',#3917,1.);
#3917 = DIRECTION('',(-0.,1.,0.));
#3918 = ORIENTED_EDGE('',*,*,#3919,.T.);
#3919 = EDGE_CURVE('',#3912,#3920,#3922,.T.);
#3920 = VERTEX_POINT('',#3921);
#3921 = CARTESIAN_POINT('',(65.,88.,74.));
#3922 = LINE('',#3923,#3924);
#3923 = CARTESIAN_POINT('',(65.,88.,66.));
#3924 = VECTOR('',#3925,1.);
#3925 = DIRECTION('',(0.,0.,1.));
#3926 = ORIENTED_EDGE('',*,*,#3927,.F.);
#3927 = EDGE_CURVE('',#3904,#3920,#3928,.T.);
#3928 = LINE('',#3929,#3930);
#3929 = CARTESIAN_POINT('',(65.,78.,74.));
#3930 = VECTOR('',#3931,1.);
#3931 = DIRECTION('',(-0.,1.,0.));
#3932 = PLANE('',#3933);
#3933 = AXIS2_PLACEMENT_3D('',#3934,#3935,#3936);
#3934 = CARTESIAN_POINT('',(65.,78.,66.));
#3935 = DIRECTION('',(1.,0.,-0.));
#3936 = DIRECTION('',(0.,0.,1.));
#3937 = ADVANCED_FACE('',(#3938),#3954,.F.);
#3938 = FACE_BOUND('',#3939,.F.);
#3939 = EDGE_LOOP('',(#3940,#3946,#3947,#3953));
#3940 = ORIENTED_EDGE('',*,*,#3941,.F.);
#3941 = EDGE_CURVE('',#3862,#3902,#3942,.T.);
#3942 = LINE('',#3943,#3944);
#3943 = CARTESIAN_POINT('',(43.,78.,66.));
#3944 = VECTOR('',#3945,1.);
#3945 = DIRECTION('',(1.,0.,-0.));
#3946 = ORIENTED_EDGE('',*,*,#3861,.T.);
#3947 = ORIENTED_EDGE('',*,*,#3948,.T.);
#3948 = EDGE_CURVE('',#3864,#3904,#3949,.T.);
#3949 = LINE('',#3950,#3951);
#3950 = CARTESIAN_POINT('',(43.,78.,74.));
#3951 = VECTOR('',#3952,1.);
#3952 = DIRECTION('',(1.,0.,-0.));
#3953 = ORIENTED_EDGE('',*,*,#3901,.F.);
#3954 = PLANE('',#3955);
#3955 = AXIS2_PLACEMENT_3D('',#3956,#3957,#3958);
#3956 = CARTESIAN_POINT('',(43.,78.,66.));
#3957 = DIRECTION('',(-0.,1.,0.));
#3958 = DIRECTION('',(0.,0.,1.));
#3959 = ADVANCED_FACE('',(#3960),#3976,.T.);
#3960 = FACE_BOUND('',#3961,.T.);
#3961 = EDGE_LOOP('',(#3962,#3968,#3969,#3975));
#3962 = ORIENTED_EDGE('',*,*,#3963,.F.);
#3963 = EDGE_CURVE('',#3872,#3912,#3964,.T.);
#3964 = LINE('',#3965,#3966);
#3965 = CARTESIAN_POINT('',(43.,88.,66.));
#3966 = VECTOR('',#3967,1.);
#3967 = DIRECTION('',(1.,0.,-0.));
#3968 = ORIENTED_EDGE('',*,*,#3879,.T.);
#3969 = ORIENTED_EDGE('',*,*,#3970,.T.);
#3970 = EDGE_CURVE('',#3880,#3920,#3971,.T.);
#3971 = LINE('',#3972,#3973);
#3972 = CARTESIAN_POINT('',(43.,88.,74.));
#3973 = VECTOR('',#3974,1.);
#3974 = DIRECTION('',(1.,0.,-0.));
#3975 = ORIENTED_EDGE('',*,*,#3919,.F.);
#3976 = PLANE('',#3977);
#3977 = AXIS2_PLACEMENT_3D('',#3978,#3979,#3980);
#3978 = CARTESIAN_POINT('',(43.,88.,66.));
#3979 = DIRECTION('',(-0.,1.,0.));
#3980 = DIRECTION('',(0.,0.,1.));
#3981 = ADVANCED_FACE('',(#3982),#3988,.F.);
#3982 = FACE_BOUND('',#3983,.F.);
#3983 = EDGE_LOOP('',(#3984,#3985,#3986,#3987));
#3984 = ORIENTED_EDGE('',*,*,#3871,.F.);
#3985 = ORIENTED_EDGE('',*,*,#3941,.T.);
#3986 = ORIENTED_EDGE('',*,*,#3911,.T.);
#3987 = ORIENTED_EDGE('',*,*,#3963,.F.);
#3988 = PLANE('',#3989);
#3989 = AXIS2_PLACEMENT_3D('',#3990,#3991,#3992);
#3990 = CARTESIAN_POINT('',(43.,78.,66.));
#3991 = DIRECTION('',(0.,0.,1.));
#3992 = DIRECTION('',(1.,0.,-0.));
#3993 = ADVANCED_FACE('',(#3994),#4000,.T.);
#3994 = FACE_BOUND('',#3995,.T.);
#3995 = EDGE_LOOP('',(#3996,#3997,#3998,#3999));
#3996 = ORIENTED_EDGE('',*,*,#3887,.F.);
#3997 = ORIENTED_EDGE('',*,*,#3948,.T.);
#3998 = ORIENTED_EDGE('',*,*,#3927,.T.);
#3999 = ORIENTED_EDGE('',*,*,#3970,.F.);
#4000 = PLANE('',#4001);
#4001 = AXIS2_PLACEMENT_3D('',#4002,#4003,#4004);
#4002 = CARTESIAN_POINT('',(43.,78.,74.));
#4003 = DIRECTION('',(0.,0.,1.));
#4004 = DIRECTION('',(1.,0.,-0.));
#4005 = ( GEOMETRIC_REPRESENTATION_CONTEXT(3) 
GLOBAL_UNCERTAINTY_ASSIGNED_CONTEXT((#4009)) 
GLOBAL_UNIT_ASSIGNED_CONTEXT((#4006,#4007,#4008)) REPRESENTATION_CONTEXT
('Context #1','3D Context with UNIT and UNCERTAINTY') );
#4006 = ( LENGTH_UNIT() NAMED_UNIT(*) SI_UNIT(.MILLI.,.METRE.) );
#4007 = ( NAMED_UNIT(*) PLANE_ANGLE_UNIT() SI_UNIT($,.RADIAN.) );
#4008 = ( NAMED_UNIT(*) SI_UNIT($,.STERADIAN.) SOLID_ANGLE_UNIT() );
#4009 = UNCERTAINTY_MEASURE_WITH_UNIT(LENGTH_MEASURE(1.E-07),#4006,
  'distance_accuracy_value','confusion accuracy');
#4010 = CONTEXT_DEPENDENT_SHAPE_REPRESENTATION(#4011,#4013);
#4011 = ( REPRESENTATION_RELATIONSHIP('','',#3854,#10) 
REPRESENTATION_RELATIONSHIP_WITH_TRANSFORMATION(#4012) 
SHAPE_REPRESENTATION_RELATIONSHIP() );
#4012 = ITEM_DEFINED_TRANSFORMATION('','',#11,#103);
#4013 = PRODUCT_DEFINITION_SHAPE('Placement','Placement of an item',
  #4014);
#4014 = NEXT_ASSEMBLY_USAGE_OCCURRENCE('56',
  'PI_SENSOR_CONNECTOR_PLACEHOLDER','',#5,#3849,$);
#4015 = PRODUCT_RELATED_PRODUCT_CATEGORY('part',$,(#3851));
#4016 = SHAPE_DEFINITION_REPRESENTATION(#4017,#4023);
#4017 = PRODUCT_DEFINITION_SHAPE('','',#4018);
#4018 = PRODUCT_DEFINITION('design','',#4019,#4022);
#4019 = PRODUCT_DEFINITION_FORMATION('','',#4020);
#4020 = PRODUCT('PI5_OUTLINE_56x85_NOMINAL','PI5_OUTLINE_56x85_NOMINAL',
  '',(#4021));
#4021 = PRODUCT_CONTEXT('',#2,'mechanical');
#4022 = PRODUCT_DEFINITION_CONTEXT('part definition',#2,'design');
#4023 = ADVANCED_BREP_SHAPE_REPRESENTATION('',(#11,#4024),#4174);
#4024 = MANIFOLD_SOLID_BREP('',#4025);
#4025 = CLOSED_SHELL('',(#4026,#4066,#4106,#4128,#4150,#4162));
#4026 = ADVANCED_FACE('',(#4027),#4061,.F.);
#4027 = FACE_BOUND('',#4028,.F.);
#4028 = EDGE_LOOP('',(#4029,#4039,#4047,#4055));
#4029 = ORIENTED_EDGE('',*,*,#4030,.F.);
#4030 = EDGE_CURVE('',#4031,#4033,#4035,.T.);
#4031 = VERTEX_POINT('',#4032);
#4032 = CARTESIAN_POINT('',(7.,0.,124.));
#4033 = VERTEX_POINT('',#4034);
#4034 = CARTESIAN_POINT('',(7.,0.,125.6));
#4035 = LINE('',#4036,#4037);
#4036 = CARTESIAN_POINT('',(7.,0.,124.));
#4037 = VECTOR('',#4038,1.);
#4038 = DIRECTION('',(0.,0.,1.));
#4039 = ORIENTED_EDGE('',*,*,#4040,.T.);
#4040 = EDGE_CURVE('',#4031,#4041,#4043,.T.);
#4041 = VERTEX_POINT('',#4042);
#4042 = CARTESIAN_POINT('',(7.,85.,124.));
#4043 = LINE('',#4044,#4045);
#4044 = CARTESIAN_POINT('',(7.,0.,124.));
#4045 = VECTOR('',#4046,1.);
#4046 = DIRECTION('',(-0.,1.,0.));
#4047 = ORIENTED_EDGE('',*,*,#4048,.T.);
#4048 = EDGE_CURVE('',#4041,#4049,#4051,.T.);
#4049 = VERTEX_POINT('',#4050);
#4050 = CARTESIAN_POINT('',(7.,85.,125.6));
#4051 = LINE('',#4052,#4053);
#4052 = CARTESIAN_POINT('',(7.,85.,124.));
#4053 = VECTOR('',#4054,1.);
#4054 = DIRECTION('',(0.,0.,1.));
#4055 = ORIENTED_EDGE('',*,*,#4056,.F.);
#4056 = EDGE_CURVE('',#4033,#4049,#4057,.T.);
#4057 = LINE('',#4058,#4059);
#4058 = CARTESIAN_POINT('',(7.,0.,125.6));
#4059 = VECTOR('',#4060,1.);
#4060 = DIRECTION('',(-0.,1.,0.));
#4061 = PLANE('',#4062);
#4062 = AXIS2_PLACEMENT_3D('',#4063,#4064,#4065);
#4063 = CARTESIAN_POINT('',(7.,0.,124.));
#4064 = DIRECTION('',(1.,0.,-0.));
#4065 = DIRECTION('',(0.,0.,1.));
#4066 = ADVANCED_FACE('',(#4067),#4101,.T.);
#4067 = FACE_BOUND('',#4068,.T.);
#4068 = EDGE_LOOP('',(#4069,#4079,#4087,#4095));
#4069 = ORIENTED_EDGE('',*,*,#4070,.F.);
#4070 = EDGE_CURVE('',#4071,#4073,#4075,.T.);
#4071 = VERTEX_POINT('',#4072);
#4072 = CARTESIAN_POINT('',(63.,0.,124.));
#4073 = VERTEX_POINT('',#4074);
#4074 = CARTESIAN_POINT('',(63.,0.,125.6));
#4075 = LINE('',#4076,#4077);
#4076 = CARTESIAN_POINT('',(63.,0.,124.));
#4077 = VECTOR('',#4078,1.);
#4078 = DIRECTION('',(0.,0.,1.));
#4079 = ORIENTED_EDGE('',*,*,#4080,.T.);
#4080 = EDGE_CURVE('',#4071,#4081,#4083,.T.);
#4081 = VERTEX_POINT('',#4082);
#4082 = CARTESIAN_POINT('',(63.,85.,124.));
#4083 = LINE('',#4084,#4085);
#4084 = CARTESIAN_POINT('',(63.,0.,124.));
#4085 = VECTOR('',#4086,1.);
#4086 = DIRECTION('',(-0.,1.,0.));
#4087 = ORIENTED_EDGE('',*,*,#4088,.T.);
#4088 = EDGE_CURVE('',#4081,#4089,#4091,.T.);
#4089 = VERTEX_POINT('',#4090);
#4090 = CARTESIAN_POINT('',(63.,85.,125.6));
#4091 = LINE('',#4092,#4093);
#4092 = CARTESIAN_POINT('',(63.,85.,124.));
#4093 = VECTOR('',#4094,1.);
#4094 = DIRECTION('',(0.,0.,1.));
#4095 = ORIENTED_EDGE('',*,*,#4096,.F.);
#4096 = EDGE_CURVE('',#4073,#4089,#4097,.T.);
#4097 = LINE('',#4098,#4099);
#4098 = CARTESIAN_POINT('',(63.,0.,125.6));
#4099 = VECTOR('',#4100,1.);
#4100 = DIRECTION('',(-0.,1.,0.));
#4101 = PLANE('',#4102);
#4102 = AXIS2_PLACEMENT_3D('',#4103,#4104,#4105);
#4103 = CARTESIAN_POINT('',(63.,0.,124.));
#4104 = DIRECTION('',(1.,0.,-0.));
#4105 = DIRECTION('',(0.,0.,1.));
#4106 = ADVANCED_FACE('',(#4107),#4123,.F.);
#4107 = FACE_BOUND('',#4108,.F.);
#4108 = EDGE_LOOP('',(#4109,#4115,#4116,#4122));
#4109 = ORIENTED_EDGE('',*,*,#4110,.F.);
#4110 = EDGE_CURVE('',#4031,#4071,#4111,.T.);
#4111 = LINE('',#4112,#4113);
#4112 = CARTESIAN_POINT('',(7.,0.,124.));
#4113 = VECTOR('',#4114,1.);
#4114 = DIRECTION('',(1.,0.,-0.));
#4115 = ORIENTED_EDGE('',*,*,#4030,.T.);
#4116 = ORIENTED_EDGE('',*,*,#4117,.T.);
#4117 = EDGE_CURVE('',#4033,#4073,#4118,.T.);
#4118 = LINE('',#4119,#4120);
#4119 = CARTESIAN_POINT('',(7.,0.,125.6));
#4120 = VECTOR('',#4121,1.);
#4121 = DIRECTION('',(1.,0.,-0.));
#4122 = ORIENTED_EDGE('',*,*,#4070,.F.);
#4123 = PLANE('',#4124);
#4124 = AXIS2_PLACEMENT_3D('',#4125,#4126,#4127);
#4125 = CARTESIAN_POINT('',(7.,0.,124.));
#4126 = DIRECTION('',(-0.,1.,0.));
#4127 = DIRECTION('',(0.,0.,1.));
#4128 = ADVANCED_FACE('',(#4129),#4145,.T.);
#4129 = FACE_BOUND('',#4130,.T.);
#4130 = EDGE_LOOP('',(#4131,#4137,#4138,#4144));
#4131 = ORIENTED_EDGE('',*,*,#4132,.F.);
#4132 = EDGE_CURVE('',#4041,#4081,#4133,.T.);
#4133 = LINE('',#4134,#4135);
#4134 = CARTESIAN_POINT('',(7.,85.,124.));
#4135 = VECTOR('',#4136,1.);
#4136 = DIRECTION('',(1.,0.,-0.));
#4137 = ORIENTED_EDGE('',*,*,#4048,.T.);
#4138 = ORIENTED_EDGE('',*,*,#4139,.T.);
#4139 = EDGE_CURVE('',#4049,#4089,#4140,.T.);
#4140 = LINE('',#4141,#4142);
#4141 = CARTESIAN_POINT('',(7.,85.,125.6));
#4142 = VECTOR('',#4143,1.);
#4143 = DIRECTION('',(1.,0.,-0.));
#4144 = ORIENTED_EDGE('',*,*,#4088,.F.);
#4145 = PLANE('',#4146);
#4146 = AXIS2_PLACEMENT_3D('',#4147,#4148,#4149);
#4147 = CARTESIAN_POINT('',(7.,85.,124.));
#4148 = DIRECTION('',(-0.,1.,0.));
#4149 = DIRECTION('',(0.,0.,1.));
#4150 = ADVANCED_FACE('',(#4151),#4157,.F.);
#4151 = FACE_BOUND('',#4152,.F.);
#4152 = EDGE_LOOP('',(#4153,#4154,#4155,#4156));
#4153 = ORIENTED_EDGE('',*,*,#4040,.F.);
#4154 = ORIENTED_EDGE('',*,*,#4110,.T.);
#4155 = ORIENTED_EDGE('',*,*,#4080,.T.);
#4156 = ORIENTED_EDGE('',*,*,#4132,.F.);
#4157 = PLANE('',#4158);
#4158 = AXIS2_PLACEMENT_3D('',#4159,#4160,#4161);
#4159 = CARTESIAN_POINT('',(7.,0.,124.));
#4160 = DIRECTION('',(0.,0.,1.));
#4161 = DIRECTION('',(1.,0.,-0.));
#4162 = ADVANCED_FACE('',(#4163),#4169,.T.);
#4163 = FACE_BOUND('',#4164,.T.);
#4164 = EDGE_LOOP('',(#4165,#4166,#4167,#4168));
#4165 = ORIENTED_EDGE('',*,*,#4056,.F.);
#4166 = ORIENTED_EDGE('',*,*,#4117,.T.);
#4167 = ORIENTED_EDGE('',*,*,#4096,.T.);
#4168 = ORIENTED_EDGE('',*,*,#4139,.F.);
#4169 = PLANE('',#4170);
#4170 = AXIS2_PLACEMENT_3D('',#4171,#4172,#4173);
#4171 = CARTESIAN_POINT('',(7.,0.,125.6));
#4172 = DIRECTION('',(0.,0.,1.));
#4173 = DIRECTION('',(1.,0.,-0.));
#4174 = ( GEOMETRIC_REPRESENTATION_CONTEXT(3) 
GLOBAL_UNCERTAINTY_ASSIGNED_CONTEXT((#4178)) 
GLOBAL_UNIT_ASSIGNED_CONTEXT((#4175,#4176,#4177)) REPRESENTATION_CONTEXT
('Context #1','3D Context with UNIT and UNCERTAINTY') );
#4175 = ( LENGTH_UNIT() NAMED_UNIT(*) SI_UNIT(.MILLI.,.METRE.) );
#4176 = ( NAMED_UNIT(*) PLANE_ANGLE_UNIT() SI_UNIT($,.RADIAN.) );
#4177 = ( NAMED_UNIT(*) SI_UNIT($,.STERADIAN.) SOLID_ANGLE_UNIT() );
#4178 = UNCERTAINTY_MEASURE_WITH_UNIT(LENGTH_MEASURE(1.E-07),#4175,
  'distance_accuracy_value','confusion accuracy');
#4179 = CONTEXT_DEPENDENT_SHAPE_REPRESENTATION(#4180,#4182);
#4180 = ( REPRESENTATION_RELATIONSHIP('','',#4023,#10) 
REPRESENTATION_RELATIONSHIP_WITH_TRANSFORMATION(#4181) 
SHAPE_REPRESENTATION_RELATIONSHIP() );
#4181 = ITEM_DEFINED_TRANSFORMATION('','',#11,#107);
#4182 = PRODUCT_DEFINITION_SHAPE('Placement','Placement of an item',
  #4183);
#4183 = NEXT_ASSEMBLY_USAGE_OCCURRENCE('57','PI5_OUTLINE_56x85_NOMINAL',
  '',#5,#4018,$);
#4184 = PRODUCT_RELATED_PRODUCT_CATEGORY('part',$,(#4020));
#4185 = SHAPE_DEFINITION_REPRESENTATION(#4186,#4192);
#4186 = PRODUCT_DEFINITION_SHAPE('','',#4187);
#4187 = PRODUCT_DEFINITION('design','',#4188,#4191);
#4188 = PRODUCT_DEFINITION_FORMATION('','',#4189);
#4189 = PRODUCT('PI_PORT_ENVELOPE_PLACEHOLDER',
  'PI_PORT_ENVELOPE_PLACEHOLDER','',(#4190));
#4190 = PRODUCT_CONTEXT('',#2,'mechanical');
#4191 = PRODUCT_DEFINITION_CONTEXT('part definition',#2,'design');
#4192 = ADVANCED_BREP_SHAPE_REPRESENTATION('',(#11,#4193),#4343);
#4193 = MANIFOLD_SOLID_BREP('',#4194);
#4194 = CLOSED_SHELL('',(#4195,#4235,#4275,#4297,#4319,#4331));
#4195 = ADVANCED_FACE('',(#4196),#4230,.F.);
#4196 = FACE_BOUND('',#4197,.F.);
#4197 = EDGE_LOOP('',(#4198,#4208,#4216,#4224));
#4198 = ORIENTED_EDGE('',*,*,#4199,.F.);
#4199 = EDGE_CURVE('',#4200,#4202,#4204,.T.);
#4200 = VERTEX_POINT('',#4201);
#4201 = CARTESIAN_POINT('',(9.,1.,125.6));
#4202 = VERTEX_POINT('',#4203);
#4203 = CARTESIAN_POINT('',(9.,1.,141.6));
#4204 = LINE('',#4205,#4206);
#4205 = CARTESIAN_POINT('',(9.,1.,125.6));
#4206 = VECTOR('',#4207,1.);
#4207 = DIRECTION('',(0.,0.,1.));
#4208 = ORIENTED_EDGE('',*,*,#4209,.T.);
#4209 = EDGE_CURVE('',#4200,#4210,#4212,.T.);
#4210 = VERTEX_POINT('',#4211);
#4211 = CARTESIAN_POINT('',(9.,21.,125.6));
#4212 = LINE('',#4213,#4214);
#4213 = CARTESIAN_POINT('',(9.,1.,125.6));
#4214 = VECTOR('',#4215,1.);
#4215 = DIRECTION('',(-0.,1.,0.));
#4216 = ORIENTED_EDGE('',*,*,#4217,.T.);
#4217 = EDGE_CURVE('',#4210,#4218,#4220,.T.);
#4218 = VERTEX_POINT('',#4219);
#4219 = CARTESIAN_POINT('',(9.,21.,141.6));
#4220 = LINE('',#4221,#4222);
#4221 = CARTESIAN_POINT('',(9.,21.,125.6));
#4222 = VECTOR('',#4223,1.);
#4223 = DIRECTION('',(0.,0.,1.));
#4224 = ORIENTED_EDGE('',*,*,#4225,.F.);
#4225 = EDGE_CURVE('',#4202,#4218,#4226,.T.);
#4226 = LINE('',#4227,#4228);
#4227 = CARTESIAN_POINT('',(9.,1.,141.6));
#4228 = VECTOR('',#4229,1.);
#4229 = DIRECTION('',(-0.,1.,0.));
#4230 = PLANE('',#4231);
#4231 = AXIS2_PLACEMENT_3D('',#4232,#4233,#4234);
#4232 = CARTESIAN_POINT('',(9.,1.,125.6));
#4233 = DIRECTION('',(1.,0.,-0.));
#4234 = DIRECTION('',(0.,0.,1.));
#4235 = ADVANCED_FACE('',(#4236),#4270,.T.);
#4236 = FACE_BOUND('',#4237,.T.);
#4237 = EDGE_LOOP('',(#4238,#4248,#4256,#4264));
#4238 = ORIENTED_EDGE('',*,*,#4239,.F.);
#4239 = EDGE_CURVE('',#4240,#4242,#4244,.T.);
#4240 = VERTEX_POINT('',#4241);
#4241 = CARTESIAN_POINT('',(60.,1.,125.6));
#4242 = VERTEX_POINT('',#4243);
#4243 = CARTESIAN_POINT('',(60.,1.,141.6));
#4244 = LINE('',#4245,#4246);
#4245 = CARTESIAN_POINT('',(60.,1.,125.6));
#4246 = VECTOR('',#4247,1.);
#4247 = DIRECTION('',(0.,0.,1.));
#4248 = ORIENTED_EDGE('',*,*,#4249,.T.);
#4249 = EDGE_CURVE('',#4240,#4250,#4252,.T.);
#4250 = VERTEX_POINT('',#4251);
#4251 = CARTESIAN_POINT('',(60.,21.,125.6));
#4252 = LINE('',#4253,#4254);
#4253 = CARTESIAN_POINT('',(60.,1.,125.6));
#4254 = VECTOR('',#4255,1.);
#4255 = DIRECTION('',(-0.,1.,0.));
#4256 = ORIENTED_EDGE('',*,*,#4257,.T.);
#4257 = EDGE_CURVE('',#4250,#4258,#4260,.T.);
#4258 = VERTEX_POINT('',#4259);
#4259 = CARTESIAN_POINT('',(60.,21.,141.6));
#4260 = LINE('',#4261,#4262);
#4261 = CARTESIAN_POINT('',(60.,21.,125.6));
#4262 = VECTOR('',#4263,1.);
#4263 = DIRECTION('',(0.,0.,1.));
#4264 = ORIENTED_EDGE('',*,*,#4265,.F.);
#4265 = EDGE_CURVE('',#4242,#4258,#4266,.T.);
#4266 = LINE('',#4267,#4268);
#4267 = CARTESIAN_POINT('',(60.,1.,141.6));
#4268 = VECTOR('',#4269,1.);
#4269 = DIRECTION('',(-0.,1.,0.));
#4270 = PLANE('',#4271);
#4271 = AXIS2_PLACEMENT_3D('',#4272,#4273,#4274);
#4272 = CARTESIAN_POINT('',(60.,1.,125.6));
#4273 = DIRECTION('',(1.,0.,-0.));
#4274 = DIRECTION('',(0.,0.,1.));
#4275 = ADVANCED_FACE('',(#4276),#4292,.F.);
#4276 = FACE_BOUND('',#4277,.F.);
#4277 = EDGE_LOOP('',(#4278,#4284,#4285,#4291));
#4278 = ORIENTED_EDGE('',*,*,#4279,.F.);
#4279 = EDGE_CURVE('',#4200,#4240,#4280,.T.);
#4280 = LINE('',#4281,#4282);
#4281 = CARTESIAN_POINT('',(9.,1.,125.6));
#4282 = VECTOR('',#4283,1.);
#4283 = DIRECTION('',(1.,0.,-0.));
#4284 = ORIENTED_EDGE('',*,*,#4199,.T.);
#4285 = ORIENTED_EDGE('',*,*,#4286,.T.);
#4286 = EDGE_CURVE('',#4202,#4242,#4287,.T.);
#4287 = LINE('',#4288,#4289);
#4288 = CARTESIAN_POINT('',(9.,1.,141.6));
#4289 = VECTOR('',#4290,1.);
#4290 = DIRECTION('',(1.,0.,-0.));
#4291 = ORIENTED_EDGE('',*,*,#4239,.F.);
#4292 = PLANE('',#4293);
#4293 = AXIS2_PLACEMENT_3D('',#4294,#4295,#4296);
#4294 = CARTESIAN_POINT('',(9.,1.,125.6));
#4295 = DIRECTION('',(-0.,1.,0.));
#4296 = DIRECTION('',(0.,0.,1.));
#4297 = ADVANCED_FACE('',(#4298),#4314,.T.);
#4298 = FACE_BOUND('',#4299,.T.);
#4299 = EDGE_LOOP('',(#4300,#4306,#4307,#4313));
#4300 = ORIENTED_EDGE('',*,*,#4301,.F.);
#4301 = EDGE_CURVE('',#4210,#4250,#4302,.T.);
#4302 = LINE('',#4303,#4304);
#4303 = CARTESIAN_POINT('',(9.,21.,125.6));
#4304 = VECTOR('',#4305,1.);
#4305 = DIRECTION('',(1.,0.,-0.));
#4306 = ORIENTED_EDGE('',*,*,#4217,.T.);
#4307 = ORIENTED_EDGE('',*,*,#4308,.T.);
#4308 = EDGE_CURVE('',#4218,#4258,#4309,.T.);
#4309 = LINE('',#4310,#4311);
#4310 = CARTESIAN_POINT('',(9.,21.,141.6));
#4311 = VECTOR('',#4312,1.);
#4312 = DIRECTION('',(1.,0.,-0.));
#4313 = ORIENTED_EDGE('',*,*,#4257,.F.);
#4314 = PLANE('',#4315);
#4315 = AXIS2_PLACEMENT_3D('',#4316,#4317,#4318);
#4316 = CARTESIAN_POINT('',(9.,21.,125.6));
#4317 = DIRECTION('',(-0.,1.,0.));
#4318 = DIRECTION('',(0.,0.,1.));
#4319 = ADVANCED_FACE('',(#4320),#4326,.F.);
#4320 = FACE_BOUND('',#4321,.F.);
#4321 = EDGE_LOOP('',(#4322,#4323,#4324,#4325));
#4322 = ORIENTED_EDGE('',*,*,#4209,.F.);
#4323 = ORIENTED_EDGE('',*,*,#4279,.T.);
#4324 = ORIENTED_EDGE('',*,*,#4249,.T.);
#4325 = ORIENTED_EDGE('',*,*,#4301,.F.);
#4326 = PLANE('',#4327);
#4327 = AXIS2_PLACEMENT_3D('',#4328,#4329,#4330);
#4328 = CARTESIAN_POINT('',(9.,1.,125.6));
#4329 = DIRECTION('',(0.,0.,1.));
#4330 = DIRECTION('',(1.,0.,-0.));
#4331 = ADVANCED_FACE('',(#4332),#4338,.T.);
#4332 = FACE_BOUND('',#4333,.T.);
#4333 = EDGE_LOOP('',(#4334,#4335,#4336,#4337));
#4334 = ORIENTED_EDGE('',*,*,#4225,.F.);
#4335 = ORIENTED_EDGE('',*,*,#4286,.T.);
#4336 = ORIENTED_EDGE('',*,*,#4265,.T.);
#4337 = ORIENTED_EDGE('',*,*,#4308,.F.);
#4338 = PLANE('',#4339);
#4339 = AXIS2_PLACEMENT_3D('',#4340,#4341,#4342);
#4340 = CARTESIAN_POINT('',(9.,1.,141.6));
#4341 = DIRECTION('',(0.,0.,1.));
#4342 = DIRECTION('',(1.,0.,-0.));
#4343 = ( GEOMETRIC_REPRESENTATION_CONTEXT(3) 
GLOBAL_UNCERTAINTY_ASSIGNED_CONTEXT((#4347)) 
GLOBAL_UNIT_ASSIGNED_CONTEXT((#4344,#4345,#4346)) REPRESENTATION_CONTEXT
('Context #1','3D Context with UNIT and UNCERTAINTY') );
#4344 = ( LENGTH_UNIT() NAMED_UNIT(*) SI_UNIT(.MILLI.,.METRE.) );
#4345 = ( NAMED_UNIT(*) PLANE_ANGLE_UNIT() SI_UNIT($,.RADIAN.) );
#4346 = ( NAMED_UNIT(*) SI_UNIT($,.STERADIAN.) SOLID_ANGLE_UNIT() );
#4347 = UNCERTAINTY_MEASURE_WITH_UNIT(LENGTH_MEASURE(1.E-07),#4344,
  'distance_accuracy_value','confusion accuracy');
#4348 = CONTEXT_DEPENDENT_SHAPE_REPRESENTATION(#4349,#4351);
#4349 = ( REPRESENTATION_RELATIONSHIP('','',#4192,#10) 
REPRESENTATION_RELATIONSHIP_WITH_TRANSFORMATION(#4350) 
SHAPE_REPRESENTATION_RELATIONSHIP() );
#4350 = ITEM_DEFINED_TRANSFORMATION('','',#11,#111);
#4351 = PRODUCT_DEFINITION_SHAPE('Placement','Placement of an item',
  #4352);
#4352 = NEXT_ASSEMBLY_USAGE_OCCURRENCE('58',
  'PI_PORT_ENVELOPE_PLACEHOLDER','',#5,#4187,$);
#4353 = PRODUCT_RELATED_PRODUCT_CATEGORY('part',$,(#4189));
#4354 = SHAPE_DEFINITION_REPRESENTATION(#4355,#4361);
#4355 = PRODUCT_DEFINITION_SHAPE('','',#4356);
#4356 = PRODUCT_DEFINITION('design','',#4357,#4360);
#4357 = PRODUCT_DEFINITION_FORMATION('','',#4358);
#4358 = PRODUCT('COOLER_ENVELOPE_PLACEHOLDER',
  'COOLER_ENVELOPE_PLACEHOLDER','',(#4359));
#4359 = PRODUCT_CONTEXT('',#2,'mechanical');
#4360 = PRODUCT_DEFINITION_CONTEXT('part definition',#2,'design');
#4361 = ADVANCED_BREP_SHAPE_REPRESENTATION('',(#11,#4362),#4512);
#4362 = MANIFOLD_SOLID_BREP('',#4363);
#4363 = CLOSED_SHELL('',(#4364,#4404,#4444,#4466,#4488,#4500));
#4364 = ADVANCED_FACE('',(#4365),#4399,.F.);
#4365 = FACE_BOUND('',#4366,.F.);
#4366 = EDGE_LOOP('',(#4367,#4377,#4385,#4393));
#4367 = ORIENTED_EDGE('',*,*,#4368,.F.);
#4368 = EDGE_CURVE('',#4369,#4371,#4373,.T.);
#4369 = VERTEX_POINT('',#4370);
#4370 = CARTESIAN_POINT('',(18.,31.,125.6));
#4371 = VERTEX_POINT('',#4372);
#4372 = CARTESIAN_POINT('',(18.,31.,140.6));
#4373 = LINE('',#4374,#4375);
#4374 = CARTESIAN_POINT('',(18.,31.,125.6));
#4375 = VECTOR('',#4376,1.);
#4376 = DIRECTION('',(0.,0.,1.));
#4377 = ORIENTED_EDGE('',*,*,#4378,.T.);
#4378 = EDGE_CURVE('',#4369,#4379,#4381,.T.);
#4379 = VERTEX_POINT('',#4380);
#4380 = CARTESIAN_POINT('',(18.,69.,125.6));
#4381 = LINE('',#4382,#4383);
#4382 = CARTESIAN_POINT('',(18.,31.,125.6));
#4383 = VECTOR('',#4384,1.);
#4384 = DIRECTION('',(-0.,1.,0.));
#4385 = ORIENTED_EDGE('',*,*,#4386,.T.);
#4386 = EDGE_CURVE('',#4379,#4387,#4389,.T.);
#4387 = VERTEX_POINT('',#4388);
#4388 = CARTESIAN_POINT('',(18.,69.,140.6));
#4389 = LINE('',#4390,#4391);
#4390 = CARTESIAN_POINT('',(18.,69.,125.6));
#4391 = VECTOR('',#4392,1.);
#4392 = DIRECTION('',(0.,0.,1.));
#4393 = ORIENTED_EDGE('',*,*,#4394,.F.);
#4394 = EDGE_CURVE('',#4371,#4387,#4395,.T.);
#4395 = LINE('',#4396,#4397);
#4396 = CARTESIAN_POINT('',(18.,31.,140.6));
#4397 = VECTOR('',#4398,1.);
#4398 = DIRECTION('',(-0.,1.,0.));
#4399 = PLANE('',#4400);
#4400 = AXIS2_PLACEMENT_3D('',#4401,#4402,#4403);
#4401 = CARTESIAN_POINT('',(18.,31.,125.6));
#4402 = DIRECTION('',(1.,0.,-0.));
#4403 = DIRECTION('',(0.,0.,1.));
#4404 = ADVANCED_FACE('',(#4405),#4439,.T.);
#4405 = FACE_BOUND('',#4406,.T.);
#4406 = EDGE_LOOP('',(#4407,#4417,#4425,#4433));
#4407 = ORIENTED_EDGE('',*,*,#4408,.F.);
#4408 = EDGE_CURVE('',#4409,#4411,#4413,.T.);
#4409 = VERTEX_POINT('',#4410);
#4410 = CARTESIAN_POINT('',(51.,31.,125.6));
#4411 = VERTEX_POINT('',#4412);
#4412 = CARTESIAN_POINT('',(51.,31.,140.6));
#4413 = LINE('',#4414,#4415);
#4414 = CARTESIAN_POINT('',(51.,31.,125.6));
#4415 = VECTOR('',#4416,1.);
#4416 = DIRECTION('',(0.,0.,1.));
#4417 = ORIENTED_EDGE('',*,*,#4418,.T.);
#4418 = EDGE_CURVE('',#4409,#4419,#4421,.T.);
#4419 = VERTEX_POINT('',#4420);
#4420 = CARTESIAN_POINT('',(51.,69.,125.6));
#4421 = LINE('',#4422,#4423);
#4422 = CARTESIAN_POINT('',(51.,31.,125.6));
#4423 = VECTOR('',#4424,1.);
#4424 = DIRECTION('',(-0.,1.,0.));
#4425 = ORIENTED_EDGE('',*,*,#4426,.T.);
#4426 = EDGE_CURVE('',#4419,#4427,#4429,.T.);
#4427 = VERTEX_POINT('',#4428);
#4428 = CARTESIAN_POINT('',(51.,69.,140.6));
#4429 = LINE('',#4430,#4431);
#4430 = CARTESIAN_POINT('',(51.,69.,125.6));
#4431 = VECTOR('',#4432,1.);
#4432 = DIRECTION('',(0.,0.,1.));
#4433 = ORIENTED_EDGE('',*,*,#4434,.F.);
#4434 = EDGE_CURVE('',#4411,#4427,#4435,.T.);
#4435 = LINE('',#4436,#4437);
#4436 = CARTESIAN_POINT('',(51.,31.,140.6));
#4437 = VECTOR('',#4438,1.);
#4438 = DIRECTION('',(-0.,1.,0.));
#4439 = PLANE('',#4440);
#4440 = AXIS2_PLACEMENT_3D('',#4441,#4442,#4443);
#4441 = CARTESIAN_POINT('',(51.,31.,125.6));
#4442 = DIRECTION('',(1.,0.,-0.));
#4443 = DIRECTION('',(0.,0.,1.));
#4444 = ADVANCED_FACE('',(#4445),#4461,.F.);
#4445 = FACE_BOUND('',#4446,.F.);
#4446 = EDGE_LOOP('',(#4447,#4453,#4454,#4460));
#4447 = ORIENTED_EDGE('',*,*,#4448,.F.);
#4448 = EDGE_CURVE('',#4369,#4409,#4449,.T.);
#4449 = LINE('',#4450,#4451);
#4450 = CARTESIAN_POINT('',(18.,31.,125.6));
#4451 = VECTOR('',#4452,1.);
#4452 = DIRECTION('',(1.,0.,-0.));
#4453 = ORIENTED_EDGE('',*,*,#4368,.T.);
#4454 = ORIENTED_EDGE('',*,*,#4455,.T.);
#4455 = EDGE_CURVE('',#4371,#4411,#4456,.T.);
#4456 = LINE('',#4457,#4458);
#4457 = CARTESIAN_POINT('',(18.,31.,140.6));
#4458 = VECTOR('',#4459,1.);
#4459 = DIRECTION('',(1.,0.,-0.));
#4460 = ORIENTED_EDGE('',*,*,#4408,.F.);
#4461 = PLANE('',#4462);
#4462 = AXIS2_PLACEMENT_3D('',#4463,#4464,#4465);
#4463 = CARTESIAN_POINT('',(18.,31.,125.6));
#4464 = DIRECTION('',(-0.,1.,0.));
#4465 = DIRECTION('',(0.,0.,1.));
#4466 = ADVANCED_FACE('',(#4467),#4483,.T.);
#4467 = FACE_BOUND('',#4468,.T.);
#4468 = EDGE_LOOP('',(#4469,#4475,#4476,#4482));
#4469 = ORIENTED_EDGE('',*,*,#4470,.F.);
#4470 = EDGE_CURVE('',#4379,#4419,#4471,.T.);
#4471 = LINE('',#4472,#4473);
#4472 = CARTESIAN_POINT('',(18.,69.,125.6));
#4473 = VECTOR('',#4474,1.);
#4474 = DIRECTION('',(1.,0.,-0.));
#4475 = ORIENTED_EDGE('',*,*,#4386,.T.);
#4476 = ORIENTED_EDGE('',*,*,#4477,.T.);
#4477 = EDGE_CURVE('',#4387,#4427,#4478,.T.);
#4478 = LINE('',#4479,#4480);
#4479 = CARTESIAN_POINT('',(18.,69.,140.6));
#4480 = VECTOR('',#4481,1.);
#4481 = DIRECTION('',(1.,0.,-0.));
#4482 = ORIENTED_EDGE('',*,*,#4426,.F.);
#4483 = PLANE('',#4484);
#4484 = AXIS2_PLACEMENT_3D('',#4485,#4486,#4487);
#4485 = CARTESIAN_POINT('',(18.,69.,125.6));
#4486 = DIRECTION('',(-0.,1.,0.));
#4487 = DIRECTION('',(0.,0.,1.));
#4488 = ADVANCED_FACE('',(#4489),#4495,.F.);
#4489 = FACE_BOUND('',#4490,.F.);
#4490 = EDGE_LOOP('',(#4491,#4492,#4493,#4494));
#4491 = ORIENTED_EDGE('',*,*,#4378,.F.);
#4492 = ORIENTED_EDGE('',*,*,#4448,.T.);
#4493 = ORIENTED_EDGE('',*,*,#4418,.T.);
#4494 = ORIENTED_EDGE('',*,*,#4470,.F.);
#4495 = PLANE('',#4496);
#4496 = AXIS2_PLACEMENT_3D('',#4497,#4498,#4499);
#4497 = CARTESIAN_POINT('',(18.,31.,125.6));
#4498 = DIRECTION('',(0.,0.,1.));
#4499 = DIRECTION('',(1.,0.,-0.));
#4500 = ADVANCED_FACE('',(#4501),#4507,.T.);
#4501 = FACE_BOUND('',#4502,.T.);
#4502 = EDGE_LOOP('',(#4503,#4504,#4505,#4506));
#4503 = ORIENTED_EDGE('',*,*,#4394,.F.);
#4504 = ORIENTED_EDGE('',*,*,#4455,.T.);
#4505 = ORIENTED_EDGE('',*,*,#4434,.T.);
#4506 = ORIENTED_EDGE('',*,*,#4477,.F.);
#4507 = PLANE('',#4508);
#4508 = AXIS2_PLACEMENT_3D('',#4509,#4510,#4511);
#4509 = CARTESIAN_POINT('',(18.,31.,140.6));
#4510 = DIRECTION('',(0.,0.,1.));
#4511 = DIRECTION('',(1.,0.,-0.));
#4512 = ( GEOMETRIC_REPRESENTATION_CONTEXT(3) 
GLOBAL_UNCERTAINTY_ASSIGNED_CONTEXT((#4516)) 
GLOBAL_UNIT_ASSIGNED_CONTEXT((#4513,#4514,#4515)) REPRESENTATION_CONTEXT
('Context #1','3D Context with UNIT and UNCERTAINTY') );
#4513 = ( LENGTH_UNIT() NAMED_UNIT(*) SI_UNIT(.MILLI.,.METRE.) );
#4514 = ( NAMED_UNIT(*) PLANE_ANGLE_UNIT() SI_UNIT($,.RADIAN.) );
#4515 = ( NAMED_UNIT(*) SI_UNIT($,.STERADIAN.) SOLID_ANGLE_UNIT() );
#4516 = UNCERTAINTY_MEASURE_WITH_UNIT(LENGTH_MEASURE(1.E-07),#4513,
  'distance_accuracy_value','confusion accuracy');
#4517 = CONTEXT_DEPENDENT_SHAPE_REPRESENTATION(#4518,#4520);
#4518 = ( REPRESENTATION_RELATIONSHIP('','',#4361,#10) 
REPRESENTATION_RELATIONSHIP_WITH_TRANSFORMATION(#4519) 
SHAPE_REPRESENTATION_RELATIONSHIP() );
#4519 = ITEM_DEFINED_TRANSFORMATION('','',#11,#115);
#4520 = PRODUCT_DEFINITION_SHAPE('Placement','Placement of an item',
  #4521);
#4521 = NEXT_ASSEMBLY_USAGE_OCCURRENCE('59',
  'COOLER_ENVELOPE_PLACEHOLDER','',#5,#4356,$);
#4522 = PRODUCT_RELATED_PRODUCT_CATEGORY('part',$,(#4358));
#4523 = SHAPE_DEFINITION_REPRESENTATION(#4524,#4530);
#4524 = PRODUCT_DEFINITION_SHAPE('','',#4525);
#4525 = PRODUCT_DEFINITION('design','',#4526,#4529);
#4526 = PRODUCT_DEFINITION_FORMATION('','',#4527);
#4527 = PRODUCT('FAN_PLACEHOLDER','FAN_PLACEHOLDER','',(#4528));
#4528 = PRODUCT_CONTEXT('',#2,'mechanical');
#4529 = PRODUCT_DEFINITION_CONTEXT('part definition',#2,'design');
#4530 = ADVANCED_BREP_SHAPE_REPRESENTATION('',(#11,#4531),#4584);
#4531 = MANIFOLD_SOLID_BREP('',#4532);
#4532 = CLOSED_SHELL('',(#4533,#4566,#4575));
#4533 = ADVANCED_FACE('',(#4534),#4561,.T.);
#4534 = FACE_BOUND('',#4535,.T.);
#4535 = EDGE_LOOP('',(#4536,#4545,#4553,#4560));
#4536 = ORIENTED_EDGE('',*,*,#4537,.F.);
#4537 = EDGE_CURVE('',#4538,#4538,#4540,.T.);
#4538 = VERTEX_POINT('',#4539);
#4539 = CARTESIAN_POINT('',(46.5,50.,143.6));
#4540 = CIRCLE('',#4541,12.);
#4541 = AXIS2_PLACEMENT_3D('',#4542,#4543,#4544);
#4542 = CARTESIAN_POINT('',(34.5,50.,143.6));
#4543 = DIRECTION('',(0.,0.,1.));
#4544 = DIRECTION('',(1.,0.,-0.));
#4545 = ORIENTED_EDGE('',*,*,#4546,.F.);
#4546 = EDGE_CURVE('',#4547,#4538,#4549,.T.);
#4547 = VERTEX_POINT('',#4548);
#4548 = CARTESIAN_POINT('',(46.5,50.,140.6));
#4549 = LINE('',#4550,#4551);
#4550 = CARTESIAN_POINT('',(46.5,50.,140.6));
#4551 = VECTOR('',#4552,1.);
#4552 = DIRECTION('',(0.,0.,1.));
#4553 = ORIENTED_EDGE('',*,*,#4554,.T.);
#4554 = EDGE_CURVE('',#4547,#4547,#4555,.T.);
#4555 = CIRCLE('',#4556,12.);
#4556 = AXIS2_PLACEMENT_3D('',#4557,#4558,#4559);
#4557 = CARTESIAN_POINT('',(34.5,50.,140.6));
#4558 = DIRECTION('',(0.,0.,1.));
#4559 = DIRECTION('',(1.,0.,-0.));
#4560 = ORIENTED_EDGE('',*,*,#4546,.T.);
#4561 = CYLINDRICAL_SURFACE('',#4562,12.);
#4562 = AXIS2_PLACEMENT_3D('',#4563,#4564,#4565);
#4563 = CARTESIAN_POINT('',(34.5,50.,140.6));
#4564 = DIRECTION('',(0.,0.,1.));
#4565 = DIRECTION('',(1.,0.,-0.));
#4566 = ADVANCED_FACE('',(#4567),#4570,.T.);
#4567 = FACE_BOUND('',#4568,.T.);
#4568 = EDGE_LOOP('',(#4569));
#4569 = ORIENTED_EDGE('',*,*,#4537,.T.);
#4570 = PLANE('',#4571);
#4571 = AXIS2_PLACEMENT_3D('',#4572,#4573,#4574);
#4572 = CARTESIAN_POINT('',(34.5,50.,143.6));
#4573 = DIRECTION('',(0.,0.,1.));
#4574 = DIRECTION('',(1.,0.,-0.));
#4575 = ADVANCED_FACE('',(#4576),#4579,.F.);
#4576 = FACE_BOUND('',#4577,.T.);
#4577 = EDGE_LOOP('',(#4578));
#4578 = ORIENTED_EDGE('',*,*,#4554,.F.);
#4579 = PLANE('',#4580);
#4580 = AXIS2_PLACEMENT_3D('',#4581,#4582,#4583);
#4581 = CARTESIAN_POINT('',(34.5,50.,140.6));
#4582 = DIRECTION('',(0.,0.,1.));
#4583 = DIRECTION('',(1.,0.,-0.));
#4584 = ( GEOMETRIC_REPRESENTATION_CONTEXT(3) 
GLOBAL_UNCERTAINTY_ASSIGNED_CONTEXT((#4588)) 
GLOBAL_UNIT_ASSIGNED_CONTEXT((#4585,#4586,#4587)) REPRESENTATION_CONTEXT
('Context #1','3D Context with UNIT and UNCERTAINTY') );
#4585 = ( LENGTH_UNIT() NAMED_UNIT(*) SI_UNIT(.MILLI.,.METRE.) );
#4586 = ( NAMED_UNIT(*) PLANE_ANGLE_UNIT() SI_UNIT($,.RADIAN.) );
#4587 = ( NAMED_UNIT(*) SI_UNIT($,.STERADIAN.) SOLID_ANGLE_UNIT() );
#4588 = UNCERTAINTY_MEASURE_WITH_UNIT(LENGTH_MEASURE(1.E-07),#4585,
  'distance_accuracy_value','confusion accuracy');
#4589 = CONTEXT_DEPENDENT_SHAPE_REPRESENTATION(#4590,#4592);
#4590 = ( REPRESENTATION_RELATIONSHIP('','',#4530,#10) 
REPRESENTATION_RELATIONSHIP_WITH_TRANSFORMATION(#4591) 
SHAPE_REPRESENTATION_RELATIONSHIP() );
#4591 = ITEM_DEFINED_TRANSFORMATION('','',#11,#119);
#4592 = PRODUCT_DEFINITION_SHAPE('Placement','Placement of an item',
  #4593);
#4593 = NEXT_ASSEMBLY_USAGE_OCCURRENCE('60','FAN_PLACEHOLDER','',#5,
  #4525,$);
#4594 = PRODUCT_RELATED_PRODUCT_CATEGORY('part',$,(#4527));
ENDSEC;
END-ISO-10303-21;
