ISO-10303-21;
HEADER;
FILE_DESCRIPTION(('FreeCAD Model'),'2;1');
FILE_NAME('Open CASCADE Shape Model','2026-09-12T15:40:29',('Author'),(
    ''),'Open CASCADE STEP processor 7.8','FreeCAD','Unknown');
FILE_SCHEMA(('AUTOMOTIVE_DESIGN { 1 0 10303 214 1 1 1 1 }'));
ENDSEC;
DATA;
#1 = APPLICATION_PROTOCOL_DEFINITION('international standard',
  'automotive_design',2000,#2);
#2 = APPLICATION_CONTEXT(
  'core data for automotive mechanical design processes');
#3 = SHAPE_DEFINITION_REPRESENTATION(#4,#10);
#4 = PRODUCT_DEFINITION_SHAPE('','',#5);
#5 = PRODUCT_DEFINITION('design','',#6,#9);
#6 = PRODUCT_DEFINITION_FORMATION('','',#7);
#7 = PRODUCT('ARIA_STACK_R3_ASSEMBLED_CONCEPT',
  'ARIA_STACK_R3_ASSEMBLED_CONCEPT','',(#8));
#8 = PRODUCT_CONTEXT('',#2,'mechanical');
#9 = PRODUCT_DEFINITION_CONTEXT('part definition',#2,'design');
#10 = SHAPE_REPRESENTATION('',(#11,#15,#19,#23,#27,#31,#35,#39,#43,#47,
    #51,#55,#59,#63,#67,#71,#75,#79,#83,#87,#91,#95,#99,#103,#107,#111,
    #115,#119,#123,#127,#131,#135,#139,#143),#147);
#11 = AXIS2_PLACEMENT_3D('',#12,#13,#14);
#12 = CARTESIAN_POINT('',(0.,0.,0.));
#13 = DIRECTION('',(0.,0.,1.));
#14 = DIRECTION('',(1.,0.,-0.));
#15 = AXIS2_PLACEMENT_3D('',#16,#17,#18);
#16 = CARTESIAN_POINT('',(0.,0.,0.));
#17 = DIRECTION('',(0.,0.,1.));
#18 = DIRECTION('',(1.,0.,0.));
#19 = AXIS2_PLACEMENT_3D('',#20,#21,#22);
#20 = CARTESIAN_POINT('',(0.,0.,0.));
#21 = DIRECTION('',(0.,0.,1.));
#22 = DIRECTION('',(1.,0.,0.));
#23 = AXIS2_PLACEMENT_3D('',#24,#25,#26);
#24 = CARTESIAN_POINT('',(0.,0.,0.));
#25 = DIRECTION('',(0.,0.,1.));
#26 = DIRECTION('',(1.,0.,0.));
#27 = AXIS2_PLACEMENT_3D('',#28,#29,#30);
#28 = CARTESIAN_POINT('',(0.,0.,0.));
#29 = DIRECTION('',(0.,0.,1.));
#30 = DIRECTION('',(1.,0.,0.));
#31 = AXIS2_PLACEMENT_3D('',#32,#33,#34);
#32 = CARTESIAN_POINT('',(0.,0.,0.));
#33 = DIRECTION('',(0.,0.,1.));
#34 = DIRECTION('',(1.,0.,0.));
#35 = AXIS2_PLACEMENT_3D('',#36,#37,#38);
#36 = CARTESIAN_POINT('',(0.,0.,0.));
#37 = DIRECTION('',(0.,0.,1.));
#38 = DIRECTION('',(1.,0.,0.));
#39 = AXIS2_PLACEMENT_3D('',#40,#41,#42);
#40 = CARTESIAN_POINT('',(0.,0.,0.));
#41 = DIRECTION('',(0.,0.,1.));
#42 = DIRECTION('',(1.,0.,0.));
#43 = AXIS2_PLACEMENT_3D('',#44,#45,#46);
#44 = CARTESIAN_POINT('',(0.,0.,0.));
#45 = DIRECTION('',(0.,0.,1.));
#46 = DIRECTION('',(1.,0.,0.));
#47 = AXIS2_PLACEMENT_3D('',#48,#49,#50);
#48 = CARTESIAN_POINT('',(0.,0.,0.));
#49 = DIRECTION('',(0.,0.,1.));
#50 = DIRECTION('',(1.,0.,0.));
#51 = AXIS2_PLACEMENT_3D('',#52,#53,#54);
#52 = CARTESIAN_POINT('',(0.,0.,0.));
#53 = DIRECTION('',(0.,0.,1.));
#54 = DIRECTION('',(1.,0.,0.));
#55 = AXIS2_PLACEMENT_3D('',#56,#57,#58);
#56 = CARTESIAN_POINT('',(0.,0.,0.));
#57 = DIRECTION('',(0.,0.,1.));
#58 = DIRECTION('',(1.,0.,0.));
#59 = AXIS2_PLACEMENT_3D('',#60,#61,#62);
#60 = CARTESIAN_POINT('',(0.,0.,0.));
#61 = DIRECTION('',(0.,0.,1.));
#62 = DIRECTION('',(1.,0.,0.));
#63 = AXIS2_PLACEMENT_3D('',#64,#65,#66);
#64 = CARTESIAN_POINT('',(0.,0.,0.));
#65 = DIRECTION('',(0.,0.,1.));
#66 = DIRECTION('',(1.,0.,0.));
#67 = AXIS2_PLACEMENT_3D('',#68,#69,#70);
#68 = CARTESIAN_POINT('',(0.,0.,0.));
#69 = DIRECTION('',(0.,0.,1.));
#70 = DIRECTION('',(1.,0.,0.));
#71 = AXIS2_PLACEMENT_3D('',#72,#73,#74);
#72 = CARTESIAN_POINT('',(0.,0.,0.));
#73 = DIRECTION('',(0.,0.,1.));
#74 = DIRECTION('',(1.,0.,0.));
#75 = AXIS2_PLACEMENT_3D('',#76,#77,#78);
#76 = CARTESIAN_POINT('',(0.,0.,0.));
#77 = DIRECTION('',(0.,0.,1.));
#78 = DIRECTION('',(1.,0.,0.));
#79 = AXIS2_PLACEMENT_3D('',#80,#81,#82);
#80 = CARTESIAN_POINT('',(0.,0.,0.));
#81 = DIRECTION('',(0.,0.,1.));
#82 = DIRECTION('',(1.,0.,0.));
#83 = AXIS2_PLACEMENT_3D('',#84,#85,#86);
#84 = CARTESIAN_POINT('',(0.,0.,0.));
#85 = DIRECTION('',(0.,0.,1.));
#86 = DIRECTION('',(1.,0.,0.));
#87 = AXIS2_PLACEMENT_3D('',#88,#89,#90);
#88 = CARTESIAN_POINT('',(0.,0.,0.));
#89 = DIRECTION('',(0.,0.,1.));
#90 = DIRECTION('',(1.,0.,0.));
#91 = AXIS2_PLACEMENT_3D('',#92,#93,#94);
#92 = CARTESIAN_POINT('',(0.,0.,0.));
#93 = DIRECTION('',(0.,0.,1.));
#94 = DIRECTION('',(1.,0.,0.));
#95 = AXIS2_PLACEMENT_3D('',#96,#97,#98);
#96 = CARTESIAN_POINT('',(0.,0.,0.));
#97 = DIRECTION('',(0.,0.,1.));
#98 = DIRECTION('',(1.,0.,0.));
#99 = AXIS2_PLACEMENT_3D('',#100,#101,#102);
#100 = CARTESIAN_POINT('',(0.,0.,0.));
#101 = DIRECTION('',(0.,0.,1.));
#102 = DIRECTION('',(1.,0.,0.));
#103 = AXIS2_PLACEMENT_3D('',#104,#105,#106);
#104 = CARTESIAN_POINT('',(0.,0.,0.));
#105 = DIRECTION('',(0.,0.,1.));
#106 = DIRECTION('',(1.,0.,0.));
#107 = AXIS2_PLACEMENT_3D('',#108,#109,#110);
#108 = CARTESIAN_POINT('',(0.,0.,0.));
#109 = DIRECTION('',(0.,0.,1.));
#110 = DIRECTION('',(1.,0.,0.));
#111 = AXIS2_PLACEMENT_3D('',#112,#113,#114);
#112 = CARTESIAN_POINT('',(0.,0.,0.));
#113 = DIRECTION('',(0.,0.,1.));
#114 = DIRECTION('',(1.,0.,0.));
#115 = AXIS2_PLACEMENT_3D('',#116,#117,#118);
#116 = CARTESIAN_POINT('',(0.,0.,0.));
#117 = DIRECTION('',(0.,0.,1.));
#118 = DIRECTION('',(1.,0.,0.));
#119 = AXIS2_PLACEMENT_3D('',#120,#121,#122);
#120 = CARTESIAN_POINT('',(0.,0.,0.));
#121 = DIRECTION('',(0.,0.,1.));
#122 = DIRECTION('',(1.,0.,0.));
#123 = AXIS2_PLACEMENT_3D('',#124,#125,#126);
#124 = CARTESIAN_POINT('',(0.,0.,0.));
#125 = DIRECTION('',(0.,0.,1.));
#126 = DIRECTION('',(1.,0.,0.));
#127 = AXIS2_PLACEMENT_3D('',#128,#129,#130);
#128 = CARTESIAN_POINT('',(0.,0.,0.));
#129 = DIRECTION('',(0.,0.,1.));
#130 = DIRECTION('',(1.,0.,0.));
#131 = AXIS2_PLACEMENT_3D('',#132,#133,#134);
#132 = CARTESIAN_POINT('',(0.,0.,0.));
#133 = DIRECTION('',(0.,0.,1.));
#134 = DIRECTION('',(1.,0.,0.));
#135 = AXIS2_PLACEMENT_3D('',#136,#137,#138);
#136 = CARTESIAN_POINT('',(0.,0.,0.));
#137 = DIRECTION('',(0.,0.,1.));
#138 = DIRECTION('',(1.,0.,0.));
#139 = AXIS2_PLACEMENT_3D('',#140,#141,#142);
#140 = CARTESIAN_POINT('',(0.,0.,0.));
#141 = DIRECTION('',(0.,0.,1.));
#142 = DIRECTION('',(1.,0.,0.));
#143 = AXIS2_PLACEMENT_3D('',#144,#145,#146);
#144 = CARTESIAN_POINT('',(0.,0.,0.));
#145 = DIRECTION('',(0.,0.,1.));
#146 = DIRECTION('',(1.,0.,0.));
#147 = ( GEOMETRIC_REPRESENTATION_CONTEXT(3) 
GLOBAL_UNCERTAINTY_ASSIGNED_CONTEXT((#151)) GLOBAL_UNIT_ASSIGNED_CONTEXT
((#148,#149,#150)) REPRESENTATION_CONTEXT('Context #1',
  '3D Context with UNIT and UNCERTAINTY') );
#148 = ( LENGTH_UNIT() NAMED_UNIT(*) SI_UNIT(.MILLI.,.METRE.) );
#149 = ( NAMED_UNIT(*) PLANE_ANGLE_UNIT() SI_UNIT($,.RADIAN.) );
#150 = ( NAMED_UNIT(*) SI_UNIT($,.STERADIAN.) SOLID_ANGLE_UNIT() );
#151 = UNCERTAINTY_MEASURE_WITH_UNIT(LENGTH_MEASURE(1.E-07),#148,
  'distance_accuracy_value','confusion accuracy');
#152 = PRODUCT_RELATED_PRODUCT_CATEGORY('part',$,(#7));
#153 = SHAPE_DEFINITION_REPRESENTATION(#154,#160);
#154 = PRODUCT_DEFINITION_SHAPE('','',#155);
#155 = PRODUCT_DEFINITION('design','',#156,#159);
#156 = PRODUCT_DEFINITION_FORMATION('','',#157);
#157 = PRODUCT('BASE_70x100_CONFIRMED_OUTLINE_ONLY',
  'BASE_70x100_CONFIRMED_OUTLINE_ONLY','',(#158));
#158 = PRODUCT_CONTEXT('',#2,'mechanical');
#159 = PRODUCT_DEFINITION_CONTEXT('part definition',#2,'design');
#160 = ADVANCED_BREP_SHAPE_REPRESENTATION('',(#11,#161),#311);
#161 = MANIFOLD_SOLID_BREP('',#162);
#162 = CLOSED_SHELL('',(#163,#203,#243,#265,#287,#299));
#163 = ADVANCED_FACE('',(#164),#198,.F.);
#164 = FACE_BOUND('',#165,.F.);
#165 = EDGE_LOOP('',(#166,#176,#184,#192));
#166 = ORIENTED_EDGE('',*,*,#167,.F.);
#167 = EDGE_CURVE('',#168,#170,#172,.T.);
#168 = VERTEX_POINT('',#169);
#169 = CARTESIAN_POINT('',(0.,0.,0.));
#170 = VERTEX_POINT('',#171);
#171 = CARTESIAN_POINT('',(0.,0.,1.6));
#172 = LINE('',#173,#174);
#173 = CARTESIAN_POINT('',(0.,0.,0.));
#174 = VECTOR('',#175,1.);
#175 = DIRECTION('',(0.,0.,1.));
#176 = ORIENTED_EDGE('',*,*,#177,.T.);
#177 = EDGE_CURVE('',#168,#178,#180,.T.);
#178 = VERTEX_POINT('',#179);
#179 = CARTESIAN_POINT('',(0.,100.,0.));
#180 = LINE('',#181,#182);
#181 = CARTESIAN_POINT('',(0.,0.,0.));
#182 = VECTOR('',#183,1.);
#183 = DIRECTION('',(-0.,1.,0.));
#184 = ORIENTED_EDGE('',*,*,#185,.T.);
#185 = EDGE_CURVE('',#178,#186,#188,.T.);
#186 = VERTEX_POINT('',#187);
#187 = CARTESIAN_POINT('',(0.,100.,1.6));
#188 = LINE('',#189,#190);
#189 = CARTESIAN_POINT('',(0.,100.,0.));
#190 = VECTOR('',#191,1.);
#191 = DIRECTION('',(0.,0.,1.));
#192 = ORIENTED_EDGE('',*,*,#193,.F.);
#193 = EDGE_CURVE('',#170,#186,#194,.T.);
#194 = LINE('',#195,#196);
#195 = CARTESIAN_POINT('',(0.,0.,1.6));
#196 = VECTOR('',#197,1.);
#197 = DIRECTION('',(-0.,1.,0.));
#198 = PLANE('',#199);
#199 = AXIS2_PLACEMENT_3D('',#200,#201,#202);
#200 = CARTESIAN_POINT('',(0.,0.,0.));
#201 = DIRECTION('',(1.,0.,-0.));
#202 = DIRECTION('',(0.,0.,1.));
#203 = ADVANCED_FACE('',(#204),#238,.T.);
#204 = FACE_BOUND('',#205,.T.);
#205 = EDGE_LOOP('',(#206,#216,#224,#232));
#206 = ORIENTED_EDGE('',*,*,#207,.F.);
#207 = EDGE_CURVE('',#208,#210,#212,.T.);
#208 = VERTEX_POINT('',#209);
#209 = CARTESIAN_POINT('',(70.,0.,0.));
#210 = VERTEX_POINT('',#211);
#211 = CARTESIAN_POINT('',(70.,0.,1.6));
#212 = LINE('',#213,#214);
#213 = CARTESIAN_POINT('',(70.,0.,0.));
#214 = VECTOR('',#215,1.);
#215 = DIRECTION('',(0.,0.,1.));
#216 = ORIENTED_EDGE('',*,*,#217,.T.);
#217 = EDGE_CURVE('',#208,#218,#220,.T.);
#218 = VERTEX_POINT('',#219);
#219 = CARTESIAN_POINT('',(70.,100.,0.));
#220 = LINE('',#221,#222);
#221 = CARTESIAN_POINT('',(70.,0.,0.));
#222 = VECTOR('',#223,1.);
#223 = DIRECTION('',(-0.,1.,0.));
#224 = ORIENTED_EDGE('',*,*,#225,.T.);
#225 = EDGE_CURVE('',#218,#226,#228,.T.);
#226 = VERTEX_POINT('',#227);
#227 = CARTESIAN_POINT('',(70.,100.,1.6));
#228 = LINE('',#229,#230);
#229 = CARTESIAN_POINT('',(70.,100.,0.));
#230 = VECTOR('',#231,1.);
#231 = DIRECTION('',(0.,0.,1.));
#232 = ORIENTED_EDGE('',*,*,#233,.F.);
#233 = EDGE_CURVE('',#210,#226,#234,.T.);
#234 = LINE('',#235,#236);
#235 = CARTESIAN_POINT('',(70.,0.,1.6));
#236 = VECTOR('',#237,1.);
#237 = DIRECTION('',(-0.,1.,0.));
#238 = PLANE('',#239);
#239 = AXIS2_PLACEMENT_3D('',#240,#241,#242);
#240 = CARTESIAN_POINT('',(70.,0.,0.));
#241 = DIRECTION('',(1.,0.,-0.));
#242 = DIRECTION('',(0.,0.,1.));
#243 = ADVANCED_FACE('',(#244),#260,.F.);
#244 = FACE_BOUND('',#245,.F.);
#245 = EDGE_LOOP('',(#246,#252,#253,#259));
#246 = ORIENTED_EDGE('',*,*,#247,.F.);
#247 = EDGE_CURVE('',#168,#208,#248,.T.);
#248 = LINE('',#249,#250);
#249 = CARTESIAN_POINT('',(0.,0.,0.));
#250 = VECTOR('',#251,1.);
#251 = DIRECTION('',(1.,0.,-0.));
#252 = ORIENTED_EDGE('',*,*,#167,.T.);
#253 = ORIENTED_EDGE('',*,*,#254,.T.);
#254 = EDGE_CURVE('',#170,#210,#255,.T.);
#255 = LINE('',#256,#257);
#256 = CARTESIAN_POINT('',(0.,0.,1.6));
#257 = VECTOR('',#258,1.);
#258 = DIRECTION('',(1.,0.,-0.));
#259 = ORIENTED_EDGE('',*,*,#207,.F.);
#260 = PLANE('',#261);
#261 = AXIS2_PLACEMENT_3D('',#262,#263,#264);
#262 = CARTESIAN_POINT('',(0.,0.,0.));
#263 = DIRECTION('',(-0.,1.,0.));
#264 = DIRECTION('',(0.,0.,1.));
#265 = ADVANCED_FACE('',(#266),#282,.T.);
#266 = FACE_BOUND('',#267,.T.);
#267 = EDGE_LOOP('',(#268,#274,#275,#281));
#268 = ORIENTED_EDGE('',*,*,#269,.F.);
#269 = EDGE_CURVE('',#178,#218,#270,.T.);
#270 = LINE('',#271,#272);
#271 = CARTESIAN_POINT('',(0.,100.,0.));
#272 = VECTOR('',#273,1.);
#273 = DIRECTION('',(1.,0.,-0.));
#274 = ORIENTED_EDGE('',*,*,#185,.T.);
#275 = ORIENTED_EDGE('',*,*,#276,.T.);
#276 = EDGE_CURVE('',#186,#226,#277,.T.);
#277 = LINE('',#278,#279);
#278 = CARTESIAN_POINT('',(0.,100.,1.6));
#279 = VECTOR('',#280,1.);
#280 = DIRECTION('',(1.,0.,-0.));
#281 = ORIENTED_EDGE('',*,*,#225,.F.);
#282 = PLANE('',#283);
#283 = AXIS2_PLACEMENT_3D('',#284,#285,#286);
#284 = CARTESIAN_POINT('',(0.,100.,0.));
#285 = DIRECTION('',(-0.,1.,0.));
#286 = DIRECTION('',(0.,0.,1.));
#287 = ADVANCED_FACE('',(#288),#294,.F.);
#288 = FACE_BOUND('',#289,.F.);
#289 = EDGE_LOOP('',(#290,#291,#292,#293));
#290 = ORIENTED_EDGE('',*,*,#177,.F.);
#291 = ORIENTED_EDGE('',*,*,#247,.T.);
#292 = ORIENTED_EDGE('',*,*,#217,.T.);
#293 = ORIENTED_EDGE('',*,*,#269,.F.);
#294 = PLANE('',#295);
#295 = AXIS2_PLACEMENT_3D('',#296,#297,#298);
#296 = CARTESIAN_POINT('',(0.,0.,0.));
#297 = DIRECTION('',(0.,0.,1.));
#298 = DIRECTION('',(1.,0.,-0.));
#299 = ADVANCED_FACE('',(#300),#306,.T.);
#300 = FACE_BOUND('',#301,.T.);
#301 = EDGE_LOOP('',(#302,#303,#304,#305));
#302 = ORIENTED_EDGE('',*,*,#193,.F.);
#303 = ORIENTED_EDGE('',*,*,#254,.T.);
#304 = ORIENTED_EDGE('',*,*,#233,.T.);
#305 = ORIENTED_EDGE('',*,*,#276,.F.);
#306 = PLANE('',#307);
#307 = AXIS2_PLACEMENT_3D('',#308,#309,#310);
#308 = CARTESIAN_POINT('',(0.,0.,1.6));
#309 = DIRECTION('',(0.,0.,1.));
#310 = DIRECTION('',(1.,0.,-0.));
#311 = ( GEOMETRIC_REPRESENTATION_CONTEXT(3) 
GLOBAL_UNCERTAINTY_ASSIGNED_CONTEXT((#315)) GLOBAL_UNIT_ASSIGNED_CONTEXT
((#312,#313,#314)) REPRESENTATION_CONTEXT('Context #1',
  '3D Context with UNIT and UNCERTAINTY') );
#312 = ( LENGTH_UNIT() NAMED_UNIT(*) SI_UNIT(.MILLI.,.METRE.) );
#313 = ( NAMED_UNIT(*) PLANE_ANGLE_UNIT() SI_UNIT($,.RADIAN.) );
#314 = ( NAMED_UNIT(*) SI_UNIT($,.STERADIAN.) SOLID_ANGLE_UNIT() );
#315 = UNCERTAINTY_MEASURE_WITH_UNIT(LENGTH_MEASURE(1.E-07),#312,
  'distance_accuracy_value','confusion accuracy');
#316 = CONTEXT_DEPENDENT_SHAPE_REPRESENTATION(#317,#319);
#317 = ( REPRESENTATION_RELATIONSHIP('','',#160,#10) 
REPRESENTATION_RELATIONSHIP_WITH_TRANSFORMATION(#318) 
SHAPE_REPRESENTATION_RELATIONSHIP() );
#318 = ITEM_DEFINED_TRANSFORMATION('','',#11,#15);
#319 = PRODUCT_DEFINITION_SHAPE('Placement','Placement of an item',#320
  );
#320 = NEXT_ASSEMBLY_USAGE_OCCURRENCE('1',
  'BASE_70x100_CONFIRMED_OUTLINE_ONLY','',#5,#155,$);
#321 = PRODUCT_RELATED_PRODUCT_CATEGORY('part',$,(#157));
#322 = SHAPE_DEFINITION_REPRESENTATION(#323,#329);
#323 = PRODUCT_DEFINITION_SHAPE('','',#324);
#324 = PRODUCT_DEFINITION('design','',#325,#328);
#325 = PRODUCT_DEFINITION_FORMATION('','',#326);
#326 = PRODUCT('DRIVER_ENVELOPE_5','DRIVER_ENVELOPE_5','',(#327));
#327 = PRODUCT_CONTEXT('',#2,'mechanical');
#328 = PRODUCT_DEFINITION_CONTEXT('part definition',#2,'design');
#329 = ADVANCED_BREP_SHAPE_REPRESENTATION('',(#11,#330),#480);
#330 = MANIFOLD_SOLID_BREP('',#331);
#331 = CLOSED_SHELL('',(#332,#372,#412,#434,#456,#468));
#332 = ADVANCED_FACE('',(#333),#367,.F.);
#333 = FACE_BOUND('',#334,.F.);
#334 = EDGE_LOOP('',(#335,#345,#353,#361));
#335 = ORIENTED_EDGE('',*,*,#336,.F.);
#336 = EDGE_CURVE('',#337,#339,#341,.T.);
#337 = VERTEX_POINT('',#338);
#338 = CARTESIAN_POINT('',(5.,5.,4.));
#339 = VERTEX_POINT('',#340);
#340 = CARTESIAN_POINT('',(5.,5.,5.6));
#341 = LINE('',#342,#343);
#342 = CARTESIAN_POINT('',(5.,5.,4.));
#343 = VECTOR('',#344,1.);
#344 = DIRECTION('',(0.,0.,1.));
#345 = ORIENTED_EDGE('',*,*,#346,.T.);
#346 = EDGE_CURVE('',#337,#347,#349,.T.);
#347 = VERTEX_POINT('',#348);
#348 = CARTESIAN_POINT('',(5.,26.5,4.));
#349 = LINE('',#350,#351);
#350 = CARTESIAN_POINT('',(5.,5.,4.));
#351 = VECTOR('',#352,1.);
#352 = DIRECTION('',(-0.,1.,0.));
#353 = ORIENTED_EDGE('',*,*,#354,.T.);
#354 = EDGE_CURVE('',#347,#355,#357,.T.);
#355 = VERTEX_POINT('',#356);
#356 = CARTESIAN_POINT('',(5.,26.5,5.6));
#357 = LINE('',#358,#359);
#358 = CARTESIAN_POINT('',(5.,26.5,4.));
#359 = VECTOR('',#360,1.);
#360 = DIRECTION('',(0.,0.,1.));
#361 = ORIENTED_EDGE('',*,*,#362,.F.);
#362 = EDGE_CURVE('',#339,#355,#363,.T.);
#363 = LINE('',#364,#365);
#364 = CARTESIAN_POINT('',(5.,5.,5.6));
#365 = VECTOR('',#366,1.);
#366 = DIRECTION('',(-0.,1.,0.));
#367 = PLANE('',#368);
#368 = AXIS2_PLACEMENT_3D('',#369,#370,#371);
#369 = CARTESIAN_POINT('',(5.,5.,4.));
#370 = DIRECTION('',(1.,0.,-0.));
#371 = DIRECTION('',(0.,0.,1.));
#372 = ADVANCED_FACE('',(#373),#407,.T.);
#373 = FACE_BOUND('',#374,.T.);
#374 = EDGE_LOOP('',(#375,#385,#393,#401));
#375 = ORIENTED_EDGE('',*,*,#376,.F.);
#376 = EDGE_CURVE('',#377,#379,#381,.T.);
#377 = VERTEX_POINT('',#378);
#378 = CARTESIAN_POINT('',(31.,5.,4.));
#379 = VERTEX_POINT('',#380);
#380 = CARTESIAN_POINT('',(31.,5.,5.6));
#381 = LINE('',#382,#383);
#382 = CARTESIAN_POINT('',(31.,5.,4.));
#383 = VECTOR('',#384,1.);
#384 = DIRECTION('',(0.,0.,1.));
#385 = ORIENTED_EDGE('',*,*,#386,.T.);
#386 = EDGE_CURVE('',#377,#387,#389,.T.);
#387 = VERTEX_POINT('',#388);
#388 = CARTESIAN_POINT('',(31.,26.5,4.));
#389 = LINE('',#390,#391);
#390 = CARTESIAN_POINT('',(31.,5.,4.));
#391 = VECTOR('',#392,1.);
#392 = DIRECTION('',(-0.,1.,0.));
#393 = ORIENTED_EDGE('',*,*,#394,.T.);
#394 = EDGE_CURVE('',#387,#395,#397,.T.);
#395 = VERTEX_POINT('',#396);
#396 = CARTESIAN_POINT('',(31.,26.5,5.6));
#397 = LINE('',#398,#399);
#398 = CARTESIAN_POINT('',(31.,26.5,4.));
#399 = VECTOR('',#400,1.);
#400 = DIRECTION('',(0.,0.,1.));
#401 = ORIENTED_EDGE('',*,*,#402,.F.);
#402 = EDGE_CURVE('',#379,#395,#403,.T.);
#403 = LINE('',#404,#405);
#404 = CARTESIAN_POINT('',(31.,5.,5.6));
#405 = VECTOR('',#406,1.);
#406 = DIRECTION('',(-0.,1.,0.));
#407 = PLANE('',#408);
#408 = AXIS2_PLACEMENT_3D('',#409,#410,#411);
#409 = CARTESIAN_POINT('',(31.,5.,4.));
#410 = DIRECTION('',(1.,0.,-0.));
#411 = DIRECTION('',(0.,0.,1.));
#412 = ADVANCED_FACE('',(#413),#429,.F.);
#413 = FACE_BOUND('',#414,.F.);
#414 = EDGE_LOOP('',(#415,#421,#422,#428));
#415 = ORIENTED_EDGE('',*,*,#416,.F.);
#416 = EDGE_CURVE('',#337,#377,#417,.T.);
#417 = LINE('',#418,#419);
#418 = CARTESIAN_POINT('',(5.,5.,4.));
#419 = VECTOR('',#420,1.);
#420 = DIRECTION('',(1.,0.,-0.));
#421 = ORIENTED_EDGE('',*,*,#336,.T.);
#422 = ORIENTED_EDGE('',*,*,#423,.T.);
#423 = EDGE_CURVE('',#339,#379,#424,.T.);
#424 = LINE('',#425,#426);
#425 = CARTESIAN_POINT('',(5.,5.,5.6));
#426 = VECTOR('',#427,1.);
#427 = DIRECTION('',(1.,0.,-0.));
#428 = ORIENTED_EDGE('',*,*,#376,.F.);
#429 = PLANE('',#430);
#430 = AXIS2_PLACEMENT_3D('',#431,#432,#433);
#431 = CARTESIAN_POINT('',(5.,5.,4.));
#432 = DIRECTION('',(-0.,1.,0.));
#433 = DIRECTION('',(0.,0.,1.));
#434 = ADVANCED_FACE('',(#435),#451,.T.);
#435 = FACE_BOUND('',#436,.T.);
#436 = EDGE_LOOP('',(#437,#443,#444,#450));
#437 = ORIENTED_EDGE('',*,*,#438,.F.);
#438 = EDGE_CURVE('',#347,#387,#439,.T.);
#439 = LINE('',#440,#441);
#440 = CARTESIAN_POINT('',(5.,26.5,4.));
#441 = VECTOR('',#442,1.);
#442 = DIRECTION('',(1.,0.,-0.));
#443 = ORIENTED_EDGE('',*,*,#354,.T.);
#444 = ORIENTED_EDGE('',*,*,#445,.T.);
#445 = EDGE_CURVE('',#355,#395,#446,.T.);
#446 = LINE('',#447,#448);
#447 = CARTESIAN_POINT('',(5.,26.5,5.6));
#448 = VECTOR('',#449,1.);
#449 = DIRECTION('',(1.,0.,-0.));
#450 = ORIENTED_EDGE('',*,*,#394,.F.);
#451 = PLANE('',#452);
#452 = AXIS2_PLACEMENT_3D('',#453,#454,#455);
#453 = CARTESIAN_POINT('',(5.,26.5,4.));
#454 = DIRECTION('',(-0.,1.,0.));
#455 = DIRECTION('',(0.,0.,1.));
#456 = ADVANCED_FACE('',(#457),#463,.F.);
#457 = FACE_BOUND('',#458,.F.);
#458 = EDGE_LOOP('',(#459,#460,#461,#462));
#459 = ORIENTED_EDGE('',*,*,#346,.F.);
#460 = ORIENTED_EDGE('',*,*,#416,.T.);
#461 = ORIENTED_EDGE('',*,*,#386,.T.);
#462 = ORIENTED_EDGE('',*,*,#438,.F.);
#463 = PLANE('',#464);
#464 = AXIS2_PLACEMENT_3D('',#465,#466,#467);
#465 = CARTESIAN_POINT('',(5.,5.,4.));
#466 = DIRECTION('',(0.,0.,1.));
#467 = DIRECTION('',(1.,0.,-0.));
#468 = ADVANCED_FACE('',(#469),#475,.T.);
#469 = FACE_BOUND('',#470,.T.);
#470 = EDGE_LOOP('',(#471,#472,#473,#474));
#471 = ORIENTED_EDGE('',*,*,#362,.F.);
#472 = ORIENTED_EDGE('',*,*,#423,.T.);
#473 = ORIENTED_EDGE('',*,*,#402,.T.);
#474 = ORIENTED_EDGE('',*,*,#445,.F.);
#475 = PLANE('',#476);
#476 = AXIS2_PLACEMENT_3D('',#477,#478,#479);
#477 = CARTESIAN_POINT('',(5.,5.,5.6));
#478 = DIRECTION('',(0.,0.,1.));
#479 = DIRECTION('',(1.,0.,-0.));
#480 = ( GEOMETRIC_REPRESENTATION_CONTEXT(3) 
GLOBAL_UNCERTAINTY_ASSIGNED_CONTEXT((#484)) GLOBAL_UNIT_ASSIGNED_CONTEXT
((#481,#482,#483)) REPRESENTATION_CONTEXT('Context #1',
  '3D Context with UNIT and UNCERTAINTY') );
#481 = ( LENGTH_UNIT() NAMED_UNIT(*) SI_UNIT(.MILLI.,.METRE.) );
#482 = ( NAMED_UNIT(*) PLANE_ANGLE_UNIT() SI_UNIT($,.RADIAN.) );
#483 = ( NAMED_UNIT(*) SI_UNIT($,.STERADIAN.) SOLID_ANGLE_UNIT() );
#484 = UNCERTAINTY_MEASURE_WITH_UNIT(LENGTH_MEASURE(1.E-07),#481,
  'distance_accuracy_value','confusion accuracy');
#485 = CONTEXT_DEPENDENT_SHAPE_REPRESENTATION(#486,#488);
#486 = ( REPRESENTATION_RELATIONSHIP('','',#329,#10) 
REPRESENTATION_RELATIONSHIP_WITH_TRANSFORMATION(#487) 
SHAPE_REPRESENTATION_RELATIONSHIP() );
#487 = ITEM_DEFINED_TRANSFORMATION('','',#11,#19);
#488 = PRODUCT_DEFINITION_SHAPE('Placement','Placement of an item',#489
  );
#489 = NEXT_ASSEMBLY_USAGE_OCCURRENCE('2','DRIVER_ENVELOPE_5','',#5,#324
  ,$);
#490 = PRODUCT_RELATED_PRODUCT_CATEGORY('part',$,(#326));
#491 = SHAPE_DEFINITION_REPRESENTATION(#492,#498);
#492 = PRODUCT_DEFINITION_SHAPE('','',#493);
#493 = PRODUCT_DEFINITION('design','',#494,#497);
#494 = PRODUCT_DEFINITION_FORMATION('','',#495);
#495 = PRODUCT('DRIVER_COMPONENT_ALLOWANCE_5',
  'DRIVER_COMPONENT_ALLOWANCE_5','',(#496));
#496 = PRODUCT_CONTEXT('',#2,'mechanical');
#497 = PRODUCT_DEFINITION_CONTEXT('part definition',#2,'design');
#498 = ADVANCED_BREP_SHAPE_REPRESENTATION('',(#11,#499),#649);
#499 = MANIFOLD_SOLID_BREP('',#500);
#500 = CLOSED_SHELL('',(#501,#541,#581,#603,#625,#637));
#501 = ADVANCED_FACE('',(#502),#536,.F.);
#502 = FACE_BOUND('',#503,.F.);
#503 = EDGE_LOOP('',(#504,#514,#522,#530));
#504 = ORIENTED_EDGE('',*,*,#505,.F.);
#505 = EDGE_CURVE('',#506,#508,#510,.T.);
#506 = VERTEX_POINT('',#507);
#507 = CARTESIAN_POINT('',(8.,9.,5.6));
#508 = VERTEX_POINT('',#509);
#509 = CARTESIAN_POINT('',(8.,9.,15.6));
#510 = LINE('',#511,#512);
#511 = CARTESIAN_POINT('',(8.,9.,5.6));
#512 = VECTOR('',#513,1.);
#513 = DIRECTION('',(0.,0.,1.));
#514 = ORIENTED_EDGE('',*,*,#515,.T.);
#515 = EDGE_CURVE('',#506,#516,#518,.T.);
#516 = VERTEX_POINT('',#517);
#517 = CARTESIAN_POINT('',(8.,21.,5.6));
#518 = LINE('',#519,#520);
#519 = CARTESIAN_POINT('',(8.,9.,5.6));
#520 = VECTOR('',#521,1.);
#521 = DIRECTION('',(-0.,1.,0.));
#522 = ORIENTED_EDGE('',*,*,#523,.T.);
#523 = EDGE_CURVE('',#516,#524,#526,.T.);
#524 = VERTEX_POINT('',#525);
#525 = CARTESIAN_POINT('',(8.,21.,15.6));
#526 = LINE('',#527,#528);
#527 = CARTESIAN_POINT('',(8.,21.,5.6));
#528 = VECTOR('',#529,1.);
#529 = DIRECTION('',(0.,0.,1.));
#530 = ORIENTED_EDGE('',*,*,#531,.F.);
#531 = EDGE_CURVE('',#508,#524,#532,.T.);
#532 = LINE('',#533,#534);
#533 = CARTESIAN_POINT('',(8.,9.,15.6));
#534 = VECTOR('',#535,1.);
#535 = DIRECTION('',(-0.,1.,0.));
#536 = PLANE('',#537);
#537 = AXIS2_PLACEMENT_3D('',#538,#539,#540);
#538 = CARTESIAN_POINT('',(8.,9.,5.6));
#539 = DIRECTION('',(1.,0.,-0.));
#540 = DIRECTION('',(0.,0.,1.));
#541 = ADVANCED_FACE('',(#542),#576,.T.);
#542 = FACE_BOUND('',#543,.T.);
#543 = EDGE_LOOP('',(#544,#554,#562,#570));
#544 = ORIENTED_EDGE('',*,*,#545,.F.);
#545 = EDGE_CURVE('',#546,#548,#550,.T.);
#546 = VERTEX_POINT('',#547);
#547 = CARTESIAN_POINT('',(28.,9.,5.6));
#548 = VERTEX_POINT('',#549);
#549 = CARTESIAN_POINT('',(28.,9.,15.6));
#550 = LINE('',#551,#552);
#551 = CARTESIAN_POINT('',(28.,9.,5.6));
#552 = VECTOR('',#553,1.);
#553 = DIRECTION('',(0.,0.,1.));
#554 = ORIENTED_EDGE('',*,*,#555,.T.);
#555 = EDGE_CURVE('',#546,#556,#558,.T.);
#556 = VERTEX_POINT('',#557);
#557 = CARTESIAN_POINT('',(28.,21.,5.6));
#558 = LINE('',#559,#560);
#559 = CARTESIAN_POINT('',(28.,9.,5.6));
#560 = VECTOR('',#561,1.);
#561 = DIRECTION('',(-0.,1.,0.));
#562 = ORIENTED_EDGE('',*,*,#563,.T.);
#563 = EDGE_CURVE('',#556,#564,#566,.T.);
#564 = VERTEX_POINT('',#565);
#565 = CARTESIAN_POINT('',(28.,21.,15.6));
#566 = LINE('',#567,#568);
#567 = CARTESIAN_POINT('',(28.,21.,5.6));
#568 = VECTOR('',#569,1.);
#569 = DIRECTION('',(0.,0.,1.));
#570 = ORIENTED_EDGE('',*,*,#571,.F.);
#571 = EDGE_CURVE('',#548,#564,#572,.T.);
#572 = LINE('',#573,#574);
#573 = CARTESIAN_POINT('',(28.,9.,15.6));
#574 = VECTOR('',#575,1.);
#575 = DIRECTION('',(-0.,1.,0.));
#576 = PLANE('',#577);
#577 = AXIS2_PLACEMENT_3D('',#578,#579,#580);
#578 = CARTESIAN_POINT('',(28.,9.,5.6));
#579 = DIRECTION('',(1.,0.,-0.));
#580 = DIRECTION('',(0.,0.,1.));
#581 = ADVANCED_FACE('',(#582),#598,.F.);
#582 = FACE_BOUND('',#583,.F.);
#583 = EDGE_LOOP('',(#584,#590,#591,#597));
#584 = ORIENTED_EDGE('',*,*,#585,.F.);
#585 = EDGE_CURVE('',#506,#546,#586,.T.);
#586 = LINE('',#587,#588);
#587 = CARTESIAN_POINT('',(8.,9.,5.6));
#588 = VECTOR('',#589,1.);
#589 = DIRECTION('',(1.,0.,-0.));
#590 = ORIENTED_EDGE('',*,*,#505,.T.);
#591 = ORIENTED_EDGE('',*,*,#592,.T.);
#592 = EDGE_CURVE('',#508,#548,#593,.T.);
#593 = LINE('',#594,#595);
#594 = CARTESIAN_POINT('',(8.,9.,15.6));
#595 = VECTOR('',#596,1.);
#596 = DIRECTION('',(1.,0.,-0.));
#597 = ORIENTED_EDGE('',*,*,#545,.F.);
#598 = PLANE('',#599);
#599 = AXIS2_PLACEMENT_3D('',#600,#601,#602);
#600 = CARTESIAN_POINT('',(8.,9.,5.6));
#601 = DIRECTION('',(-0.,1.,0.));
#602 = DIRECTION('',(0.,0.,1.));
#603 = ADVANCED_FACE('',(#604),#620,.T.);
#604 = FACE_BOUND('',#605,.T.);
#605 = EDGE_LOOP('',(#606,#612,#613,#619));
#606 = ORIENTED_EDGE('',*,*,#607,.F.);
#607 = EDGE_CURVE('',#516,#556,#608,.T.);
#608 = LINE('',#609,#610);
#609 = CARTESIAN_POINT('',(8.,21.,5.6));
#610 = VECTOR('',#611,1.);
#611 = DIRECTION('',(1.,0.,-0.));
#612 = ORIENTED_EDGE('',*,*,#523,.T.);
#613 = ORIENTED_EDGE('',*,*,#614,.T.);
#614 = EDGE_CURVE('',#524,#564,#615,.T.);
#615 = LINE('',#616,#617);
#616 = CARTESIAN_POINT('',(8.,21.,15.6));
#617 = VECTOR('',#618,1.);
#618 = DIRECTION('',(1.,0.,-0.));
#619 = ORIENTED_EDGE('',*,*,#563,.F.);
#620 = PLANE('',#621);
#621 = AXIS2_PLACEMENT_3D('',#622,#623,#624);
#622 = CARTESIAN_POINT('',(8.,21.,5.6));
#623 = DIRECTION('',(-0.,1.,0.));
#624 = DIRECTION('',(0.,0.,1.));
#625 = ADVANCED_FACE('',(#626),#632,.F.);
#626 = FACE_BOUND('',#627,.F.);
#627 = EDGE_LOOP('',(#628,#629,#630,#631));
#628 = ORIENTED_EDGE('',*,*,#515,.F.);
#629 = ORIENTED_EDGE('',*,*,#585,.T.);
#630 = ORIENTED_EDGE('',*,*,#555,.T.);
#631 = ORIENTED_EDGE('',*,*,#607,.F.);
#632 = PLANE('',#633);
#633 = AXIS2_PLACEMENT_3D('',#634,#635,#636);
#634 = CARTESIAN_POINT('',(8.,9.,5.6));
#635 = DIRECTION('',(0.,0.,1.));
#636 = DIRECTION('',(1.,0.,-0.));
#637 = ADVANCED_FACE('',(#638),#644,.T.);
#638 = FACE_BOUND('',#639,.T.);
#639 = EDGE_LOOP('',(#640,#641,#642,#643));
#640 = ORIENTED_EDGE('',*,*,#531,.F.);
#641 = ORIENTED_EDGE('',*,*,#592,.T.);
#642 = ORIENTED_EDGE('',*,*,#571,.T.);
#643 = ORIENTED_EDGE('',*,*,#614,.F.);
#644 = PLANE('',#645);
#645 = AXIS2_PLACEMENT_3D('',#646,#647,#648);
#646 = CARTESIAN_POINT('',(8.,9.,15.6));
#647 = DIRECTION('',(0.,0.,1.));
#648 = DIRECTION('',(1.,0.,-0.));
#649 = ( GEOMETRIC_REPRESENTATION_CONTEXT(3) 
GLOBAL_UNCERTAINTY_ASSIGNED_CONTEXT((#653)) GLOBAL_UNIT_ASSIGNED_CONTEXT
((#650,#651,#652)) REPRESENTATION_CONTEXT('Context #1',
  '3D Context with UNIT and UNCERTAINTY') );
#650 = ( LENGTH_UNIT() NAMED_UNIT(*) SI_UNIT(.MILLI.,.METRE.) );
#651 = ( NAMED_UNIT(*) PLANE_ANGLE_UNIT() SI_UNIT($,.RADIAN.) );
#652 = ( NAMED_UNIT(*) SI_UNIT($,.STERADIAN.) SOLID_ANGLE_UNIT() );
#653 = UNCERTAINTY_MEASURE_WITH_UNIT(LENGTH_MEASURE(1.E-07),#650,
  'distance_accuracy_value','confusion accuracy');
#654 = CONTEXT_DEPENDENT_SHAPE_REPRESENTATION(#655,#657);
#655 = ( REPRESENTATION_RELATIONSHIP('','',#498,#10) 
REPRESENTATION_RELATIONSHIP_WITH_TRANSFORMATION(#656) 
SHAPE_REPRESENTATION_RELATIONSHIP() );
#656 = ITEM_DEFINED_TRANSFORMATION('','',#11,#23);
#657 = PRODUCT_DEFINITION_SHAPE('Placement','Placement of an item',#658
  );
#658 = NEXT_ASSEMBLY_USAGE_OCCURRENCE('3','DRIVER_COMPONENT_ALLOWANCE_5'
  ,'',#5,#493,$);
#659 = PRODUCT_RELATED_PRODUCT_CATEGORY('part',$,(#495));
#660 = SHAPE_DEFINITION_REPRESENTATION(#661,#667);
#661 = PRODUCT_DEFINITION_SHAPE('','',#662);
#662 = PRODUCT_DEFINITION('design','',#663,#666);
#663 = PRODUCT_DEFINITION_FORMATION('','',#664);
#664 = PRODUCT('DRIVER_ENVELOPE_38','DRIVER_ENVELOPE_38','',(#665));
#665 = PRODUCT_CONTEXT('',#2,'mechanical');
#666 = PRODUCT_DEFINITION_CONTEXT('part definition',#2,'design');
#667 = ADVANCED_BREP_SHAPE_REPRESENTATION('',(#11,#668),#818);
#668 = MANIFOLD_SOLID_BREP('',#669);
#669 = CLOSED_SHELL('',(#670,#710,#750,#772,#794,#806));
#670 = ADVANCED_FACE('',(#671),#705,.F.);
#671 = FACE_BOUND('',#672,.F.);
#672 = EDGE_LOOP('',(#673,#683,#691,#699));
#673 = ORIENTED_EDGE('',*,*,#674,.F.);
#674 = EDGE_CURVE('',#675,#677,#679,.T.);
#675 = VERTEX_POINT('',#676);
#676 = CARTESIAN_POINT('',(38.,5.,4.));
#677 = VERTEX_POINT('',#678);
#678 = CARTESIAN_POINT('',(38.,5.,5.6));
#679 = LINE('',#680,#681);
#680 = CARTESIAN_POINT('',(38.,5.,4.));
#681 = VECTOR('',#682,1.);
#682 = DIRECTION('',(0.,0.,1.));
#683 = ORIENTED_EDGE('',*,*,#684,.T.);
#684 = EDGE_CURVE('',#675,#685,#687,.T.);
#685 = VERTEX_POINT('',#686);
#686 = CARTESIAN_POINT('',(38.,26.5,4.));
#687 = LINE('',#688,#689);
#688 = CARTESIAN_POINT('',(38.,5.,4.));
#689 = VECTOR('',#690,1.);
#690 = DIRECTION('',(-0.,1.,0.));
#691 = ORIENTED_EDGE('',*,*,#692,.T.);
#692 = EDGE_CURVE('',#685,#693,#695,.T.);
#693 = VERTEX_POINT('',#694);
#694 = CARTESIAN_POINT('',(38.,26.5,5.6));
#695 = LINE('',#696,#697);
#696 = CARTESIAN_POINT('',(38.,26.5,4.));
#697 = VECTOR('',#698,1.);
#698 = DIRECTION('',(0.,0.,1.));
#699 = ORIENTED_EDGE('',*,*,#700,.F.);
#700 = EDGE_CURVE('',#677,#693,#701,.T.);
#701 = LINE('',#702,#703);
#702 = CARTESIAN_POINT('',(38.,5.,5.6));
#703 = VECTOR('',#704,1.);
#704 = DIRECTION('',(-0.,1.,0.));
#705 = PLANE('',#706);
#706 = AXIS2_PLACEMENT_3D('',#707,#708,#709);
#707 = CARTESIAN_POINT('',(38.,5.,4.));
#708 = DIRECTION('',(1.,0.,-0.));
#709 = DIRECTION('',(0.,0.,1.));
#710 = ADVANCED_FACE('',(#711),#745,.T.);
#711 = FACE_BOUND('',#712,.T.);
#712 = EDGE_LOOP('',(#713,#723,#731,#739));
#713 = ORIENTED_EDGE('',*,*,#714,.F.);
#714 = EDGE_CURVE('',#715,#717,#719,.T.);
#715 = VERTEX_POINT('',#716);
#716 = CARTESIAN_POINT('',(64.,5.,4.));
#717 = VERTEX_POINT('',#718);
#718 = CARTESIAN_POINT('',(64.,5.,5.6));
#719 = LINE('',#720,#721);
#720 = CARTESIAN_POINT('',(64.,5.,4.));
#721 = VECTOR('',#722,1.);
#722 = DIRECTION('',(0.,0.,1.));
#723 = ORIENTED_EDGE('',*,*,#724,.T.);
#724 = EDGE_CURVE('',#715,#725,#727,.T.);
#725 = VERTEX_POINT('',#726);
#726 = CARTESIAN_POINT('',(64.,26.5,4.));
#727 = LINE('',#728,#729);
#728 = CARTESIAN_POINT('',(64.,5.,4.));
#729 = VECTOR('',#730,1.);
#730 = DIRECTION('',(-0.,1.,0.));
#731 = ORIENTED_EDGE('',*,*,#732,.T.);
#732 = EDGE_CURVE('',#725,#733,#735,.T.);
#733 = VERTEX_POINT('',#734);
#734 = CARTESIAN_POINT('',(64.,26.5,5.6));
#735 = LINE('',#736,#737);
#736 = CARTESIAN_POINT('',(64.,26.5,4.));
#737 = VECTOR('',#738,1.);
#738 = DIRECTION('',(0.,0.,1.));
#739 = ORIENTED_EDGE('',*,*,#740,.F.);
#740 = EDGE_CURVE('',#717,#733,#741,.T.);
#741 = LINE('',#742,#743);
#742 = CARTESIAN_POINT('',(64.,5.,5.6));
#743 = VECTOR('',#744,1.);
#744 = DIRECTION('',(-0.,1.,0.));
#745 = PLANE('',#746);
#746 = AXIS2_PLACEMENT_3D('',#747,#748,#749);
#747 = CARTESIAN_POINT('',(64.,5.,4.));
#748 = DIRECTION('',(1.,0.,-0.));
#749 = DIRECTION('',(0.,0.,1.));
#750 = ADVANCED_FACE('',(#751),#767,.F.);
#751 = FACE_BOUND('',#752,.F.);
#752 = EDGE_LOOP('',(#753,#759,#760,#766));
#753 = ORIENTED_EDGE('',*,*,#754,.F.);
#754 = EDGE_CURVE('',#675,#715,#755,.T.);
#755 = LINE('',#756,#757);
#756 = CARTESIAN_POINT('',(38.,5.,4.));
#757 = VECTOR('',#758,1.);
#758 = DIRECTION('',(1.,0.,-0.));
#759 = ORIENTED_EDGE('',*,*,#674,.T.);
#760 = ORIENTED_EDGE('',*,*,#761,.T.);
#761 = EDGE_CURVE('',#677,#717,#762,.T.);
#762 = LINE('',#763,#764);
#763 = CARTESIAN_POINT('',(38.,5.,5.6));
#764 = VECTOR('',#765,1.);
#765 = DIRECTION('',(1.,0.,-0.));
#766 = ORIENTED_EDGE('',*,*,#714,.F.);
#767 = PLANE('',#768);
#768 = AXIS2_PLACEMENT_3D('',#769,#770,#771);
#769 = CARTESIAN_POINT('',(38.,5.,4.));
#770 = DIRECTION('',(-0.,1.,0.));
#771 = DIRECTION('',(0.,0.,1.));
#772 = ADVANCED_FACE('',(#773),#789,.T.);
#773 = FACE_BOUND('',#774,.T.);
#774 = EDGE_LOOP('',(#775,#781,#782,#788));
#775 = ORIENTED_EDGE('',*,*,#776,.F.);
#776 = EDGE_CURVE('',#685,#725,#777,.T.);
#777 = LINE('',#778,#779);
#778 = CARTESIAN_POINT('',(38.,26.5,4.));
#779 = VECTOR('',#780,1.);
#780 = DIRECTION('',(1.,0.,-0.));
#781 = ORIENTED_EDGE('',*,*,#692,.T.);
#782 = ORIENTED_EDGE('',*,*,#783,.T.);
#783 = EDGE_CURVE('',#693,#733,#784,.T.);
#784 = LINE('',#785,#786);
#785 = CARTESIAN_POINT('',(38.,26.5,5.6));
#786 = VECTOR('',#787,1.);
#787 = DIRECTION('',(1.,0.,-0.));
#788 = ORIENTED_EDGE('',*,*,#732,.F.);
#789 = PLANE('',#790);
#790 = AXIS2_PLACEMENT_3D('',#791,#792,#793);
#791 = CARTESIAN_POINT('',(38.,26.5,4.));
#792 = DIRECTION('',(-0.,1.,0.));
#793 = DIRECTION('',(0.,0.,1.));
#794 = ADVANCED_FACE('',(#795),#801,.F.);
#795 = FACE_BOUND('',#796,.F.);
#796 = EDGE_LOOP('',(#797,#798,#799,#800));
#797 = ORIENTED_EDGE('',*,*,#684,.F.);
#798 = ORIENTED_EDGE('',*,*,#754,.T.);
#799 = ORIENTED_EDGE('',*,*,#724,.T.);
#800 = ORIENTED_EDGE('',*,*,#776,.F.);
#801 = PLANE('',#802);
#802 = AXIS2_PLACEMENT_3D('',#803,#804,#805);
#803 = CARTESIAN_POINT('',(38.,5.,4.));
#804 = DIRECTION('',(0.,0.,1.));
#805 = DIRECTION('',(1.,0.,-0.));
#806 = ADVANCED_FACE('',(#807),#813,.T.);
#807 = FACE_BOUND('',#808,.T.);
#808 = EDGE_LOOP('',(#809,#810,#811,#812));
#809 = ORIENTED_EDGE('',*,*,#700,.F.);
#810 = ORIENTED_EDGE('',*,*,#761,.T.);
#811 = ORIENTED_EDGE('',*,*,#740,.T.);
#812 = ORIENTED_EDGE('',*,*,#783,.F.);
#813 = PLANE('',#814);
#814 = AXIS2_PLACEMENT_3D('',#815,#816,#817);
#815 = CARTESIAN_POINT('',(38.,5.,5.6));
#816 = DIRECTION('',(0.,0.,1.));
#817 = DIRECTION('',(1.,0.,-0.));
#818 = ( GEOMETRIC_REPRESENTATION_CONTEXT(3) 
GLOBAL_UNCERTAINTY_ASSIGNED_CONTEXT((#822)) GLOBAL_UNIT_ASSIGNED_CONTEXT
((#819,#820,#821)) REPRESENTATION_CONTEXT('Context #1',
  '3D Context with UNIT and UNCERTAINTY') );
#819 = ( LENGTH_UNIT() NAMED_UNIT(*) SI_UNIT(.MILLI.,.METRE.) );
#820 = ( NAMED_UNIT(*) PLANE_ANGLE_UNIT() SI_UNIT($,.RADIAN.) );
#821 = ( NAMED_UNIT(*) SI_UNIT($,.STERADIAN.) SOLID_ANGLE_UNIT() );
#822 = UNCERTAINTY_MEASURE_WITH_UNIT(LENGTH_MEASURE(1.E-07),#819,
  'distance_accuracy_value','confusion accuracy');
#823 = CONTEXT_DEPENDENT_SHAPE_REPRESENTATION(#824,#826);
#824 = ( REPRESENTATION_RELATIONSHIP('','',#667,#10) 
REPRESENTATION_RELATIONSHIP_WITH_TRANSFORMATION(#825) 
SHAPE_REPRESENTATION_RELATIONSHIP() );
#825 = ITEM_DEFINED_TRANSFORMATION('','',#11,#27);
#826 = PRODUCT_DEFINITION_SHAPE('Placement','Placement of an item',#827
  );
#827 = NEXT_ASSEMBLY_USAGE_OCCURRENCE('4','DRIVER_ENVELOPE_38','',#5,
  #662,$);
#828 = PRODUCT_RELATED_PRODUCT_CATEGORY('part',$,(#664));
#829 = SHAPE_DEFINITION_REPRESENTATION(#830,#836);
#830 = PRODUCT_DEFINITION_SHAPE('','',#831);
#831 = PRODUCT_DEFINITION('design','',#832,#835);
#832 = PRODUCT_DEFINITION_FORMATION('','',#833);
#833 = PRODUCT('DRIVER_COMPONENT_ALLOWANCE_38',
  'DRIVER_COMPONENT_ALLOWANCE_38','',(#834));
#834 = PRODUCT_CONTEXT('',#2,'mechanical');
#835 = PRODUCT_DEFINITION_CONTEXT('part definition',#2,'design');
#836 = ADVANCED_BREP_SHAPE_REPRESENTATION('',(#11,#837),#987);
#837 = MANIFOLD_SOLID_BREP('',#838);
#838 = CLOSED_SHELL('',(#839,#879,#919,#941,#963,#975));
#839 = ADVANCED_FACE('',(#840),#874,.F.);
#840 = FACE_BOUND('',#841,.F.);
#841 = EDGE_LOOP('',(#842,#852,#860,#868));
#842 = ORIENTED_EDGE('',*,*,#843,.F.);
#843 = EDGE_CURVE('',#844,#846,#848,.T.);
#844 = VERTEX_POINT('',#845);
#845 = CARTESIAN_POINT('',(41.,9.,5.6));
#846 = VERTEX_POINT('',#847);
#847 = CARTESIAN_POINT('',(41.,9.,15.6));
#848 = LINE('',#849,#850);
#849 = CARTESIAN_POINT('',(41.,9.,5.6));
#850 = VECTOR('',#851,1.);
#851 = DIRECTION('',(0.,0.,1.));
#852 = ORIENTED_EDGE('',*,*,#853,.T.);
#853 = EDGE_CURVE('',#844,#854,#856,.T.);
#854 = VERTEX_POINT('',#855);
#855 = CARTESIAN_POINT('',(41.,21.,5.6));
#856 = LINE('',#857,#858);
#857 = CARTESIAN_POINT('',(41.,9.,5.6));
#858 = VECTOR('',#859,1.);
#859 = DIRECTION('',(-0.,1.,0.));
#860 = ORIENTED_EDGE('',*,*,#861,.T.);
#861 = EDGE_CURVE('',#854,#862,#864,.T.);
#862 = VERTEX_POINT('',#863);
#863 = CARTESIAN_POINT('',(41.,21.,15.6));
#864 = LINE('',#865,#866);
#865 = CARTESIAN_POINT('',(41.,21.,5.6));
#866 = VECTOR('',#867,1.);
#867 = DIRECTION('',(0.,0.,1.));
#868 = ORIENTED_EDGE('',*,*,#869,.F.);
#869 = EDGE_CURVE('',#846,#862,#870,.T.);
#870 = LINE('',#871,#872);
#871 = CARTESIAN_POINT('',(41.,9.,15.6));
#872 = VECTOR('',#873,1.);
#873 = DIRECTION('',(-0.,1.,0.));
#874 = PLANE('',#875);
#875 = AXIS2_PLACEMENT_3D('',#876,#877,#878);
#876 = CARTESIAN_POINT('',(41.,9.,5.6));
#877 = DIRECTION('',(1.,0.,-0.));
#878 = DIRECTION('',(0.,0.,1.));
#879 = ADVANCED_FACE('',(#880),#914,.T.);
#880 = FACE_BOUND('',#881,.T.);
#881 = EDGE_LOOP('',(#882,#892,#900,#908));
#882 = ORIENTED_EDGE('',*,*,#883,.F.);
#883 = EDGE_CURVE('',#884,#886,#888,.T.);
#884 = VERTEX_POINT('',#885);
#885 = CARTESIAN_POINT('',(61.,9.,5.6));
#886 = VERTEX_POINT('',#887);
#887 = CARTESIAN_POINT('',(61.,9.,15.6));
#888 = LINE('',#889,#890);
#889 = CARTESIAN_POINT('',(61.,9.,5.6));
#890 = VECTOR('',#891,1.);
#891 = DIRECTION('',(0.,0.,1.));
#892 = ORIENTED_EDGE('',*,*,#893,.T.);
#893 = EDGE_CURVE('',#884,#894,#896,.T.);
#894 = VERTEX_POINT('',#895);
#895 = CARTESIAN_POINT('',(61.,21.,5.6));
#896 = LINE('',#897,#898);
#897 = CARTESIAN_POINT('',(61.,9.,5.6));
#898 = VECTOR('',#899,1.);
#899 = DIRECTION('',(-0.,1.,0.));
#900 = ORIENTED_EDGE('',*,*,#901,.T.);
#901 = EDGE_CURVE('',#894,#902,#904,.T.);
#902 = VERTEX_POINT('',#903);
#903 = CARTESIAN_POINT('',(61.,21.,15.6));
#904 = LINE('',#905,#906);
#905 = CARTESIAN_POINT('',(61.,21.,5.6));
#906 = VECTOR('',#907,1.);
#907 = DIRECTION('',(0.,0.,1.));
#908 = ORIENTED_EDGE('',*,*,#909,.F.);
#909 = EDGE_CURVE('',#886,#902,#910,.T.);
#910 = LINE('',#911,#912);
#911 = CARTESIAN_POINT('',(61.,9.,15.6));
#912 = VECTOR('',#913,1.);
#913 = DIRECTION('',(-0.,1.,0.));
#914 = PLANE('',#915);
#915 = AXIS2_PLACEMENT_3D('',#916,#917,#918);
#916 = CARTESIAN_POINT('',(61.,9.,5.6));
#917 = DIRECTION('',(1.,0.,-0.));
#918 = DIRECTION('',(0.,0.,1.));
#919 = ADVANCED_FACE('',(#920),#936,.F.);
#920 = FACE_BOUND('',#921,.F.);
#921 = EDGE_LOOP('',(#922,#928,#929,#935));
#922 = ORIENTED_EDGE('',*,*,#923,.F.);
#923 = EDGE_CURVE('',#844,#884,#924,.T.);
#924 = LINE('',#925,#926);
#925 = CARTESIAN_POINT('',(41.,9.,5.6));
#926 = VECTOR('',#927,1.);
#927 = DIRECTION('',(1.,0.,-0.));
#928 = ORIENTED_EDGE('',*,*,#843,.T.);
#929 = ORIENTED_EDGE('',*,*,#930,.T.);
#930 = EDGE_CURVE('',#846,#886,#931,.T.);
#931 = LINE('',#932,#933);
#932 = CARTESIAN_POINT('',(41.,9.,15.6));
#933 = VECTOR('',#934,1.);
#934 = DIRECTION('',(1.,0.,-0.));
#935 = ORIENTED_EDGE('',*,*,#883,.F.);
#936 = PLANE('',#937);
#937 = AXIS2_PLACEMENT_3D('',#938,#939,#940);
#938 = CARTESIAN_POINT('',(41.,9.,5.6));
#939 = DIRECTION('',(-0.,1.,0.));
#940 = DIRECTION('',(0.,0.,1.));
#941 = ADVANCED_FACE('',(#942),#958,.T.);
#942 = FACE_BOUND('',#943,.T.);
#943 = EDGE_LOOP('',(#944,#950,#951,#957));
#944 = ORIENTED_EDGE('',*,*,#945,.F.);
#945 = EDGE_CURVE('',#854,#894,#946,.T.);
#946 = LINE('',#947,#948);
#947 = CARTESIAN_POINT('',(41.,21.,5.6));
#948 = VECTOR('',#949,1.);
#949 = DIRECTION('',(1.,0.,-0.));
#950 = ORIENTED_EDGE('',*,*,#861,.T.);
#951 = ORIENTED_EDGE('',*,*,#952,.T.);
#952 = EDGE_CURVE('',#862,#902,#953,.T.);
#953 = LINE('',#954,#955);
#954 = CARTESIAN_POINT('',(41.,21.,15.6));
#955 = VECTOR('',#956,1.);
#956 = DIRECTION('',(1.,0.,-0.));
#957 = ORIENTED_EDGE('',*,*,#901,.F.);
#958 = PLANE('',#959);
#959 = AXIS2_PLACEMENT_3D('',#960,#961,#962);
#960 = CARTESIAN_POINT('',(41.,21.,5.6));
#961 = DIRECTION('',(-0.,1.,0.));
#962 = DIRECTION('',(0.,0.,1.));
#963 = ADVANCED_FACE('',(#964),#970,.F.);
#964 = FACE_BOUND('',#965,.F.);
#965 = EDGE_LOOP('',(#966,#967,#968,#969));
#966 = ORIENTED_EDGE('',*,*,#853,.F.);
#967 = ORIENTED_EDGE('',*,*,#923,.T.);
#968 = ORIENTED_EDGE('',*,*,#893,.T.);
#969 = ORIENTED_EDGE('',*,*,#945,.F.);
#970 = PLANE('',#971);
#971 = AXIS2_PLACEMENT_3D('',#972,#973,#974);
#972 = CARTESIAN_POINT('',(41.,9.,5.6));
#973 = DIRECTION('',(0.,0.,1.));
#974 = DIRECTION('',(1.,0.,-0.));
#975 = ADVANCED_FACE('',(#976),#982,.T.);
#976 = FACE_BOUND('',#977,.T.);
#977 = EDGE_LOOP('',(#978,#979,#980,#981));
#978 = ORIENTED_EDGE('',*,*,#869,.F.);
#979 = ORIENTED_EDGE('',*,*,#930,.T.);
#980 = ORIENTED_EDGE('',*,*,#909,.T.);
#981 = ORIENTED_EDGE('',*,*,#952,.F.);
#982 = PLANE('',#983);
#983 = AXIS2_PLACEMENT_3D('',#984,#985,#986);
#984 = CARTESIAN_POINT('',(41.,9.,15.6));
#985 = DIRECTION('',(0.,0.,1.));
#986 = DIRECTION('',(1.,0.,-0.));
#987 = ( GEOMETRIC_REPRESENTATION_CONTEXT(3) 
GLOBAL_UNCERTAINTY_ASSIGNED_CONTEXT((#991)) GLOBAL_UNIT_ASSIGNED_CONTEXT
((#988,#989,#990)) REPRESENTATION_CONTEXT('Context #1',
  '3D Context with UNIT and UNCERTAINTY') );
#988 = ( LENGTH_UNIT() NAMED_UNIT(*) SI_UNIT(.MILLI.,.METRE.) );
#989 = ( NAMED_UNIT(*) PLANE_ANGLE_UNIT() SI_UNIT($,.RADIAN.) );
#990 = ( NAMED_UNIT(*) SI_UNIT($,.STERADIAN.) SOLID_ANGLE_UNIT() );
#991 = UNCERTAINTY_MEASURE_WITH_UNIT(LENGTH_MEASURE(1.E-07),#988,
  'distance_accuracy_value','confusion accuracy');
#992 = CONTEXT_DEPENDENT_SHAPE_REPRESENTATION(#993,#995);
#993 = ( REPRESENTATION_RELATIONSHIP('','',#836,#10) 
REPRESENTATION_RELATIONSHIP_WITH_TRANSFORMATION(#994) 
SHAPE_REPRESENTATION_RELATIONSHIP() );
#994 = ITEM_DEFINED_TRANSFORMATION('','',#11,#31);
#995 = PRODUCT_DEFINITION_SHAPE('Placement','Placement of an item',#996
  );
#996 = NEXT_ASSEMBLY_USAGE_OCCURRENCE('5',
  'DRIVER_COMPONENT_ALLOWANCE_38','',#5,#831,$);
#997 = PRODUCT_RELATED_PRODUCT_CATEGORY('part',$,(#833));
#998 = SHAPE_DEFINITION_REPRESENTATION(#999,#1005);
#999 = PRODUCT_DEFINITION_SHAPE('','',#1000);
#1000 = PRODUCT_DEFINITION('design','',#1001,#1004);
#1001 = PRODUCT_DEFINITION_FORMATION('','',#1002);
#1002 = PRODUCT('POLOLU_PLACEHOLDER','POLOLU_PLACEHOLDER','',(#1003));
#1003 = PRODUCT_CONTEXT('',#2,'mechanical');
#1004 = PRODUCT_DEFINITION_CONTEXT('part definition',#2,'design');
#1005 = ADVANCED_BREP_SHAPE_REPRESENTATION('',(#11,#1006),#1156);
#1006 = MANIFOLD_SOLID_BREP('',#1007);
#1007 = CLOSED_SHELL('',(#1008,#1048,#1088,#1110,#1132,#1144));
#1008 = ADVANCED_FACE('',(#1009),#1043,.F.);
#1009 = FACE_BOUND('',#1010,.F.);
#1010 = EDGE_LOOP('',(#1011,#1021,#1029,#1037));
#1011 = ORIENTED_EDGE('',*,*,#1012,.F.);
#1012 = EDGE_CURVE('',#1013,#1015,#1017,.T.);
#1013 = VERTEX_POINT('',#1014);
#1014 = CARTESIAN_POINT('',(5.,37.,4.));
#1015 = VERTEX_POINT('',#1016);
#1016 = CARTESIAN_POINT('',(5.,37.,18.));
#1017 = LINE('',#1018,#1019);
#1018 = CARTESIAN_POINT('',(5.,37.,4.));
#1019 = VECTOR('',#1020,1.);
#1020 = DIRECTION('',(0.,0.,1.));
#1021 = ORIENTED_EDGE('',*,*,#1022,.T.);
#1022 = EDGE_CURVE('',#1013,#1023,#1025,.T.);
#1023 = VERTEX_POINT('',#1024);
#1024 = CARTESIAN_POINT('',(5.,79.,4.));
#1025 = LINE('',#1026,#1027);
#1026 = CARTESIAN_POINT('',(5.,37.,4.));
#1027 = VECTOR('',#1028,1.);
#1028 = DIRECTION('',(-0.,1.,0.));
#1029 = ORIENTED_EDGE('',*,*,#1030,.T.);
#1030 = EDGE_CURVE('',#1023,#1031,#1033,.T.);
#1031 = VERTEX_POINT('',#1032);
#1032 = CARTESIAN_POINT('',(5.,79.,18.));
#1033 = LINE('',#1034,#1035);
#1034 = CARTESIAN_POINT('',(5.,79.,4.));
#1035 = VECTOR('',#1036,1.);
#1036 = DIRECTION('',(0.,0.,1.));
#1037 = ORIENTED_EDGE('',*,*,#1038,.F.);
#1038 = EDGE_CURVE('',#1015,#1031,#1039,.T.);
#1039 = LINE('',#1040,#1041);
#1040 = CARTESIAN_POINT('',(5.,37.,18.));
#1041 = VECTOR('',#1042,1.);
#1042 = DIRECTION('',(-0.,1.,0.));
#1043 = PLANE('',#1044);
#1044 = AXIS2_PLACEMENT_3D('',#1045,#1046,#1047);
#1045 = CARTESIAN_POINT('',(5.,37.,4.));
#1046 = DIRECTION('',(1.,0.,-0.));
#1047 = DIRECTION('',(0.,0.,1.));
#1048 = ADVANCED_FACE('',(#1049),#1083,.T.);
#1049 = FACE_BOUND('',#1050,.T.);
#1050 = EDGE_LOOP('',(#1051,#1061,#1069,#1077));
#1051 = ORIENTED_EDGE('',*,*,#1052,.F.);
#1052 = EDGE_CURVE('',#1053,#1055,#1057,.T.);
#1053 = VERTEX_POINT('',#1054);
#1054 = CARTESIAN_POINT('',(27.,37.,4.));
#1055 = VERTEX_POINT('',#1056);
#1056 = CARTESIAN_POINT('',(27.,37.,18.));
#1057 = LINE('',#1058,#1059);
#1058 = CARTESIAN_POINT('',(27.,37.,4.));
#1059 = VECTOR('',#1060,1.);
#1060 = DIRECTION('',(0.,0.,1.));
#1061 = ORIENTED_EDGE('',*,*,#1062,.T.);
#1062 = EDGE_CURVE('',#1053,#1063,#1065,.T.);
#1063 = VERTEX_POINT('',#1064);
#1064 = CARTESIAN_POINT('',(27.,79.,4.));
#1065 = LINE('',#1066,#1067);
#1066 = CARTESIAN_POINT('',(27.,37.,4.));
#1067 = VECTOR('',#1068,1.);
#1068 = DIRECTION('',(-0.,1.,0.));
#1069 = ORIENTED_EDGE('',*,*,#1070,.T.);
#1070 = EDGE_CURVE('',#1063,#1071,#1073,.T.);
#1071 = VERTEX_POINT('',#1072);
#1072 = CARTESIAN_POINT('',(27.,79.,18.));
#1073 = LINE('',#1074,#1075);
#1074 = CARTESIAN_POINT('',(27.,79.,4.));
#1075 = VECTOR('',#1076,1.);
#1076 = DIRECTION('',(0.,0.,1.));
#1077 = ORIENTED_EDGE('',*,*,#1078,.F.);
#1078 = EDGE_CURVE('',#1055,#1071,#1079,.T.);
#1079 = LINE('',#1080,#1081);
#1080 = CARTESIAN_POINT('',(27.,37.,18.));
#1081 = VECTOR('',#1082,1.);
#1082 = DIRECTION('',(-0.,1.,0.));
#1083 = PLANE('',#1084);
#1084 = AXIS2_PLACEMENT_3D('',#1085,#1086,#1087);
#1085 = CARTESIAN_POINT('',(27.,37.,4.));
#1086 = DIRECTION('',(1.,0.,-0.));
#1087 = DIRECTION('',(0.,0.,1.));
#1088 = ADVANCED_FACE('',(#1089),#1105,.F.);
#1089 = FACE_BOUND('',#1090,.F.);
#1090 = EDGE_LOOP('',(#1091,#1097,#1098,#1104));
#1091 = ORIENTED_EDGE('',*,*,#1092,.F.);
#1092 = EDGE_CURVE('',#1013,#1053,#1093,.T.);
#1093 = LINE('',#1094,#1095);
#1094 = CARTESIAN_POINT('',(5.,37.,4.));
#1095 = VECTOR('',#1096,1.);
#1096 = DIRECTION('',(1.,0.,-0.));
#1097 = ORIENTED_EDGE('',*,*,#1012,.T.);
#1098 = ORIENTED_EDGE('',*,*,#1099,.T.);
#1099 = EDGE_CURVE('',#1015,#1055,#1100,.T.);
#1100 = LINE('',#1101,#1102);
#1101 = CARTESIAN_POINT('',(5.,37.,18.));
#1102 = VECTOR('',#1103,1.);
#1103 = DIRECTION('',(1.,0.,-0.));
#1104 = ORIENTED_EDGE('',*,*,#1052,.F.);
#1105 = PLANE('',#1106);
#1106 = AXIS2_PLACEMENT_3D('',#1107,#1108,#1109);
#1107 = CARTESIAN_POINT('',(5.,37.,4.));
#1108 = DIRECTION('',(-0.,1.,0.));
#1109 = DIRECTION('',(0.,0.,1.));
#1110 = ADVANCED_FACE('',(#1111),#1127,.T.);
#1111 = FACE_BOUND('',#1112,.T.);
#1112 = EDGE_LOOP('',(#1113,#1119,#1120,#1126));
#1113 = ORIENTED_EDGE('',*,*,#1114,.F.);
#1114 = EDGE_CURVE('',#1023,#1063,#1115,.T.);
#1115 = LINE('',#1116,#1117);
#1116 = CARTESIAN_POINT('',(5.,79.,4.));
#1117 = VECTOR('',#1118,1.);
#1118 = DIRECTION('',(1.,0.,-0.));
#1119 = ORIENTED_EDGE('',*,*,#1030,.T.);
#1120 = ORIENTED_EDGE('',*,*,#1121,.T.);
#1121 = EDGE_CURVE('',#1031,#1071,#1122,.T.);
#1122 = LINE('',#1123,#1124);
#1123 = CARTESIAN_POINT('',(5.,79.,18.));
#1124 = VECTOR('',#1125,1.);
#1125 = DIRECTION('',(1.,0.,-0.));
#1126 = ORIENTED_EDGE('',*,*,#1070,.F.);
#1127 = PLANE('',#1128);
#1128 = AXIS2_PLACEMENT_3D('',#1129,#1130,#1131);
#1129 = CARTESIAN_POINT('',(5.,79.,4.));
#1130 = DIRECTION('',(-0.,1.,0.));
#1131 = DIRECTION('',(0.,0.,1.));
#1132 = ADVANCED_FACE('',(#1133),#1139,.F.);
#1133 = FACE_BOUND('',#1134,.F.);
#1134 = EDGE_LOOP('',(#1135,#1136,#1137,#1138));
#1135 = ORIENTED_EDGE('',*,*,#1022,.F.);
#1136 = ORIENTED_EDGE('',*,*,#1092,.T.);
#1137 = ORIENTED_EDGE('',*,*,#1062,.T.);
#1138 = ORIENTED_EDGE('',*,*,#1114,.F.);
#1139 = PLANE('',#1140);
#1140 = AXIS2_PLACEMENT_3D('',#1141,#1142,#1143);
#1141 = CARTESIAN_POINT('',(5.,37.,4.));
#1142 = DIRECTION('',(0.,0.,1.));
#1143 = DIRECTION('',(1.,0.,-0.));
#1144 = ADVANCED_FACE('',(#1145),#1151,.T.);
#1145 = FACE_BOUND('',#1146,.T.);
#1146 = EDGE_LOOP('',(#1147,#1148,#1149,#1150));
#1147 = ORIENTED_EDGE('',*,*,#1038,.F.);
#1148 = ORIENTED_EDGE('',*,*,#1099,.T.);
#1149 = ORIENTED_EDGE('',*,*,#1078,.T.);
#1150 = ORIENTED_EDGE('',*,*,#1121,.F.);
#1151 = PLANE('',#1152);
#1152 = AXIS2_PLACEMENT_3D('',#1153,#1154,#1155);
#1153 = CARTESIAN_POINT('',(5.,37.,18.));
#1154 = DIRECTION('',(0.,0.,1.));
#1155 = DIRECTION('',(1.,0.,-0.));
#1156 = ( GEOMETRIC_REPRESENTATION_CONTEXT(3) 
GLOBAL_UNCERTAINTY_ASSIGNED_CONTEXT((#1160)) 
GLOBAL_UNIT_ASSIGNED_CONTEXT((#1157,#1158,#1159)) REPRESENTATION_CONTEXT
('Context #1','3D Context with UNIT and UNCERTAINTY') );
#1157 = ( LENGTH_UNIT() NAMED_UNIT(*) SI_UNIT(.MILLI.,.METRE.) );
#1158 = ( NAMED_UNIT(*) PLANE_ANGLE_UNIT() SI_UNIT($,.RADIAN.) );
#1159 = ( NAMED_UNIT(*) SI_UNIT($,.STERADIAN.) SOLID_ANGLE_UNIT() );
#1160 = UNCERTAINTY_MEASURE_WITH_UNIT(LENGTH_MEASURE(1.E-07),#1157,
  'distance_accuracy_value','confusion accuracy');
#1161 = CONTEXT_DEPENDENT_SHAPE_REPRESENTATION(#1162,#1164);
#1162 = ( REPRESENTATION_RELATIONSHIP('','',#1005,#10) 
REPRESENTATION_RELATIONSHIP_WITH_TRANSFORMATION(#1163) 
SHAPE_REPRESENTATION_RELATIONSHIP() );
#1163 = ITEM_DEFINED_TRANSFORMATION('','',#11,#35);
#1164 = PRODUCT_DEFINITION_SHAPE('Placement','Placement of an item',
  #1165);
#1165 = NEXT_ASSEMBLY_USAGE_OCCURRENCE('6','POLOLU_PLACEHOLDER','',#5,
  #1000,$);
#1166 = PRODUCT_RELATED_PRODUCT_CATEGORY('part',$,(#1002));
#1167 = SHAPE_DEFINITION_REPRESENTATION(#1168,#1174);
#1168 = PRODUCT_DEFINITION_SHAPE('','',#1169);
#1169 = PRODUCT_DEFINITION('design','',#1170,#1173);
#1170 = PRODUCT_DEFINITION_FORMATION('','',#1171);
#1171 = PRODUCT('IP2368_PLACEHOLDER','IP2368_PLACEHOLDER','',(#1172));
#1172 = PRODUCT_CONTEXT('',#2,'mechanical');
#1173 = PRODUCT_DEFINITION_CONTEXT('part definition',#2,'design');
#1174 = ADVANCED_BREP_SHAPE_REPRESENTATION('',(#11,#1175),#1325);
#1175 = MANIFOLD_SOLID_BREP('',#1176);
#1176 = CLOSED_SHELL('',(#1177,#1217,#1257,#1279,#1301,#1313));
#1177 = ADVANCED_FACE('',(#1178),#1212,.F.);
#1178 = FACE_BOUND('',#1179,.F.);
#1179 = EDGE_LOOP('',(#1180,#1190,#1198,#1206));
#1180 = ORIENTED_EDGE('',*,*,#1181,.F.);
#1181 = EDGE_CURVE('',#1182,#1184,#1186,.T.);
#1182 = VERTEX_POINT('',#1183);
#1183 = CARTESIAN_POINT('',(34.,36.,4.));
#1184 = VERTEX_POINT('',#1185);
#1185 = CARTESIAN_POINT('',(34.,36.,16.));
#1186 = LINE('',#1187,#1188);
#1187 = CARTESIAN_POINT('',(34.,36.,4.));
#1188 = VECTOR('',#1189,1.);
#1189 = DIRECTION('',(0.,0.,1.));
#1190 = ORIENTED_EDGE('',*,*,#1191,.T.);
#1191 = EDGE_CURVE('',#1182,#1192,#1194,.T.);
#1192 = VERTEX_POINT('',#1193);
#1193 = CARTESIAN_POINT('',(34.,61.,4.));
#1194 = LINE('',#1195,#1196);
#1195 = CARTESIAN_POINT('',(34.,36.,4.));
#1196 = VECTOR('',#1197,1.);
#1197 = DIRECTION('',(-0.,1.,0.));
#1198 = ORIENTED_EDGE('',*,*,#1199,.T.);
#1199 = EDGE_CURVE('',#1192,#1200,#1202,.T.);
#1200 = VERTEX_POINT('',#1201);
#1201 = CARTESIAN_POINT('',(34.,61.,16.));
#1202 = LINE('',#1203,#1204);
#1203 = CARTESIAN_POINT('',(34.,61.,4.));
#1204 = VECTOR('',#1205,1.);
#1205 = DIRECTION('',(0.,0.,1.));
#1206 = ORIENTED_EDGE('',*,*,#1207,.F.);
#1207 = EDGE_CURVE('',#1184,#1200,#1208,.T.);
#1208 = LINE('',#1209,#1210);
#1209 = CARTESIAN_POINT('',(34.,36.,16.));
#1210 = VECTOR('',#1211,1.);
#1211 = DIRECTION('',(-0.,1.,0.));
#1212 = PLANE('',#1213);
#1213 = AXIS2_PLACEMENT_3D('',#1214,#1215,#1216);
#1214 = CARTESIAN_POINT('',(34.,36.,4.));
#1215 = DIRECTION('',(1.,0.,-0.));
#1216 = DIRECTION('',(0.,0.,1.));
#1217 = ADVANCED_FACE('',(#1218),#1252,.T.);
#1218 = FACE_BOUND('',#1219,.T.);
#1219 = EDGE_LOOP('',(#1220,#1230,#1238,#1246));
#1220 = ORIENTED_EDGE('',*,*,#1221,.F.);
#1221 = EDGE_CURVE('',#1222,#1224,#1226,.T.);
#1222 = VERTEX_POINT('',#1223);
#1223 = CARTESIAN_POINT('',(65.,36.,4.));
#1224 = VERTEX_POINT('',#1225);
#1225 = CARTESIAN_POINT('',(65.,36.,16.));
#1226 = LINE('',#1227,#1228);
#1227 = CARTESIAN_POINT('',(65.,36.,4.));
#1228 = VECTOR('',#1229,1.);
#1229 = DIRECTION('',(0.,0.,1.));
#1230 = ORIENTED_EDGE('',*,*,#1231,.T.);
#1231 = EDGE_CURVE('',#1222,#1232,#1234,.T.);
#1232 = VERTEX_POINT('',#1233);
#1233 = CARTESIAN_POINT('',(65.,61.,4.));
#1234 = LINE('',#1235,#1236);
#1235 = CARTESIAN_POINT('',(65.,36.,4.));
#1236 = VECTOR('',#1237,1.);
#1237 = DIRECTION('',(-0.,1.,0.));
#1238 = ORIENTED_EDGE('',*,*,#1239,.T.);
#1239 = EDGE_CURVE('',#1232,#1240,#1242,.T.);
#1240 = VERTEX_POINT('',#1241);
#1241 = CARTESIAN_POINT('',(65.,61.,16.));
#1242 = LINE('',#1243,#1244);
#1243 = CARTESIAN_POINT('',(65.,61.,4.));
#1244 = VECTOR('',#1245,1.);
#1245 = DIRECTION('',(0.,0.,1.));
#1246 = ORIENTED_EDGE('',*,*,#1247,.F.);
#1247 = EDGE_CURVE('',#1224,#1240,#1248,.T.);
#1248 = LINE('',#1249,#1250);
#1249 = CARTESIAN_POINT('',(65.,36.,16.));
#1250 = VECTOR('',#1251,1.);
#1251 = DIRECTION('',(-0.,1.,0.));
#1252 = PLANE('',#1253);
#1253 = AXIS2_PLACEMENT_3D('',#1254,#1255,#1256);
#1254 = CARTESIAN_POINT('',(65.,36.,4.));
#1255 = DIRECTION('',(1.,0.,-0.));
#1256 = DIRECTION('',(0.,0.,1.));
#1257 = ADVANCED_FACE('',(#1258),#1274,.F.);
#1258 = FACE_BOUND('',#1259,.F.);
#1259 = EDGE_LOOP('',(#1260,#1266,#1267,#1273));
#1260 = ORIENTED_EDGE('',*,*,#1261,.F.);
#1261 = EDGE_CURVE('',#1182,#1222,#1262,.T.);
#1262 = LINE('',#1263,#1264);
#1263 = CARTESIAN_POINT('',(34.,36.,4.));
#1264 = VECTOR('',#1265,1.);
#1265 = DIRECTION('',(1.,0.,-0.));
#1266 = ORIENTED_EDGE('',*,*,#1181,.T.);
#1267 = ORIENTED_EDGE('',*,*,#1268,.T.);
#1268 = EDGE_CURVE('',#1184,#1224,#1269,.T.);
#1269 = LINE('',#1270,#1271);
#1270 = CARTESIAN_POINT('',(34.,36.,16.));
#1271 = VECTOR('',#1272,1.);
#1272 = DIRECTION('',(1.,0.,-0.));
#1273 = ORIENTED_EDGE('',*,*,#1221,.F.);
#1274 = PLANE('',#1275);
#1275 = AXIS2_PLACEMENT_3D('',#1276,#1277,#1278);
#1276 = CARTESIAN_POINT('',(34.,36.,4.));
#1277 = DIRECTION('',(-0.,1.,0.));
#1278 = DIRECTION('',(0.,0.,1.));
#1279 = ADVANCED_FACE('',(#1280),#1296,.T.);
#1280 = FACE_BOUND('',#1281,.T.);
#1281 = EDGE_LOOP('',(#1282,#1288,#1289,#1295));
#1282 = ORIENTED_EDGE('',*,*,#1283,.F.);
#1283 = EDGE_CURVE('',#1192,#1232,#1284,.T.);
#1284 = LINE('',#1285,#1286);
#1285 = CARTESIAN_POINT('',(34.,61.,4.));
#1286 = VECTOR('',#1287,1.);
#1287 = DIRECTION('',(1.,0.,-0.));
#1288 = ORIENTED_EDGE('',*,*,#1199,.T.);
#1289 = ORIENTED_EDGE('',*,*,#1290,.T.);
#1290 = EDGE_CURVE('',#1200,#1240,#1291,.T.);
#1291 = LINE('',#1292,#1293);
#1292 = CARTESIAN_POINT('',(34.,61.,16.));
#1293 = VECTOR('',#1294,1.);
#1294 = DIRECTION('',(1.,0.,-0.));
#1295 = ORIENTED_EDGE('',*,*,#1239,.F.);
#1296 = PLANE('',#1297);
#1297 = AXIS2_PLACEMENT_3D('',#1298,#1299,#1300);
#1298 = CARTESIAN_POINT('',(34.,61.,4.));
#1299 = DIRECTION('',(-0.,1.,0.));
#1300 = DIRECTION('',(0.,0.,1.));
#1301 = ADVANCED_FACE('',(#1302),#1308,.F.);
#1302 = FACE_BOUND('',#1303,.F.);
#1303 = EDGE_LOOP('',(#1304,#1305,#1306,#1307));
#1304 = ORIENTED_EDGE('',*,*,#1191,.F.);
#1305 = ORIENTED_EDGE('',*,*,#1261,.T.);
#1306 = ORIENTED_EDGE('',*,*,#1231,.T.);
#1307 = ORIENTED_EDGE('',*,*,#1283,.F.);
#1308 = PLANE('',#1309);
#1309 = AXIS2_PLACEMENT_3D('',#1310,#1311,#1312);
#1310 = CARTESIAN_POINT('',(34.,36.,4.));
#1311 = DIRECTION('',(0.,0.,1.));
#1312 = DIRECTION('',(1.,0.,-0.));
#1313 = ADVANCED_FACE('',(#1314),#1320,.T.);
#1314 = FACE_BOUND('',#1315,.T.);
#1315 = EDGE_LOOP('',(#1316,#1317,#1318,#1319));
#1316 = ORIENTED_EDGE('',*,*,#1207,.F.);
#1317 = ORIENTED_EDGE('',*,*,#1268,.T.);
#1318 = ORIENTED_EDGE('',*,*,#1247,.T.);
#1319 = ORIENTED_EDGE('',*,*,#1290,.F.);
#1320 = PLANE('',#1321);
#1321 = AXIS2_PLACEMENT_3D('',#1322,#1323,#1324);
#1322 = CARTESIAN_POINT('',(34.,36.,16.));
#1323 = DIRECTION('',(0.,0.,1.));
#1324 = DIRECTION('',(1.,0.,-0.));
#1325 = ( GEOMETRIC_REPRESENTATION_CONTEXT(3) 
GLOBAL_UNCERTAINTY_ASSIGNED_CONTEXT((#1329)) 
GLOBAL_UNIT_ASSIGNED_CONTEXT((#1326,#1327,#1328)) REPRESENTATION_CONTEXT
('Context #1','3D Context with UNIT and UNCERTAINTY') );
#1326 = ( LENGTH_UNIT() NAMED_UNIT(*) SI_UNIT(.MILLI.,.METRE.) );
#1327 = ( NAMED_UNIT(*) PLANE_ANGLE_UNIT() SI_UNIT($,.RADIAN.) );
#1328 = ( NAMED_UNIT(*) SI_UNIT($,.STERADIAN.) SOLID_ANGLE_UNIT() );
#1329 = UNCERTAINTY_MEASURE_WITH_UNIT(LENGTH_MEASURE(1.E-07),#1326,
  'distance_accuracy_value','confusion accuracy');
#1330 = CONTEXT_DEPENDENT_SHAPE_REPRESENTATION(#1331,#1333);
#1331 = ( REPRESENTATION_RELATIONSHIP('','',#1174,#10) 
REPRESENTATION_RELATIONSHIP_WITH_TRANSFORMATION(#1332) 
SHAPE_REPRESENTATION_RELATIONSHIP() );
#1332 = ITEM_DEFINED_TRANSFORMATION('','',#11,#39);
#1333 = PRODUCT_DEFINITION_SHAPE('Placement','Placement of an item',
  #1334);
#1334 = NEXT_ASSEMBLY_USAGE_OCCURRENCE('7','IP2368_PLACEHOLDER','',#5,
  #1169,$);
#1335 = PRODUCT_RELATED_PRODUCT_CATEGORY('part',$,(#1171));
#1336 = SHAPE_DEFINITION_REPRESENTATION(#1337,#1343);
#1337 = PRODUCT_DEFINITION_SHAPE('','',#1338);
#1338 = PRODUCT_DEFINITION('design','',#1339,#1342);
#1339 = PRODUCT_DEFINITION_FORMATION('','',#1340);
#1340 = PRODUCT('INA260_PLACEHOLDER','INA260_PLACEHOLDER','',(#1341));
#1341 = PRODUCT_CONTEXT('',#2,'mechanical');
#1342 = PRODUCT_DEFINITION_CONTEXT('part definition',#2,'design');
#1343 = ADVANCED_BREP_SHAPE_REPRESENTATION('',(#11,#1344),#1494);
#1344 = MANIFOLD_SOLID_BREP('',#1345);
#1345 = CLOSED_SHELL('',(#1346,#1386,#1426,#1448,#1470,#1482));
#1346 = ADVANCED_FACE('',(#1347),#1381,.F.);
#1347 = FACE_BOUND('',#1348,.F.);
#1348 = EDGE_LOOP('',(#1349,#1359,#1367,#1375));
#1349 = ORIENTED_EDGE('',*,*,#1350,.F.);
#1350 = EDGE_CURVE('',#1351,#1353,#1355,.T.);
#1351 = VERTEX_POINT('',#1352);
#1352 = CARTESIAN_POINT('',(35.,70.,4.));
#1353 = VERTEX_POINT('',#1354);
#1354 = CARTESIAN_POINT('',(35.,70.,14.));
#1355 = LINE('',#1356,#1357);
#1356 = CARTESIAN_POINT('',(35.,70.,4.));
#1357 = VECTOR('',#1358,1.);
#1358 = DIRECTION('',(0.,0.,1.));
#1359 = ORIENTED_EDGE('',*,*,#1360,.T.);
#1360 = EDGE_CURVE('',#1351,#1361,#1363,.T.);
#1361 = VERTEX_POINT('',#1362);
#1362 = CARTESIAN_POINT('',(35.,95.,4.));
#1363 = LINE('',#1364,#1365);
#1364 = CARTESIAN_POINT('',(35.,70.,4.));
#1365 = VECTOR('',#1366,1.);
#1366 = DIRECTION('',(-0.,1.,0.));
#1367 = ORIENTED_EDGE('',*,*,#1368,.T.);
#1368 = EDGE_CURVE('',#1361,#1369,#1371,.T.);
#1369 = VERTEX_POINT('',#1370);
#1370 = CARTESIAN_POINT('',(35.,95.,14.));
#1371 = LINE('',#1372,#1373);
#1372 = CARTESIAN_POINT('',(35.,95.,4.));
#1373 = VECTOR('',#1374,1.);
#1374 = DIRECTION('',(0.,0.,1.));
#1375 = ORIENTED_EDGE('',*,*,#1376,.F.);
#1376 = EDGE_CURVE('',#1353,#1369,#1377,.T.);
#1377 = LINE('',#1378,#1379);
#1378 = CARTESIAN_POINT('',(35.,70.,14.));
#1379 = VECTOR('',#1380,1.);
#1380 = DIRECTION('',(-0.,1.,0.));
#1381 = PLANE('',#1382);
#1382 = AXIS2_PLACEMENT_3D('',#1383,#1384,#1385);
#1383 = CARTESIAN_POINT('',(35.,70.,4.));
#1384 = DIRECTION('',(1.,0.,-0.));
#1385 = DIRECTION('',(0.,0.,1.));
#1386 = ADVANCED_FACE('',(#1387),#1421,.T.);
#1387 = FACE_BOUND('',#1388,.T.);
#1388 = EDGE_LOOP('',(#1389,#1399,#1407,#1415));
#1389 = ORIENTED_EDGE('',*,*,#1390,.F.);
#1390 = EDGE_CURVE('',#1391,#1393,#1395,.T.);
#1391 = VERTEX_POINT('',#1392);
#1392 = CARTESIAN_POINT('',(60.,70.,4.));
#1393 = VERTEX_POINT('',#1394);
#1394 = CARTESIAN_POINT('',(60.,70.,14.));
#1395 = LINE('',#1396,#1397);
#1396 = CARTESIAN_POINT('',(60.,70.,4.));
#1397 = VECTOR('',#1398,1.);
#1398 = DIRECTION('',(0.,0.,1.));
#1399 = ORIENTED_EDGE('',*,*,#1400,.T.);
#1400 = EDGE_CURVE('',#1391,#1401,#1403,.T.);
#1401 = VERTEX_POINT('',#1402);
#1402 = CARTESIAN_POINT('',(60.,95.,4.));
#1403 = LINE('',#1404,#1405);
#1404 = CARTESIAN_POINT('',(60.,70.,4.));
#1405 = VECTOR('',#1406,1.);
#1406 = DIRECTION('',(-0.,1.,0.));
#1407 = ORIENTED_EDGE('',*,*,#1408,.T.);
#1408 = EDGE_CURVE('',#1401,#1409,#1411,.T.);
#1409 = VERTEX_POINT('',#1410);
#1410 = CARTESIAN_POINT('',(60.,95.,14.));
#1411 = LINE('',#1412,#1413);
#1412 = CARTESIAN_POINT('',(60.,95.,4.));
#1413 = VECTOR('',#1414,1.);
#1414 = DIRECTION('',(0.,0.,1.));
#1415 = ORIENTED_EDGE('',*,*,#1416,.F.);
#1416 = EDGE_CURVE('',#1393,#1409,#1417,.T.);
#1417 = LINE('',#1418,#1419);
#1418 = CARTESIAN_POINT('',(60.,70.,14.));
#1419 = VECTOR('',#1420,1.);
#1420 = DIRECTION('',(-0.,1.,0.));
#1421 = PLANE('',#1422);
#1422 = AXIS2_PLACEMENT_3D('',#1423,#1424,#1425);
#1423 = CARTESIAN_POINT('',(60.,70.,4.));
#1424 = DIRECTION('',(1.,0.,-0.));
#1425 = DIRECTION('',(0.,0.,1.));
#1426 = ADVANCED_FACE('',(#1427),#1443,.F.);
#1427 = FACE_BOUND('',#1428,.F.);
#1428 = EDGE_LOOP('',(#1429,#1435,#1436,#1442));
#1429 = ORIENTED_EDGE('',*,*,#1430,.F.);
#1430 = EDGE_CURVE('',#1351,#1391,#1431,.T.);
#1431 = LINE('',#1432,#1433);
#1432 = CARTESIAN_POINT('',(35.,70.,4.));
#1433 = VECTOR('',#1434,1.);
#1434 = DIRECTION('',(1.,0.,-0.));
#1435 = ORIENTED_EDGE('',*,*,#1350,.T.);
#1436 = ORIENTED_EDGE('',*,*,#1437,.T.);
#1437 = EDGE_CURVE('',#1353,#1393,#1438,.T.);
#1438 = LINE('',#1439,#1440);
#1439 = CARTESIAN_POINT('',(35.,70.,14.));
#1440 = VECTOR('',#1441,1.);
#1441 = DIRECTION('',(1.,0.,-0.));
#1442 = ORIENTED_EDGE('',*,*,#1390,.F.);
#1443 = PLANE('',#1444);
#1444 = AXIS2_PLACEMENT_3D('',#1445,#1446,#1447);
#1445 = CARTESIAN_POINT('',(35.,70.,4.));
#1446 = DIRECTION('',(-0.,1.,0.));
#1447 = DIRECTION('',(0.,0.,1.));
#1448 = ADVANCED_FACE('',(#1449),#1465,.T.);
#1449 = FACE_BOUND('',#1450,.T.);
#1450 = EDGE_LOOP('',(#1451,#1457,#1458,#1464));
#1451 = ORIENTED_EDGE('',*,*,#1452,.F.);
#1452 = EDGE_CURVE('',#1361,#1401,#1453,.T.);
#1453 = LINE('',#1454,#1455);
#1454 = CARTESIAN_POINT('',(35.,95.,4.));
#1455 = VECTOR('',#1456,1.);
#1456 = DIRECTION('',(1.,0.,-0.));
#1457 = ORIENTED_EDGE('',*,*,#1368,.T.);
#1458 = ORIENTED_EDGE('',*,*,#1459,.T.);
#1459 = EDGE_CURVE('',#1369,#1409,#1460,.T.);
#1460 = LINE('',#1461,#1462);
#1461 = CARTESIAN_POINT('',(35.,95.,14.));
#1462 = VECTOR('',#1463,1.);
#1463 = DIRECTION('',(1.,0.,-0.));
#1464 = ORIENTED_EDGE('',*,*,#1408,.F.);
#1465 = PLANE('',#1466);
#1466 = AXIS2_PLACEMENT_3D('',#1467,#1468,#1469);
#1467 = CARTESIAN_POINT('',(35.,95.,4.));
#1468 = DIRECTION('',(-0.,1.,0.));
#1469 = DIRECTION('',(0.,0.,1.));
#1470 = ADVANCED_FACE('',(#1471),#1477,.F.);
#1471 = FACE_BOUND('',#1472,.F.);
#1472 = EDGE_LOOP('',(#1473,#1474,#1475,#1476));
#1473 = ORIENTED_EDGE('',*,*,#1360,.F.);
#1474 = ORIENTED_EDGE('',*,*,#1430,.T.);
#1475 = ORIENTED_EDGE('',*,*,#1400,.T.);
#1476 = ORIENTED_EDGE('',*,*,#1452,.F.);
#1477 = PLANE('',#1478);
#1478 = AXIS2_PLACEMENT_3D('',#1479,#1480,#1481);
#1479 = CARTESIAN_POINT('',(35.,70.,4.));
#1480 = DIRECTION('',(0.,0.,1.));
#1481 = DIRECTION('',(1.,0.,-0.));
#1482 = ADVANCED_FACE('',(#1483),#1489,.T.);
#1483 = FACE_BOUND('',#1484,.T.);
#1484 = EDGE_LOOP('',(#1485,#1486,#1487,#1488));
#1485 = ORIENTED_EDGE('',*,*,#1376,.F.);
#1486 = ORIENTED_EDGE('',*,*,#1437,.T.);
#1487 = ORIENTED_EDGE('',*,*,#1416,.T.);
#1488 = ORIENTED_EDGE('',*,*,#1459,.F.);
#1489 = PLANE('',#1490);
#1490 = AXIS2_PLACEMENT_3D('',#1491,#1492,#1493);
#1491 = CARTESIAN_POINT('',(35.,70.,14.));
#1492 = DIRECTION('',(0.,0.,1.));
#1493 = DIRECTION('',(1.,0.,-0.));
#1494 = ( GEOMETRIC_REPRESENTATION_CONTEXT(3) 
GLOBAL_UNCERTAINTY_ASSIGNED_CONTEXT((#1498)) 
GLOBAL_UNIT_ASSIGNED_CONTEXT((#1495,#1496,#1497)) REPRESENTATION_CONTEXT
('Context #1','3D Context with UNIT and UNCERTAINTY') );
#1495 = ( LENGTH_UNIT() NAMED_UNIT(*) SI_UNIT(.MILLI.,.METRE.) );
#1496 = ( NAMED_UNIT(*) PLANE_ANGLE_UNIT() SI_UNIT($,.RADIAN.) );
#1497 = ( NAMED_UNIT(*) SI_UNIT($,.STERADIAN.) SOLID_ANGLE_UNIT() );
#1498 = UNCERTAINTY_MEASURE_WITH_UNIT(LENGTH_MEASURE(1.E-07),#1495,
  'distance_accuracy_value','confusion accuracy');
#1499 = CONTEXT_DEPENDENT_SHAPE_REPRESENTATION(#1500,#1502);
#1500 = ( REPRESENTATION_RELATIONSHIP('','',#1343,#10) 
REPRESENTATION_RELATIONSHIP_WITH_TRANSFORMATION(#1501) 
SHAPE_REPRESENTATION_RELATIONSHIP() );
#1501 = ITEM_DEFINED_TRANSFORMATION('','',#11,#43);
#1502 = PRODUCT_DEFINITION_SHAPE('Placement','Placement of an item',
  #1503);
#1503 = NEXT_ASSEMBLY_USAGE_OCCURRENCE('8','INA260_PLACEHOLDER','',#5,
  #1338,$);
#1504 = PRODUCT_RELATED_PRODUCT_CATEGORY('part',$,(#1340));
#1505 = SHAPE_DEFINITION_REPRESENTATION(#1506,#1512);
#1506 = PRODUCT_DEFINITION_SHAPE('','',#1507);
#1507 = PRODUCT_DEFINITION('design','',#1508,#1511);
#1508 = PRODUCT_DEFINITION_FORMATION('','',#1509);
#1509 = PRODUCT('LOGIC_CARRIER_PLACEHOLDER','LOGIC_CARRIER_PLACEHOLDER',
  '',(#1510));
#1510 = PRODUCT_CONTEXT('',#2,'mechanical');
#1511 = PRODUCT_DEFINITION_CONTEXT('part definition',#2,'design');
#1512 = ADVANCED_BREP_SHAPE_REPRESENTATION('',(#11,#1513),#1663);
#1513 = MANIFOLD_SOLID_BREP('',#1514);
#1514 = CLOSED_SHELL('',(#1515,#1555,#1595,#1617,#1639,#1651));
#1515 = ADVANCED_FACE('',(#1516),#1550,.F.);
#1516 = FACE_BOUND('',#1517,.F.);
#1517 = EDGE_LOOP('',(#1518,#1528,#1536,#1544));
#1518 = ORIENTED_EDGE('',*,*,#1519,.F.);
#1519 = EDGE_CURVE('',#1520,#1522,#1524,.T.);
#1520 = VERTEX_POINT('',#1521);
#1521 = CARTESIAN_POINT('',(0.,0.,30.));
#1522 = VERTEX_POINT('',#1523);
#1523 = CARTESIAN_POINT('',(0.,0.,31.6));
#1524 = LINE('',#1525,#1526);
#1525 = CARTESIAN_POINT('',(0.,0.,30.));
#1526 = VECTOR('',#1527,1.);
#1527 = DIRECTION('',(0.,0.,1.));
#1528 = ORIENTED_EDGE('',*,*,#1529,.T.);
#1529 = EDGE_CURVE('',#1520,#1530,#1532,.T.);
#1530 = VERTEX_POINT('',#1531);
#1531 = CARTESIAN_POINT('',(0.,94.,30.));
#1532 = LINE('',#1533,#1534);
#1533 = CARTESIAN_POINT('',(0.,0.,30.));
#1534 = VECTOR('',#1535,1.);
#1535 = DIRECTION('',(-0.,1.,0.));
#1536 = ORIENTED_EDGE('',*,*,#1537,.T.);
#1537 = EDGE_CURVE('',#1530,#1538,#1540,.T.);
#1538 = VERTEX_POINT('',#1539);
#1539 = CARTESIAN_POINT('',(0.,94.,31.6));
#1540 = LINE('',#1541,#1542);
#1541 = CARTESIAN_POINT('',(0.,94.,30.));
#1542 = VECTOR('',#1543,1.);
#1543 = DIRECTION('',(0.,0.,1.));
#1544 = ORIENTED_EDGE('',*,*,#1545,.F.);
#1545 = EDGE_CURVE('',#1522,#1538,#1546,.T.);
#1546 = LINE('',#1547,#1548);
#1547 = CARTESIAN_POINT('',(0.,0.,31.6));
#1548 = VECTOR('',#1549,1.);
#1549 = DIRECTION('',(-0.,1.,0.));
#1550 = PLANE('',#1551);
#1551 = AXIS2_PLACEMENT_3D('',#1552,#1553,#1554);
#1552 = CARTESIAN_POINT('',(0.,0.,30.));
#1553 = DIRECTION('',(1.,0.,-0.));
#1554 = DIRECTION('',(0.,0.,1.));
#1555 = ADVANCED_FACE('',(#1556),#1590,.T.);
#1556 = FACE_BOUND('',#1557,.T.);
#1557 = EDGE_LOOP('',(#1558,#1568,#1576,#1584));
#1558 = ORIENTED_EDGE('',*,*,#1559,.F.);
#1559 = EDGE_CURVE('',#1560,#1562,#1564,.T.);
#1560 = VERTEX_POINT('',#1561);
#1561 = CARTESIAN_POINT('',(70.,0.,30.));
#1562 = VERTEX_POINT('',#1563);
#1563 = CARTESIAN_POINT('',(70.,0.,31.6));
#1564 = LINE('',#1565,#1566);
#1565 = CARTESIAN_POINT('',(70.,0.,30.));
#1566 = VECTOR('',#1567,1.);
#1567 = DIRECTION('',(0.,0.,1.));
#1568 = ORIENTED_EDGE('',*,*,#1569,.T.);
#1569 = EDGE_CURVE('',#1560,#1570,#1572,.T.);
#1570 = VERTEX_POINT('',#1571);
#1571 = CARTESIAN_POINT('',(70.,94.,30.));
#1572 = LINE('',#1573,#1574);
#1573 = CARTESIAN_POINT('',(70.,0.,30.));
#1574 = VECTOR('',#1575,1.);
#1575 = DIRECTION('',(-0.,1.,0.));
#1576 = ORIENTED_EDGE('',*,*,#1577,.T.);
#1577 = EDGE_CURVE('',#1570,#1578,#1580,.T.);
#1578 = VERTEX_POINT('',#1579);
#1579 = CARTESIAN_POINT('',(70.,94.,31.6));
#1580 = LINE('',#1581,#1582);
#1581 = CARTESIAN_POINT('',(70.,94.,30.));
#1582 = VECTOR('',#1583,1.);
#1583 = DIRECTION('',(0.,0.,1.));
#1584 = ORIENTED_EDGE('',*,*,#1585,.F.);
#1585 = EDGE_CURVE('',#1562,#1578,#1586,.T.);
#1586 = LINE('',#1587,#1588);
#1587 = CARTESIAN_POINT('',(70.,0.,31.6));
#1588 = VECTOR('',#1589,1.);
#1589 = DIRECTION('',(-0.,1.,0.));
#1590 = PLANE('',#1591);
#1591 = AXIS2_PLACEMENT_3D('',#1592,#1593,#1594);
#1592 = CARTESIAN_POINT('',(70.,0.,30.));
#1593 = DIRECTION('',(1.,0.,-0.));
#1594 = DIRECTION('',(0.,0.,1.));
#1595 = ADVANCED_FACE('',(#1596),#1612,.F.);
#1596 = FACE_BOUND('',#1597,.F.);
#1597 = EDGE_LOOP('',(#1598,#1604,#1605,#1611));
#1598 = ORIENTED_EDGE('',*,*,#1599,.F.);
#1599 = EDGE_CURVE('',#1520,#1560,#1600,.T.);
#1600 = LINE('',#1601,#1602);
#1601 = CARTESIAN_POINT('',(0.,0.,30.));
#1602 = VECTOR('',#1603,1.);
#1603 = DIRECTION('',(1.,0.,-0.));
#1604 = ORIENTED_EDGE('',*,*,#1519,.T.);
#1605 = ORIENTED_EDGE('',*,*,#1606,.T.);
#1606 = EDGE_CURVE('',#1522,#1562,#1607,.T.);
#1607 = LINE('',#1608,#1609);
#1608 = CARTESIAN_POINT('',(0.,0.,31.6));
#1609 = VECTOR('',#1610,1.);
#1610 = DIRECTION('',(1.,0.,-0.));
#1611 = ORIENTED_EDGE('',*,*,#1559,.F.);
#1612 = PLANE('',#1613);
#1613 = AXIS2_PLACEMENT_3D('',#1614,#1615,#1616);
#1614 = CARTESIAN_POINT('',(0.,0.,30.));
#1615 = DIRECTION('',(-0.,1.,0.));
#1616 = DIRECTION('',(0.,0.,1.));
#1617 = ADVANCED_FACE('',(#1618),#1634,.T.);
#1618 = FACE_BOUND('',#1619,.T.);
#1619 = EDGE_LOOP('',(#1620,#1626,#1627,#1633));
#1620 = ORIENTED_EDGE('',*,*,#1621,.F.);
#1621 = EDGE_CURVE('',#1530,#1570,#1622,.T.);
#1622 = LINE('',#1623,#1624);
#1623 = CARTESIAN_POINT('',(0.,94.,30.));
#1624 = VECTOR('',#1625,1.);
#1625 = DIRECTION('',(1.,0.,-0.));
#1626 = ORIENTED_EDGE('',*,*,#1537,.T.);
#1627 = ORIENTED_EDGE('',*,*,#1628,.T.);
#1628 = EDGE_CURVE('',#1538,#1578,#1629,.T.);
#1629 = LINE('',#1630,#1631);
#1630 = CARTESIAN_POINT('',(0.,94.,31.6));
#1631 = VECTOR('',#1632,1.);
#1632 = DIRECTION('',(1.,0.,-0.));
#1633 = ORIENTED_EDGE('',*,*,#1577,.F.);
#1634 = PLANE('',#1635);
#1635 = AXIS2_PLACEMENT_3D('',#1636,#1637,#1638);
#1636 = CARTESIAN_POINT('',(0.,94.,30.));
#1637 = DIRECTION('',(-0.,1.,0.));
#1638 = DIRECTION('',(0.,0.,1.));
#1639 = ADVANCED_FACE('',(#1640),#1646,.F.);
#1640 = FACE_BOUND('',#1641,.F.);
#1641 = EDGE_LOOP('',(#1642,#1643,#1644,#1645));
#1642 = ORIENTED_EDGE('',*,*,#1529,.F.);
#1643 = ORIENTED_EDGE('',*,*,#1599,.T.);
#1644 = ORIENTED_EDGE('',*,*,#1569,.T.);
#1645 = ORIENTED_EDGE('',*,*,#1621,.F.);
#1646 = PLANE('',#1647);
#1647 = AXIS2_PLACEMENT_3D('',#1648,#1649,#1650);
#1648 = CARTESIAN_POINT('',(0.,0.,30.));
#1649 = DIRECTION('',(0.,0.,1.));
#1650 = DIRECTION('',(1.,0.,-0.));
#1651 = ADVANCED_FACE('',(#1652),#1658,.T.);
#1652 = FACE_BOUND('',#1653,.T.);
#1653 = EDGE_LOOP('',(#1654,#1655,#1656,#1657));
#1654 = ORIENTED_EDGE('',*,*,#1545,.F.);
#1655 = ORIENTED_EDGE('',*,*,#1606,.T.);
#1656 = ORIENTED_EDGE('',*,*,#1585,.T.);
#1657 = ORIENTED_EDGE('',*,*,#1628,.F.);
#1658 = PLANE('',#1659);
#1659 = AXIS2_PLACEMENT_3D('',#1660,#1661,#1662);
#1660 = CARTESIAN_POINT('',(0.,0.,31.6));
#1661 = DIRECTION('',(0.,0.,1.));
#1662 = DIRECTION('',(1.,0.,-0.));
#1663 = ( GEOMETRIC_REPRESENTATION_CONTEXT(3) 
GLOBAL_UNCERTAINTY_ASSIGNED_CONTEXT((#1667)) 
GLOBAL_UNIT_ASSIGNED_CONTEXT((#1664,#1665,#1666)) REPRESENTATION_CONTEXT
('Context #1','3D Context with UNIT and UNCERTAINTY') );
#1664 = ( LENGTH_UNIT() NAMED_UNIT(*) SI_UNIT(.MILLI.,.METRE.) );
#1665 = ( NAMED_UNIT(*) PLANE_ANGLE_UNIT() SI_UNIT($,.RADIAN.) );
#1666 = ( NAMED_UNIT(*) SI_UNIT($,.STERADIAN.) SOLID_ANGLE_UNIT() );
#1667 = UNCERTAINTY_MEASURE_WITH_UNIT(LENGTH_MEASURE(1.E-07),#1664,
  'distance_accuracy_value','confusion accuracy');
#1668 = CONTEXT_DEPENDENT_SHAPE_REPRESENTATION(#1669,#1671);
#1669 = ( REPRESENTATION_RELATIONSHIP('','',#1512,#10) 
REPRESENTATION_RELATIONSHIP_WITH_TRANSFORMATION(#1670) 
SHAPE_REPRESENTATION_RELATIONSHIP() );
#1670 = ITEM_DEFINED_TRANSFORMATION('','',#11,#47);
#1671 = PRODUCT_DEFINITION_SHAPE('Placement','Placement of an item',
  #1672);
#1672 = NEXT_ASSEMBLY_USAGE_OCCURRENCE('9','LOGIC_CARRIER_PLACEHOLDER',
  '',#5,#1507,$);
#1673 = PRODUCT_RELATED_PRODUCT_CATEGORY('part',$,(#1509));
#1674 = SHAPE_DEFINITION_REPRESENTATION(#1675,#1681);
#1675 = PRODUCT_DEFINITION_SHAPE('','',#1676);
#1676 = PRODUCT_DEFINITION('design','',#1677,#1680);
#1677 = PRODUCT_DEFINITION_FORMATION('','',#1678);
#1678 = PRODUCT('ESP_SOCKET_ENVELOPE','ESP_SOCKET_ENVELOPE','',(#1679));
#1679 = PRODUCT_CONTEXT('',#2,'mechanical');
#1680 = PRODUCT_DEFINITION_CONTEXT('part definition',#2,'design');
#1681 = ADVANCED_BREP_SHAPE_REPRESENTATION('',(#11,#1682),#1832);
#1682 = MANIFOLD_SOLID_BREP('',#1683);
#1683 = CLOSED_SHELL('',(#1684,#1724,#1764,#1786,#1808,#1820));
#1684 = ADVANCED_FACE('',(#1685),#1719,.F.);
#1685 = FACE_BOUND('',#1686,.F.);
#1686 = EDGE_LOOP('',(#1687,#1697,#1705,#1713));
#1687 = ORIENTED_EDGE('',*,*,#1688,.F.);
#1688 = EDGE_CURVE('',#1689,#1691,#1693,.T.);
#1689 = VERTEX_POINT('',#1690);
#1690 = CARTESIAN_POINT('',(3.,53.,32.));
#1691 = VERTEX_POINT('',#1692);
#1692 = CARTESIAN_POINT('',(3.,53.,37.));
#1693 = LINE('',#1694,#1695);
#1694 = CARTESIAN_POINT('',(3.,53.,32.));
#1695 = VECTOR('',#1696,1.);
#1696 = DIRECTION('',(0.,0.,1.));
#1697 = ORIENTED_EDGE('',*,*,#1698,.T.);
#1698 = EDGE_CURVE('',#1689,#1699,#1701,.T.);
#1699 = VERTEX_POINT('',#1700);
#1700 = CARTESIAN_POINT('',(3.,115.,32.));
#1701 = LINE('',#1702,#1703);
#1702 = CARTESIAN_POINT('',(3.,53.,32.));
#1703 = VECTOR('',#1704,1.);
#1704 = DIRECTION('',(-0.,1.,0.));
#1705 = ORIENTED_EDGE('',*,*,#1706,.T.);
#1706 = EDGE_CURVE('',#1699,#1707,#1709,.T.);
#1707 = VERTEX_POINT('',#1708);
#1708 = CARTESIAN_POINT('',(3.,115.,37.));
#1709 = LINE('',#1710,#1711);
#1710 = CARTESIAN_POINT('',(3.,115.,32.));
#1711 = VECTOR('',#1712,1.);
#1712 = DIRECTION('',(0.,0.,1.));
#1713 = ORIENTED_EDGE('',*,*,#1714,.F.);
#1714 = EDGE_CURVE('',#1691,#1707,#1715,.T.);
#1715 = LINE('',#1716,#1717);
#1716 = CARTESIAN_POINT('',(3.,53.,37.));
#1717 = VECTOR('',#1718,1.);
#1718 = DIRECTION('',(-0.,1.,0.));
#1719 = PLANE('',#1720);
#1720 = AXIS2_PLACEMENT_3D('',#1721,#1722,#1723);
#1721 = CARTESIAN_POINT('',(3.,53.,32.));
#1722 = DIRECTION('',(1.,0.,-0.));
#1723 = DIRECTION('',(0.,0.,1.));
#1724 = ADVANCED_FACE('',(#1725),#1759,.T.);
#1725 = FACE_BOUND('',#1726,.T.);
#1726 = EDGE_LOOP('',(#1727,#1737,#1745,#1753));
#1727 = ORIENTED_EDGE('',*,*,#1728,.F.);
#1728 = EDGE_CURVE('',#1729,#1731,#1733,.T.);
#1729 = VERTEX_POINT('',#1730);
#1730 = CARTESIAN_POINT('',(32.,53.,32.));
#1731 = VERTEX_POINT('',#1732);
#1732 = CARTESIAN_POINT('',(32.,53.,37.));
#1733 = LINE('',#1734,#1735);
#1734 = CARTESIAN_POINT('',(32.,53.,32.));
#1735 = VECTOR('',#1736,1.);
#1736 = DIRECTION('',(0.,0.,1.));
#1737 = ORIENTED_EDGE('',*,*,#1738,.T.);
#1738 = EDGE_CURVE('',#1729,#1739,#1741,.T.);
#1739 = VERTEX_POINT('',#1740);
#1740 = CARTESIAN_POINT('',(32.,115.,32.));
#1741 = LINE('',#1742,#1743);
#1742 = CARTESIAN_POINT('',(32.,53.,32.));
#1743 = VECTOR('',#1744,1.);
#1744 = DIRECTION('',(-0.,1.,0.));
#1745 = ORIENTED_EDGE('',*,*,#1746,.T.);
#1746 = EDGE_CURVE('',#1739,#1747,#1749,.T.);
#1747 = VERTEX_POINT('',#1748);
#1748 = CARTESIAN_POINT('',(32.,115.,37.));
#1749 = LINE('',#1750,#1751);
#1750 = CARTESIAN_POINT('',(32.,115.,32.));
#1751 = VECTOR('',#1752,1.);
#1752 = DIRECTION('',(0.,0.,1.));
#1753 = ORIENTED_EDGE('',*,*,#1754,.F.);
#1754 = EDGE_CURVE('',#1731,#1747,#1755,.T.);
#1755 = LINE('',#1756,#1757);
#1756 = CARTESIAN_POINT('',(32.,53.,37.));
#1757 = VECTOR('',#1758,1.);
#1758 = DIRECTION('',(-0.,1.,0.));
#1759 = PLANE('',#1760);
#1760 = AXIS2_PLACEMENT_3D('',#1761,#1762,#1763);
#1761 = CARTESIAN_POINT('',(32.,53.,32.));
#1762 = DIRECTION('',(1.,0.,-0.));
#1763 = DIRECTION('',(0.,0.,1.));
#1764 = ADVANCED_FACE('',(#1765),#1781,.F.);
#1765 = FACE_BOUND('',#1766,.F.);
#1766 = EDGE_LOOP('',(#1767,#1773,#1774,#1780));
#1767 = ORIENTED_EDGE('',*,*,#1768,.F.);
#1768 = EDGE_CURVE('',#1689,#1729,#1769,.T.);
#1769 = LINE('',#1770,#1771);
#1770 = CARTESIAN_POINT('',(3.,53.,32.));
#1771 = VECTOR('',#1772,1.);
#1772 = DIRECTION('',(1.,0.,-0.));
#1773 = ORIENTED_EDGE('',*,*,#1688,.T.);
#1774 = ORIENTED_EDGE('',*,*,#1775,.T.);
#1775 = EDGE_CURVE('',#1691,#1731,#1776,.T.);
#1776 = LINE('',#1777,#1778);
#1777 = CARTESIAN_POINT('',(3.,53.,37.));
#1778 = VECTOR('',#1779,1.);
#1779 = DIRECTION('',(1.,0.,-0.));
#1780 = ORIENTED_EDGE('',*,*,#1728,.F.);
#1781 = PLANE('',#1782);
#1782 = AXIS2_PLACEMENT_3D('',#1783,#1784,#1785);
#1783 = CARTESIAN_POINT('',(3.,53.,32.));
#1784 = DIRECTION('',(-0.,1.,0.));
#1785 = DIRECTION('',(0.,0.,1.));
#1786 = ADVANCED_FACE('',(#1787),#1803,.T.);
#1787 = FACE_BOUND('',#1788,.T.);
#1788 = EDGE_LOOP('',(#1789,#1795,#1796,#1802));
#1789 = ORIENTED_EDGE('',*,*,#1790,.F.);
#1790 = EDGE_CURVE('',#1699,#1739,#1791,.T.);
#1791 = LINE('',#1792,#1793);
#1792 = CARTESIAN_POINT('',(3.,115.,32.));
#1793 = VECTOR('',#1794,1.);
#1794 = DIRECTION('',(1.,0.,-0.));
#1795 = ORIENTED_EDGE('',*,*,#1706,.T.);
#1796 = ORIENTED_EDGE('',*,*,#1797,.T.);
#1797 = EDGE_CURVE('',#1707,#1747,#1798,.T.);
#1798 = LINE('',#1799,#1800);
#1799 = CARTESIAN_POINT('',(3.,115.,37.));
#1800 = VECTOR('',#1801,1.);
#1801 = DIRECTION('',(1.,0.,-0.));
#1802 = ORIENTED_EDGE('',*,*,#1746,.F.);
#1803 = PLANE('',#1804);
#1804 = AXIS2_PLACEMENT_3D('',#1805,#1806,#1807);
#1805 = CARTESIAN_POINT('',(3.,115.,32.));
#1806 = DIRECTION('',(-0.,1.,0.));
#1807 = DIRECTION('',(0.,0.,1.));
#1808 = ADVANCED_FACE('',(#1809),#1815,.F.);
#1809 = FACE_BOUND('',#1810,.F.);
#1810 = EDGE_LOOP('',(#1811,#1812,#1813,#1814));
#1811 = ORIENTED_EDGE('',*,*,#1698,.F.);
#1812 = ORIENTED_EDGE('',*,*,#1768,.T.);
#1813 = ORIENTED_EDGE('',*,*,#1738,.T.);
#1814 = ORIENTED_EDGE('',*,*,#1790,.F.);
#1815 = PLANE('',#1816);
#1816 = AXIS2_PLACEMENT_3D('',#1817,#1818,#1819);
#1817 = CARTESIAN_POINT('',(3.,53.,32.));
#1818 = DIRECTION('',(0.,0.,1.));
#1819 = DIRECTION('',(1.,0.,-0.));
#1820 = ADVANCED_FACE('',(#1821),#1827,.T.);
#1821 = FACE_BOUND('',#1822,.T.);
#1822 = EDGE_LOOP('',(#1823,#1824,#1825,#1826));
#1823 = ORIENTED_EDGE('',*,*,#1714,.F.);
#1824 = ORIENTED_EDGE('',*,*,#1775,.T.);
#1825 = ORIENTED_EDGE('',*,*,#1754,.T.);
#1826 = ORIENTED_EDGE('',*,*,#1797,.F.);
#1827 = PLANE('',#1828);
#1828 = AXIS2_PLACEMENT_3D('',#1829,#1830,#1831);
#1829 = CARTESIAN_POINT('',(3.,53.,37.));
#1830 = DIRECTION('',(0.,0.,1.));
#1831 = DIRECTION('',(1.,0.,-0.));
#1832 = ( GEOMETRIC_REPRESENTATION_CONTEXT(3) 
GLOBAL_UNCERTAINTY_ASSIGNED_CONTEXT((#1836)) 
GLOBAL_UNIT_ASSIGNED_CONTEXT((#1833,#1834,#1835)) REPRESENTATION_CONTEXT
('Context #1','3D Context with UNIT and UNCERTAINTY') );
#1833 = ( LENGTH_UNIT() NAMED_UNIT(*) SI_UNIT(.MILLI.,.METRE.) );
#1834 = ( NAMED_UNIT(*) PLANE_ANGLE_UNIT() SI_UNIT($,.RADIAN.) );
#1835 = ( NAMED_UNIT(*) SI_UNIT($,.STERADIAN.) SOLID_ANGLE_UNIT() );
#1836 = UNCERTAINTY_MEASURE_WITH_UNIT(LENGTH_MEASURE(1.E-07),#1833,
  'distance_accuracy_value','confusion accuracy');
#1837 = CONTEXT_DEPENDENT_SHAPE_REPRESENTATION(#1838,#1840);
#1838 = ( REPRESENTATION_RELATIONSHIP('','',#1681,#10) 
REPRESENTATION_RELATIONSHIP_WITH_TRANSFORMATION(#1839) 
SHAPE_REPRESENTATION_RELATIONSHIP() );
#1839 = ITEM_DEFINED_TRANSFORMATION('','',#11,#51);
#1840 = PRODUCT_DEFINITION_SHAPE('Placement','Placement of an item',
  #1841);
#1841 = NEXT_ASSEMBLY_USAGE_OCCURRENCE('10','ESP_SOCKET_ENVELOPE','',#5,
  #1676,$);
#1842 = PRODUCT_RELATED_PRODUCT_CATEGORY('part',$,(#1678));
#1843 = SHAPE_DEFINITION_REPRESENTATION(#1844,#1850);
#1844 = PRODUCT_DEFINITION_SHAPE('','',#1845);
#1845 = PRODUCT_DEFINITION('design','',#1846,#1849);
#1846 = PRODUCT_DEFINITION_FORMATION('','',#1847);
#1847 = PRODUCT('ESP_YD_NOMINAL_BOARD','ESP_YD_NOMINAL_BOARD','',(#1848)
  );
#1848 = PRODUCT_CONTEXT('',#2,'mechanical');
#1849 = PRODUCT_DEFINITION_CONTEXT('part definition',#2,'design');
#1850 = ADVANCED_BREP_SHAPE_REPRESENTATION('',(#11,#1851),#2001);
#1851 = MANIFOLD_SOLID_BREP('',#1852);
#1852 = CLOSED_SHELL('',(#1853,#1893,#1933,#1955,#1977,#1989));
#1853 = ADVANCED_FACE('',(#1854),#1888,.F.);
#1854 = FACE_BOUND('',#1855,.F.);
#1855 = EDGE_LOOP('',(#1856,#1866,#1874,#1882));
#1856 = ORIENTED_EDGE('',*,*,#1857,.F.);
#1857 = EDGE_CURVE('',#1858,#1860,#1862,.T.);
#1858 = VERTEX_POINT('',#1859);
#1859 = CARTESIAN_POINT('',(3.,56.5,37.));
#1860 = VERTEX_POINT('',#1861);
#1861 = CARTESIAN_POINT('',(3.,56.5,38.6));
#1862 = LINE('',#1863,#1864);
#1863 = CARTESIAN_POINT('',(3.,56.5,37.));
#1864 = VECTOR('',#1865,1.);
#1865 = DIRECTION('',(0.,0.,1.));
#1866 = ORIENTED_EDGE('',*,*,#1867,.T.);
#1867 = EDGE_CURVE('',#1858,#1868,#1870,.T.);
#1868 = VERTEX_POINT('',#1869);
#1869 = CARTESIAN_POINT('',(3.,120.,37.));
#1870 = LINE('',#1871,#1872);
#1871 = CARTESIAN_POINT('',(3.,56.5,37.));
#1872 = VECTOR('',#1873,1.);
#1873 = DIRECTION('',(-0.,1.,0.));
#1874 = ORIENTED_EDGE('',*,*,#1875,.T.);
#1875 = EDGE_CURVE('',#1868,#1876,#1878,.T.);
#1876 = VERTEX_POINT('',#1877);
#1877 = CARTESIAN_POINT('',(3.,120.,38.6));
#1878 = LINE('',#1879,#1880);
#1879 = CARTESIAN_POINT('',(3.,120.,37.));
#1880 = VECTOR('',#1881,1.);
#1881 = DIRECTION('',(0.,0.,1.));
#1882 = ORIENTED_EDGE('',*,*,#1883,.F.);
#1883 = EDGE_CURVE('',#1860,#1876,#1884,.T.);
#1884 = LINE('',#1885,#1886);
#1885 = CARTESIAN_POINT('',(3.,56.5,38.6));
#1886 = VECTOR('',#1887,1.);
#1887 = DIRECTION('',(-0.,1.,0.));
#1888 = PLANE('',#1889);
#1889 = AXIS2_PLACEMENT_3D('',#1890,#1891,#1892);
#1890 = CARTESIAN_POINT('',(3.,56.5,37.));
#1891 = DIRECTION('',(1.,0.,-0.));
#1892 = DIRECTION('',(0.,0.,1.));
#1893 = ADVANCED_FACE('',(#1894),#1928,.T.);
#1894 = FACE_BOUND('',#1895,.T.);
#1895 = EDGE_LOOP('',(#1896,#1906,#1914,#1922));
#1896 = ORIENTED_EDGE('',*,*,#1897,.F.);
#1897 = EDGE_CURVE('',#1898,#1900,#1902,.T.);
#1898 = VERTEX_POINT('',#1899);
#1899 = CARTESIAN_POINT('',(30.94,56.5,37.));
#1900 = VERTEX_POINT('',#1901);
#1901 = CARTESIAN_POINT('',(30.94,56.5,38.6));
#1902 = LINE('',#1903,#1904);
#1903 = CARTESIAN_POINT('',(30.94,56.5,37.));
#1904 = VECTOR('',#1905,1.);
#1905 = DIRECTION('',(0.,0.,1.));
#1906 = ORIENTED_EDGE('',*,*,#1907,.T.);
#1907 = EDGE_CURVE('',#1898,#1908,#1910,.T.);
#1908 = VERTEX_POINT('',#1909);
#1909 = CARTESIAN_POINT('',(30.94,120.,37.));
#1910 = LINE('',#1911,#1912);
#1911 = CARTESIAN_POINT('',(30.94,56.5,37.));
#1912 = VECTOR('',#1913,1.);
#1913 = DIRECTION('',(-0.,1.,0.));
#1914 = ORIENTED_EDGE('',*,*,#1915,.T.);
#1915 = EDGE_CURVE('',#1908,#1916,#1918,.T.);
#1916 = VERTEX_POINT('',#1917);
#1917 = CARTESIAN_POINT('',(30.94,120.,38.6));
#1918 = LINE('',#1919,#1920);
#1919 = CARTESIAN_POINT('',(30.94,120.,37.));
#1920 = VECTOR('',#1921,1.);
#1921 = DIRECTION('',(0.,0.,1.));
#1922 = ORIENTED_EDGE('',*,*,#1923,.F.);
#1923 = EDGE_CURVE('',#1900,#1916,#1924,.T.);
#1924 = LINE('',#1925,#1926);
#1925 = CARTESIAN_POINT('',(30.94,56.5,38.6));
#1926 = VECTOR('',#1927,1.);
#1927 = DIRECTION('',(-0.,1.,0.));
#1928 = PLANE('',#1929);
#1929 = AXIS2_PLACEMENT_3D('',#1930,#1931,#1932);
#1930 = CARTESIAN_POINT('',(30.94,56.5,37.));
#1931 = DIRECTION('',(1.,0.,-0.));
#1932 = DIRECTION('',(0.,0.,1.));
#1933 = ADVANCED_FACE('',(#1934),#1950,.F.);
#1934 = FACE_BOUND('',#1935,.F.);
#1935 = EDGE_LOOP('',(#1936,#1942,#1943,#1949));
#1936 = ORIENTED_EDGE('',*,*,#1937,.F.);
#1937 = EDGE_CURVE('',#1858,#1898,#1938,.T.);
#1938 = LINE('',#1939,#1940);
#1939 = CARTESIAN_POINT('',(3.,56.5,37.));
#1940 = VECTOR('',#1941,1.);
#1941 = DIRECTION('',(1.,0.,-0.));
#1942 = ORIENTED_EDGE('',*,*,#1857,.T.);
#1943 = ORIENTED_EDGE('',*,*,#1944,.T.);
#1944 = EDGE_CURVE('',#1860,#1900,#1945,.T.);
#1945 = LINE('',#1946,#1947);
#1946 = CARTESIAN_POINT('',(3.,56.5,38.6));
#1947 = VECTOR('',#1948,1.);
#1948 = DIRECTION('',(1.,0.,-0.));
#1949 = ORIENTED_EDGE('',*,*,#1897,.F.);
#1950 = PLANE('',#1951);
#1951 = AXIS2_PLACEMENT_3D('',#1952,#1953,#1954);
#1952 = CARTESIAN_POINT('',(3.,56.5,37.));
#1953 = DIRECTION('',(-0.,1.,0.));
#1954 = DIRECTION('',(0.,0.,1.));
#1955 = ADVANCED_FACE('',(#1956),#1972,.T.);
#1956 = FACE_BOUND('',#1957,.T.);
#1957 = EDGE_LOOP('',(#1958,#1964,#1965,#1971));
#1958 = ORIENTED_EDGE('',*,*,#1959,.F.);
#1959 = EDGE_CURVE('',#1868,#1908,#1960,.T.);
#1960 = LINE('',#1961,#1962);
#1961 = CARTESIAN_POINT('',(3.,120.,37.));
#1962 = VECTOR('',#1963,1.);
#1963 = DIRECTION('',(1.,0.,-0.));
#1964 = ORIENTED_EDGE('',*,*,#1875,.T.);
#1965 = ORIENTED_EDGE('',*,*,#1966,.T.);
#1966 = EDGE_CURVE('',#1876,#1916,#1967,.T.);
#1967 = LINE('',#1968,#1969);
#1968 = CARTESIAN_POINT('',(3.,120.,38.6));
#1969 = VECTOR('',#1970,1.);
#1970 = DIRECTION('',(1.,0.,-0.));
#1971 = ORIENTED_EDGE('',*,*,#1915,.F.);
#1972 = PLANE('',#1973);
#1973 = AXIS2_PLACEMENT_3D('',#1974,#1975,#1976);
#1974 = CARTESIAN_POINT('',(3.,120.,37.));
#1975 = DIRECTION('',(-0.,1.,0.));
#1976 = DIRECTION('',(0.,0.,1.));
#1977 = ADVANCED_FACE('',(#1978),#1984,.F.);
#1978 = FACE_BOUND('',#1979,.F.);
#1979 = EDGE_LOOP('',(#1980,#1981,#1982,#1983));
#1980 = ORIENTED_EDGE('',*,*,#1867,.F.);
#1981 = ORIENTED_EDGE('',*,*,#1937,.T.);
#1982 = ORIENTED_EDGE('',*,*,#1907,.T.);
#1983 = ORIENTED_EDGE('',*,*,#1959,.F.);
#1984 = PLANE('',#1985);
#1985 = AXIS2_PLACEMENT_3D('',#1986,#1987,#1988);
#1986 = CARTESIAN_POINT('',(3.,56.5,37.));
#1987 = DIRECTION('',(0.,0.,1.));
#1988 = DIRECTION('',(1.,0.,-0.));
#1989 = ADVANCED_FACE('',(#1990),#1996,.T.);
#1990 = FACE_BOUND('',#1991,.T.);
#1991 = EDGE_LOOP('',(#1992,#1993,#1994,#1995));
#1992 = ORIENTED_EDGE('',*,*,#1883,.F.);
#1993 = ORIENTED_EDGE('',*,*,#1944,.T.);
#1994 = ORIENTED_EDGE('',*,*,#1923,.T.);
#1995 = ORIENTED_EDGE('',*,*,#1966,.F.);
#1996 = PLANE('',#1997);
#1997 = AXIS2_PLACEMENT_3D('',#1998,#1999,#2000);
#1998 = CARTESIAN_POINT('',(3.,56.5,38.6));
#1999 = DIRECTION('',(0.,0.,1.));
#2000 = DIRECTION('',(1.,0.,-0.));
#2001 = ( GEOMETRIC_REPRESENTATION_CONTEXT(3) 
GLOBAL_UNCERTAINTY_ASSIGNED_CONTEXT((#2005)) 
GLOBAL_UNIT_ASSIGNED_CONTEXT((#2002,#2003,#2004)) REPRESENTATION_CONTEXT
('Context #1','3D Context with UNIT and UNCERTAINTY') );
#2002 = ( LENGTH_UNIT() NAMED_UNIT(*) SI_UNIT(.MILLI.,.METRE.) );
#2003 = ( NAMED_UNIT(*) PLANE_ANGLE_UNIT() SI_UNIT($,.RADIAN.) );
#2004 = ( NAMED_UNIT(*) SI_UNIT($,.STERADIAN.) SOLID_ANGLE_UNIT() );
#2005 = UNCERTAINTY_MEASURE_WITH_UNIT(LENGTH_MEASURE(1.E-07),#2002,
  'distance_accuracy_value','confusion accuracy');
#2006 = CONTEXT_DEPENDENT_SHAPE_REPRESENTATION(#2007,#2009);
#2007 = ( REPRESENTATION_RELATIONSHIP('','',#1850,#10) 
REPRESENTATION_RELATIONSHIP_WITH_TRANSFORMATION(#2008) 
SHAPE_REPRESENTATION_RELATIONSHIP() );
#2008 = ITEM_DEFINED_TRANSFORMATION('','',#11,#55);
#2009 = PRODUCT_DEFINITION_SHAPE('Placement','Placement of an item',
  #2010);
#2010 = NEXT_ASSEMBLY_USAGE_OCCURRENCE('11','ESP_YD_NOMINAL_BOARD','',#5
  ,#1845,$);
#2011 = PRODUCT_RELATED_PRODUCT_CATEGORY('part',$,(#1847));
#2012 = SHAPE_DEFINITION_REPRESENTATION(#2013,#2019);
#2013 = PRODUCT_DEFINITION_SHAPE('','',#2014);
#2014 = PRODUCT_DEFINITION('design','',#2015,#2018);
#2015 = PRODUCT_DEFINITION_FORMATION('','',#2016);
#2016 = PRODUCT('ESP_MODULE_SHIELD_PLACEHOLDER',
  'ESP_MODULE_SHIELD_PLACEHOLDER','',(#2017));
#2017 = PRODUCT_CONTEXT('',#2,'mechanical');
#2018 = PRODUCT_DEFINITION_CONTEXT('part definition',#2,'design');
#2019 = ADVANCED_BREP_SHAPE_REPRESENTATION('',(#11,#2020),#2170);
#2020 = MANIFOLD_SOLID_BREP('',#2021);
#2021 = CLOSED_SHELL('',(#2022,#2062,#2102,#2124,#2146,#2158));
#2022 = ADVANCED_FACE('',(#2023),#2057,.F.);
#2023 = FACE_BOUND('',#2024,.F.);
#2024 = EDGE_LOOP('',(#2025,#2035,#2043,#2051));
#2025 = ORIENTED_EDGE('',*,*,#2026,.F.);
#2026 = EDGE_CURVE('',#2027,#2029,#2031,.T.);
#2027 = VERTEX_POINT('',#2028);
#2028 = CARTESIAN_POINT('',(6.,88.,38.6));
#2029 = VERTEX_POINT('',#2030);
#2030 = CARTESIAN_POINT('',(6.,88.,41.6));
#2031 = LINE('',#2032,#2033);
#2032 = CARTESIAN_POINT('',(6.,88.,38.6));
#2033 = VECTOR('',#2034,1.);
#2034 = DIRECTION('',(0.,0.,1.));
#2035 = ORIENTED_EDGE('',*,*,#2036,.T.);
#2036 = EDGE_CURVE('',#2027,#2037,#2039,.T.);
#2037 = VERTEX_POINT('',#2038);
#2038 = CARTESIAN_POINT('',(6.,111.,38.6));
#2039 = LINE('',#2040,#2041);
#2040 = CARTESIAN_POINT('',(6.,88.,38.6));
#2041 = VECTOR('',#2042,1.);
#2042 = DIRECTION('',(-0.,1.,0.));
#2043 = ORIENTED_EDGE('',*,*,#2044,.T.);
#2044 = EDGE_CURVE('',#2037,#2045,#2047,.T.);
#2045 = VERTEX_POINT('',#2046);
#2046 = CARTESIAN_POINT('',(6.,111.,41.6));
#2047 = LINE('',#2048,#2049);
#2048 = CARTESIAN_POINT('',(6.,111.,38.6));
#2049 = VECTOR('',#2050,1.);
#2050 = DIRECTION('',(0.,0.,1.));
#2051 = ORIENTED_EDGE('',*,*,#2052,.F.);
#2052 = EDGE_CURVE('',#2029,#2045,#2053,.T.);
#2053 = LINE('',#2054,#2055);
#2054 = CARTESIAN_POINT('',(6.,88.,41.6));
#2055 = VECTOR('',#2056,1.);
#2056 = DIRECTION('',(-0.,1.,0.));
#2057 = PLANE('',#2058);
#2058 = AXIS2_PLACEMENT_3D('',#2059,#2060,#2061);
#2059 = CARTESIAN_POINT('',(6.,88.,38.6));
#2060 = DIRECTION('',(1.,0.,-0.));
#2061 = DIRECTION('',(0.,0.,1.));
#2062 = ADVANCED_FACE('',(#2063),#2097,.T.);
#2063 = FACE_BOUND('',#2064,.T.);
#2064 = EDGE_LOOP('',(#2065,#2075,#2083,#2091));
#2065 = ORIENTED_EDGE('',*,*,#2066,.F.);
#2066 = EDGE_CURVE('',#2067,#2069,#2071,.T.);
#2067 = VERTEX_POINT('',#2068);
#2068 = CARTESIAN_POINT('',(28.,88.,38.6));
#2069 = VERTEX_POINT('',#2070);
#2070 = CARTESIAN_POINT('',(28.,88.,41.6));
#2071 = LINE('',#2072,#2073);
#2072 = CARTESIAN_POINT('',(28.,88.,38.6));
#2073 = VECTOR('',#2074,1.);
#2074 = DIRECTION('',(0.,0.,1.));
#2075 = ORIENTED_EDGE('',*,*,#2076,.T.);
#2076 = EDGE_CURVE('',#2067,#2077,#2079,.T.);
#2077 = VERTEX_POINT('',#2078);
#2078 = CARTESIAN_POINT('',(28.,111.,38.6));
#2079 = LINE('',#2080,#2081);
#2080 = CARTESIAN_POINT('',(28.,88.,38.6));
#2081 = VECTOR('',#2082,1.);
#2082 = DIRECTION('',(-0.,1.,0.));
#2083 = ORIENTED_EDGE('',*,*,#2084,.T.);
#2084 = EDGE_CURVE('',#2077,#2085,#2087,.T.);
#2085 = VERTEX_POINT('',#2086);
#2086 = CARTESIAN_POINT('',(28.,111.,41.6));
#2087 = LINE('',#2088,#2089);
#2088 = CARTESIAN_POINT('',(28.,111.,38.6));
#2089 = VECTOR('',#2090,1.);
#2090 = DIRECTION('',(0.,0.,1.));
#2091 = ORIENTED_EDGE('',*,*,#2092,.F.);
#2092 = EDGE_CURVE('',#2069,#2085,#2093,.T.);
#2093 = LINE('',#2094,#2095);
#2094 = CARTESIAN_POINT('',(28.,88.,41.6));
#2095 = VECTOR('',#2096,1.);
#2096 = DIRECTION('',(-0.,1.,0.));
#2097 = PLANE('',#2098);
#2098 = AXIS2_PLACEMENT_3D('',#2099,#2100,#2101);
#2099 = CARTESIAN_POINT('',(28.,88.,38.6));
#2100 = DIRECTION('',(1.,0.,-0.));
#2101 = DIRECTION('',(0.,0.,1.));
#2102 = ADVANCED_FACE('',(#2103),#2119,.F.);
#2103 = FACE_BOUND('',#2104,.F.);
#2104 = EDGE_LOOP('',(#2105,#2111,#2112,#2118));
#2105 = ORIENTED_EDGE('',*,*,#2106,.F.);
#2106 = EDGE_CURVE('',#2027,#2067,#2107,.T.);
#2107 = LINE('',#2108,#2109);
#2108 = CARTESIAN_POINT('',(6.,88.,38.6));
#2109 = VECTOR('',#2110,1.);
#2110 = DIRECTION('',(1.,0.,-0.));
#2111 = ORIENTED_EDGE('',*,*,#2026,.T.);
#2112 = ORIENTED_EDGE('',*,*,#2113,.T.);
#2113 = EDGE_CURVE('',#2029,#2069,#2114,.T.);
#2114 = LINE('',#2115,#2116);
#2115 = CARTESIAN_POINT('',(6.,88.,41.6));
#2116 = VECTOR('',#2117,1.);
#2117 = DIRECTION('',(1.,0.,-0.));
#2118 = ORIENTED_EDGE('',*,*,#2066,.F.);
#2119 = PLANE('',#2120);
#2120 = AXIS2_PLACEMENT_3D('',#2121,#2122,#2123);
#2121 = CARTESIAN_POINT('',(6.,88.,38.6));
#2122 = DIRECTION('',(-0.,1.,0.));
#2123 = DIRECTION('',(0.,0.,1.));
#2124 = ADVANCED_FACE('',(#2125),#2141,.T.);
#2125 = FACE_BOUND('',#2126,.T.);
#2126 = EDGE_LOOP('',(#2127,#2133,#2134,#2140));
#2127 = ORIENTED_EDGE('',*,*,#2128,.F.);
#2128 = EDGE_CURVE('',#2037,#2077,#2129,.T.);
#2129 = LINE('',#2130,#2131);
#2130 = CARTESIAN_POINT('',(6.,111.,38.6));
#2131 = VECTOR('',#2132,1.);
#2132 = DIRECTION('',(1.,0.,-0.));
#2133 = ORIENTED_EDGE('',*,*,#2044,.T.);
#2134 = ORIENTED_EDGE('',*,*,#2135,.T.);
#2135 = EDGE_CURVE('',#2045,#2085,#2136,.T.);
#2136 = LINE('',#2137,#2138);
#2137 = CARTESIAN_POINT('',(6.,111.,41.6));
#2138 = VECTOR('',#2139,1.);
#2139 = DIRECTION('',(1.,0.,-0.));
#2140 = ORIENTED_EDGE('',*,*,#2084,.F.);
#2141 = PLANE('',#2142);
#2142 = AXIS2_PLACEMENT_3D('',#2143,#2144,#2145);
#2143 = CARTESIAN_POINT('',(6.,111.,38.6));
#2144 = DIRECTION('',(-0.,1.,0.));
#2145 = DIRECTION('',(0.,0.,1.));
#2146 = ADVANCED_FACE('',(#2147),#2153,.F.);
#2147 = FACE_BOUND('',#2148,.F.);
#2148 = EDGE_LOOP('',(#2149,#2150,#2151,#2152));
#2149 = ORIENTED_EDGE('',*,*,#2036,.F.);
#2150 = ORIENTED_EDGE('',*,*,#2106,.T.);
#2151 = ORIENTED_EDGE('',*,*,#2076,.T.);
#2152 = ORIENTED_EDGE('',*,*,#2128,.F.);
#2153 = PLANE('',#2154);
#2154 = AXIS2_PLACEMENT_3D('',#2155,#2156,#2157);
#2155 = CARTESIAN_POINT('',(6.,88.,38.6));
#2156 = DIRECTION('',(0.,0.,1.));
#2157 = DIRECTION('',(1.,0.,-0.));
#2158 = ADVANCED_FACE('',(#2159),#2165,.T.);
#2159 = FACE_BOUND('',#2160,.T.);
#2160 = EDGE_LOOP('',(#2161,#2162,#2163,#2164));
#2161 = ORIENTED_EDGE('',*,*,#2052,.F.);
#2162 = ORIENTED_EDGE('',*,*,#2113,.T.);
#2163 = ORIENTED_EDGE('',*,*,#2092,.T.);
#2164 = ORIENTED_EDGE('',*,*,#2135,.F.);
#2165 = PLANE('',#2166);
#2166 = AXIS2_PLACEMENT_3D('',#2167,#2168,#2169);
#2167 = CARTESIAN_POINT('',(6.,88.,41.6));
#2168 = DIRECTION('',(0.,0.,1.));
#2169 = DIRECTION('',(1.,0.,-0.));
#2170 = ( GEOMETRIC_REPRESENTATION_CONTEXT(3) 
GLOBAL_UNCERTAINTY_ASSIGNED_CONTEXT((#2174)) 
GLOBAL_UNIT_ASSIGNED_CONTEXT((#2171,#2172,#2173)) REPRESENTATION_CONTEXT
('Context #1','3D Context with UNIT and UNCERTAINTY') );
#2171 = ( LENGTH_UNIT() NAMED_UNIT(*) SI_UNIT(.MILLI.,.METRE.) );
#2172 = ( NAMED_UNIT(*) PLANE_ANGLE_UNIT() SI_UNIT($,.RADIAN.) );
#2173 = ( NAMED_UNIT(*) SI_UNIT($,.STERADIAN.) SOLID_ANGLE_UNIT() );
#2174 = UNCERTAINTY_MEASURE_WITH_UNIT(LENGTH_MEASURE(1.E-07),#2171,
  'distance_accuracy_value','confusion accuracy');
#2175 = CONTEXT_DEPENDENT_SHAPE_REPRESENTATION(#2176,#2178);
#2176 = ( REPRESENTATION_RELATIONSHIP('','',#2019,#10) 
REPRESENTATION_RELATIONSHIP_WITH_TRANSFORMATION(#2177) 
SHAPE_REPRESENTATION_RELATIONSHIP() );
#2177 = ITEM_DEFINED_TRANSFORMATION('','',#11,#59);
#2178 = PRODUCT_DEFINITION_SHAPE('Placement','Placement of an item',
  #2179);
#2179 = NEXT_ASSEMBLY_USAGE_OCCURRENCE('12',
  'ESP_MODULE_SHIELD_PLACEHOLDER','',#5,#2014,$);
#2180 = PRODUCT_RELATED_PRODUCT_CATEGORY('part',$,(#2016));
#2181 = SHAPE_DEFINITION_REPRESENTATION(#2182,#2188);
#2182 = PRODUCT_DEFINITION_SHAPE('','',#2183);
#2183 = PRODUCT_DEFINITION('design','',#2184,#2187);
#2184 = PRODUCT_DEFINITION_FORMATION('','',#2185);
#2185 = PRODUCT('ESP_ANTENNA_CLEAR_ALL_LAYERS',
  'ESP_ANTENNA_CLEAR_ALL_LAYERS','',(#2186));
#2186 = PRODUCT_CONTEXT('',#2,'mechanical');
#2187 = PRODUCT_DEFINITION_CONTEXT('part definition',#2,'design');
#2188 = ADVANCED_BREP_SHAPE_REPRESENTATION('',(#11,#2189),#2339);
#2189 = MANIFOLD_SOLID_BREP('',#2190);
#2190 = CLOSED_SHELL('',(#2191,#2231,#2271,#2293,#2315,#2327));
#2191 = ADVANCED_FACE('',(#2192),#2226,.F.);
#2192 = FACE_BOUND('',#2193,.F.);
#2193 = EDGE_LOOP('',(#2194,#2204,#2212,#2220));
#2194 = ORIENTED_EDGE('',*,*,#2195,.F.);
#2195 = EDGE_CURVE('',#2196,#2198,#2200,.T.);
#2196 = VERTEX_POINT('',#2197);
#2197 = CARTESIAN_POINT('',(3.,114.,38.6));
#2198 = VERTEX_POINT('',#2199);
#2199 = CARTESIAN_POINT('',(3.,114.,39.6));
#2200 = LINE('',#2201,#2202);
#2201 = CARTESIAN_POINT('',(3.,114.,38.6));
#2202 = VECTOR('',#2203,1.);
#2203 = DIRECTION('',(0.,0.,1.));
#2204 = ORIENTED_EDGE('',*,*,#2205,.T.);
#2205 = EDGE_CURVE('',#2196,#2206,#2208,.T.);
#2206 = VERTEX_POINT('',#2207);
#2207 = CARTESIAN_POINT('',(3.,120.,38.6));
#2208 = LINE('',#2209,#2210);
#2209 = CARTESIAN_POINT('',(3.,114.,38.6));
#2210 = VECTOR('',#2211,1.);
#2211 = DIRECTION('',(-0.,1.,0.));
#2212 = ORIENTED_EDGE('',*,*,#2213,.T.);
#2213 = EDGE_CURVE('',#2206,#2214,#2216,.T.);
#2214 = VERTEX_POINT('',#2215);
#2215 = CARTESIAN_POINT('',(3.,120.,39.6));
#2216 = LINE('',#2217,#2218);
#2217 = CARTESIAN_POINT('',(3.,120.,38.6));
#2218 = VECTOR('',#2219,1.);
#2219 = DIRECTION('',(0.,0.,1.));
#2220 = ORIENTED_EDGE('',*,*,#2221,.F.);
#2221 = EDGE_CURVE('',#2198,#2214,#2222,.T.);
#2222 = LINE('',#2223,#2224);
#2223 = CARTESIAN_POINT('',(3.,114.,39.6));
#2224 = VECTOR('',#2225,1.);
#2225 = DIRECTION('',(-0.,1.,0.));
#2226 = PLANE('',#2227);
#2227 = AXIS2_PLACEMENT_3D('',#2228,#2229,#2230);
#2228 = CARTESIAN_POINT('',(3.,114.,38.6));
#2229 = DIRECTION('',(1.,0.,-0.));
#2230 = DIRECTION('',(0.,0.,1.));
#2231 = ADVANCED_FACE('',(#2232),#2266,.T.);
#2232 = FACE_BOUND('',#2233,.T.);
#2233 = EDGE_LOOP('',(#2234,#2244,#2252,#2260));
#2234 = ORIENTED_EDGE('',*,*,#2235,.F.);
#2235 = EDGE_CURVE('',#2236,#2238,#2240,.T.);
#2236 = VERTEX_POINT('',#2237);
#2237 = CARTESIAN_POINT('',(31.,114.,38.6));
#2238 = VERTEX_POINT('',#2239);
#2239 = CARTESIAN_POINT('',(31.,114.,39.6));
#2240 = LINE('',#2241,#2242);
#2241 = CARTESIAN_POINT('',(31.,114.,38.6));
#2242 = VECTOR('',#2243,1.);
#2243 = DIRECTION('',(0.,0.,1.));
#2244 = ORIENTED_EDGE('',*,*,#2245,.T.);
#2245 = EDGE_CURVE('',#2236,#2246,#2248,.T.);
#2246 = VERTEX_POINT('',#2247);
#2247 = CARTESIAN_POINT('',(31.,120.,38.6));
#2248 = LINE('',#2249,#2250);
#2249 = CARTESIAN_POINT('',(31.,114.,38.6));
#2250 = VECTOR('',#2251,1.);
#2251 = DIRECTION('',(-0.,1.,0.));
#2252 = ORIENTED_EDGE('',*,*,#2253,.T.);
#2253 = EDGE_CURVE('',#2246,#2254,#2256,.T.);
#2254 = VERTEX_POINT('',#2255);
#2255 = CARTESIAN_POINT('',(31.,120.,39.6));
#2256 = LINE('',#2257,#2258);
#2257 = CARTESIAN_POINT('',(31.,120.,38.6));
#2258 = VECTOR('',#2259,1.);
#2259 = DIRECTION('',(0.,0.,1.));
#2260 = ORIENTED_EDGE('',*,*,#2261,.F.);
#2261 = EDGE_CURVE('',#2238,#2254,#2262,.T.);
#2262 = LINE('',#2263,#2264);
#2263 = CARTESIAN_POINT('',(31.,114.,39.6));
#2264 = VECTOR('',#2265,1.);
#2265 = DIRECTION('',(-0.,1.,0.));
#2266 = PLANE('',#2267);
#2267 = AXIS2_PLACEMENT_3D('',#2268,#2269,#2270);
#2268 = CARTESIAN_POINT('',(31.,114.,38.6));
#2269 = DIRECTION('',(1.,0.,-0.));
#2270 = DIRECTION('',(0.,0.,1.));
#2271 = ADVANCED_FACE('',(#2272),#2288,.F.);
#2272 = FACE_BOUND('',#2273,.F.);
#2273 = EDGE_LOOP('',(#2274,#2280,#2281,#2287));
#2274 = ORIENTED_EDGE('',*,*,#2275,.F.);
#2275 = EDGE_CURVE('',#2196,#2236,#2276,.T.);
#2276 = LINE('',#2277,#2278);
#2277 = CARTESIAN_POINT('',(3.,114.,38.6));
#2278 = VECTOR('',#2279,1.);
#2279 = DIRECTION('',(1.,0.,-0.));
#2280 = ORIENTED_EDGE('',*,*,#2195,.T.);
#2281 = ORIENTED_EDGE('',*,*,#2282,.T.);
#2282 = EDGE_CURVE('',#2198,#2238,#2283,.T.);
#2283 = LINE('',#2284,#2285);
#2284 = CARTESIAN_POINT('',(3.,114.,39.6));
#2285 = VECTOR('',#2286,1.);
#2286 = DIRECTION('',(1.,0.,-0.));
#2287 = ORIENTED_EDGE('',*,*,#2235,.F.);
#2288 = PLANE('',#2289);
#2289 = AXIS2_PLACEMENT_3D('',#2290,#2291,#2292);
#2290 = CARTESIAN_POINT('',(3.,114.,38.6));
#2291 = DIRECTION('',(-0.,1.,0.));
#2292 = DIRECTION('',(0.,0.,1.));
#2293 = ADVANCED_FACE('',(#2294),#2310,.T.);
#2294 = FACE_BOUND('',#2295,.T.);
#2295 = EDGE_LOOP('',(#2296,#2302,#2303,#2309));
#2296 = ORIENTED_EDGE('',*,*,#2297,.F.);
#2297 = EDGE_CURVE('',#2206,#2246,#2298,.T.);
#2298 = LINE('',#2299,#2300);
#2299 = CARTESIAN_POINT('',(3.,120.,38.6));
#2300 = VECTOR('',#2301,1.);
#2301 = DIRECTION('',(1.,0.,-0.));
#2302 = ORIENTED_EDGE('',*,*,#2213,.T.);
#2303 = ORIENTED_EDGE('',*,*,#2304,.T.);
#2304 = EDGE_CURVE('',#2214,#2254,#2305,.T.);
#2305 = LINE('',#2306,#2307);
#2306 = CARTESIAN_POINT('',(3.,120.,39.6));
#2307 = VECTOR('',#2308,1.);
#2308 = DIRECTION('',(1.,0.,-0.));
#2309 = ORIENTED_EDGE('',*,*,#2253,.F.);
#2310 = PLANE('',#2311);
#2311 = AXIS2_PLACEMENT_3D('',#2312,#2313,#2314);
#2312 = CARTESIAN_POINT('',(3.,120.,38.6));
#2313 = DIRECTION('',(-0.,1.,0.));
#2314 = DIRECTION('',(0.,0.,1.));
#2315 = ADVANCED_FACE('',(#2316),#2322,.F.);
#2316 = FACE_BOUND('',#2317,.F.);
#2317 = EDGE_LOOP('',(#2318,#2319,#2320,#2321));
#2318 = ORIENTED_EDGE('',*,*,#2205,.F.);
#2319 = ORIENTED_EDGE('',*,*,#2275,.T.);
#2320 = ORIENTED_EDGE('',*,*,#2245,.T.);
#2321 = ORIENTED_EDGE('',*,*,#2297,.F.);
#2322 = PLANE('',#2323);
#2323 = AXIS2_PLACEMENT_3D('',#2324,#2325,#2326);
#2324 = CARTESIAN_POINT('',(3.,114.,38.6));
#2325 = DIRECTION('',(0.,0.,1.));
#2326 = DIRECTION('',(1.,0.,-0.));
#2327 = ADVANCED_FACE('',(#2328),#2334,.T.);
#2328 = FACE_BOUND('',#2329,.T.);
#2329 = EDGE_LOOP('',(#2330,#2331,#2332,#2333));
#2330 = ORIENTED_EDGE('',*,*,#2221,.F.);
#2331 = ORIENTED_EDGE('',*,*,#2282,.T.);
#2332 = ORIENTED_EDGE('',*,*,#2261,.T.);
#2333 = ORIENTED_EDGE('',*,*,#2304,.F.);
#2334 = PLANE('',#2335);
#2335 = AXIS2_PLACEMENT_3D('',#2336,#2337,#2338);
#2336 = CARTESIAN_POINT('',(3.,114.,39.6));
#2337 = DIRECTION('',(0.,0.,1.));
#2338 = DIRECTION('',(1.,0.,-0.));
#2339 = ( GEOMETRIC_REPRESENTATION_CONTEXT(3) 
GLOBAL_UNCERTAINTY_ASSIGNED_CONTEXT((#2343)) 
GLOBAL_UNIT_ASSIGNED_CONTEXT((#2340,#2341,#2342)) REPRESENTATION_CONTEXT
('Context #1','3D Context with UNIT and UNCERTAINTY') );
#2340 = ( LENGTH_UNIT() NAMED_UNIT(*) SI_UNIT(.MILLI.,.METRE.) );
#2341 = ( NAMED_UNIT(*) PLANE_ANGLE_UNIT() SI_UNIT($,.RADIAN.) );
#2342 = ( NAMED_UNIT(*) SI_UNIT($,.STERADIAN.) SOLID_ANGLE_UNIT() );
#2343 = UNCERTAINTY_MEASURE_WITH_UNIT(LENGTH_MEASURE(1.E-07),#2340,
  'distance_accuracy_value','confusion accuracy');
#2344 = CONTEXT_DEPENDENT_SHAPE_REPRESENTATION(#2345,#2347);
#2345 = ( REPRESENTATION_RELATIONSHIP('','',#2188,#10) 
REPRESENTATION_RELATIONSHIP_WITH_TRANSFORMATION(#2346) 
SHAPE_REPRESENTATION_RELATIONSHIP() );
#2346 = ITEM_DEFINED_TRANSFORMATION('','',#11,#63);
#2347 = PRODUCT_DEFINITION_SHAPE('Placement','Placement of an item',
  #2348);
#2348 = NEXT_ASSEMBLY_USAGE_OCCURRENCE('13',
  'ESP_ANTENNA_CLEAR_ALL_LAYERS','',#5,#2183,$);
#2349 = PRODUCT_RELATED_PRODUCT_CATEGORY('part',$,(#2185));
#2350 = SHAPE_DEFINITION_REPRESENTATION(#2351,#2357);
#2351 = PRODUCT_DEFINITION_SHAPE('','',#2352);
#2352 = PRODUCT_DEFINITION('design','',#2353,#2356);
#2353 = PRODUCT_DEFINITION_FORMATION('','',#2354);
#2354 = PRODUCT('ESP_USB_ACCESS_4','ESP_USB_ACCESS_4','',(#2355));
#2355 = PRODUCT_CONTEXT('',#2,'mechanical');
#2356 = PRODUCT_DEFINITION_CONTEXT('part definition',#2,'design');
#2357 = ADVANCED_BREP_SHAPE_REPRESENTATION('',(#11,#2358),#2508);
#2358 = MANIFOLD_SOLID_BREP('',#2359);
#2359 = CLOSED_SHELL('',(#2360,#2400,#2440,#2462,#2484,#2496));
#2360 = ADVANCED_FACE('',(#2361),#2395,.F.);
#2361 = FACE_BOUND('',#2362,.F.);
#2362 = EDGE_LOOP('',(#2363,#2373,#2381,#2389));
#2363 = ORIENTED_EDGE('',*,*,#2364,.F.);
#2364 = EDGE_CURVE('',#2365,#2367,#2369,.T.);
#2365 = VERTEX_POINT('',#2366);
#2366 = CARTESIAN_POINT('',(4.,53.,38.6));
#2367 = VERTEX_POINT('',#2368);
#2368 = CARTESIAN_POINT('',(4.,53.,42.6));
#2369 = LINE('',#2370,#2371);
#2370 = CARTESIAN_POINT('',(4.,53.,38.6));
#2371 = VECTOR('',#2372,1.);
#2372 = DIRECTION('',(0.,0.,1.));
#2373 = ORIENTED_EDGE('',*,*,#2374,.T.);
#2374 = EDGE_CURVE('',#2365,#2375,#2377,.T.);
#2375 = VERTEX_POINT('',#2376);
#2376 = CARTESIAN_POINT('',(4.,61.,38.6));
#2377 = LINE('',#2378,#2379);
#2378 = CARTESIAN_POINT('',(4.,53.,38.6));
#2379 = VECTOR('',#2380,1.);
#2380 = DIRECTION('',(-0.,1.,0.));
#2381 = ORIENTED_EDGE('',*,*,#2382,.T.);
#2382 = EDGE_CURVE('',#2375,#2383,#2385,.T.);
#2383 = VERTEX_POINT('',#2384);
#2384 = CARTESIAN_POINT('',(4.,61.,42.6));
#2385 = LINE('',#2386,#2387);
#2386 = CARTESIAN_POINT('',(4.,61.,38.6));
#2387 = VECTOR('',#2388,1.);
#2388 = DIRECTION('',(0.,0.,1.));
#2389 = ORIENTED_EDGE('',*,*,#2390,.F.);
#2390 = EDGE_CURVE('',#2367,#2383,#2391,.T.);
#2391 = LINE('',#2392,#2393);
#2392 = CARTESIAN_POINT('',(4.,53.,42.6));
#2393 = VECTOR('',#2394,1.);
#2394 = DIRECTION('',(-0.,1.,0.));
#2395 = PLANE('',#2396);
#2396 = AXIS2_PLACEMENT_3D('',#2397,#2398,#2399);
#2397 = CARTESIAN_POINT('',(4.,53.,38.6));
#2398 = DIRECTION('',(1.,0.,-0.));
#2399 = DIRECTION('',(0.,0.,1.));
#2400 = ADVANCED_FACE('',(#2401),#2435,.T.);
#2401 = FACE_BOUND('',#2402,.T.);
#2402 = EDGE_LOOP('',(#2403,#2413,#2421,#2429));
#2403 = ORIENTED_EDGE('',*,*,#2404,.F.);
#2404 = EDGE_CURVE('',#2405,#2407,#2409,.T.);
#2405 = VERTEX_POINT('',#2406);
#2406 = CARTESIAN_POINT('',(16.,53.,38.6));
#2407 = VERTEX_POINT('',#2408);
#2408 = CARTESIAN_POINT('',(16.,53.,42.6));
#2409 = LINE('',#2410,#2411);
#2410 = CARTESIAN_POINT('',(16.,53.,38.6));
#2411 = VECTOR('',#2412,1.);
#2412 = DIRECTION('',(0.,0.,1.));
#2413 = ORIENTED_EDGE('',*,*,#2414,.T.);
#2414 = EDGE_CURVE('',#2405,#2415,#2417,.T.);
#2415 = VERTEX_POINT('',#2416);
#2416 = CARTESIAN_POINT('',(16.,61.,38.6));
#2417 = LINE('',#2418,#2419);
#2418 = CARTESIAN_POINT('',(16.,53.,38.6));
#2419 = VECTOR('',#2420,1.);
#2420 = DIRECTION('',(-0.,1.,0.));
#2421 = ORIENTED_EDGE('',*,*,#2422,.T.);
#2422 = EDGE_CURVE('',#2415,#2423,#2425,.T.);
#2423 = VERTEX_POINT('',#2424);
#2424 = CARTESIAN_POINT('',(16.,61.,42.6));
#2425 = LINE('',#2426,#2427);
#2426 = CARTESIAN_POINT('',(16.,61.,38.6));
#2427 = VECTOR('',#2428,1.);
#2428 = DIRECTION('',(0.,0.,1.));
#2429 = ORIENTED_EDGE('',*,*,#2430,.F.);
#2430 = EDGE_CURVE('',#2407,#2423,#2431,.T.);
#2431 = LINE('',#2432,#2433);
#2432 = CARTESIAN_POINT('',(16.,53.,42.6));
#2433 = VECTOR('',#2434,1.);
#2434 = DIRECTION('',(-0.,1.,0.));
#2435 = PLANE('',#2436);
#2436 = AXIS2_PLACEMENT_3D('',#2437,#2438,#2439);
#2437 = CARTESIAN_POINT('',(16.,53.,38.6));
#2438 = DIRECTION('',(1.,0.,-0.));
#2439 = DIRECTION('',(0.,0.,1.));
#2440 = ADVANCED_FACE('',(#2441),#2457,.F.);
#2441 = FACE_BOUND('',#2442,.F.);
#2442 = EDGE_LOOP('',(#2443,#2449,#2450,#2456));
#2443 = ORIENTED_EDGE('',*,*,#2444,.F.);
#2444 = EDGE_CURVE('',#2365,#2405,#2445,.T.);
#2445 = LINE('',#2446,#2447);
#2446 = CARTESIAN_POINT('',(4.,53.,38.6));
#2447 = VECTOR('',#2448,1.);
#2448 = DIRECTION('',(1.,0.,-0.));
#2449 = ORIENTED_EDGE('',*,*,#2364,.T.);
#2450 = ORIENTED_EDGE('',*,*,#2451,.T.);
#2451 = EDGE_CURVE('',#2367,#2407,#2452,.T.);
#2452 = LINE('',#2453,#2454);
#2453 = CARTESIAN_POINT('',(4.,53.,42.6));
#2454 = VECTOR('',#2455,1.);
#2455 = DIRECTION('',(1.,0.,-0.));
#2456 = ORIENTED_EDGE('',*,*,#2404,.F.);
#2457 = PLANE('',#2458);
#2458 = AXIS2_PLACEMENT_3D('',#2459,#2460,#2461);
#2459 = CARTESIAN_POINT('',(4.,53.,38.6));
#2460 = DIRECTION('',(-0.,1.,0.));
#2461 = DIRECTION('',(0.,0.,1.));
#2462 = ADVANCED_FACE('',(#2463),#2479,.T.);
#2463 = FACE_BOUND('',#2464,.T.);
#2464 = EDGE_LOOP('',(#2465,#2471,#2472,#2478));
#2465 = ORIENTED_EDGE('',*,*,#2466,.F.);
#2466 = EDGE_CURVE('',#2375,#2415,#2467,.T.);
#2467 = LINE('',#2468,#2469);
#2468 = CARTESIAN_POINT('',(4.,61.,38.6));
#2469 = VECTOR('',#2470,1.);
#2470 = DIRECTION('',(1.,0.,-0.));
#2471 = ORIENTED_EDGE('',*,*,#2382,.T.);
#2472 = ORIENTED_EDGE('',*,*,#2473,.T.);
#2473 = EDGE_CURVE('',#2383,#2423,#2474,.T.);
#2474 = LINE('',#2475,#2476);
#2475 = CARTESIAN_POINT('',(4.,61.,42.6));
#2476 = VECTOR('',#2477,1.);
#2477 = DIRECTION('',(1.,0.,-0.));
#2478 = ORIENTED_EDGE('',*,*,#2422,.F.);
#2479 = PLANE('',#2480);
#2480 = AXIS2_PLACEMENT_3D('',#2481,#2482,#2483);
#2481 = CARTESIAN_POINT('',(4.,61.,38.6));
#2482 = DIRECTION('',(-0.,1.,0.));
#2483 = DIRECTION('',(0.,0.,1.));
#2484 = ADVANCED_FACE('',(#2485),#2491,.F.);
#2485 = FACE_BOUND('',#2486,.F.);
#2486 = EDGE_LOOP('',(#2487,#2488,#2489,#2490));
#2487 = ORIENTED_EDGE('',*,*,#2374,.F.);
#2488 = ORIENTED_EDGE('',*,*,#2444,.T.);
#2489 = ORIENTED_EDGE('',*,*,#2414,.T.);
#2490 = ORIENTED_EDGE('',*,*,#2466,.F.);
#2491 = PLANE('',#2492);
#2492 = AXIS2_PLACEMENT_3D('',#2493,#2494,#2495);
#2493 = CARTESIAN_POINT('',(4.,53.,38.6));
#2494 = DIRECTION('',(0.,0.,1.));
#2495 = DIRECTION('',(1.,0.,-0.));
#2496 = ADVANCED_FACE('',(#2497),#2503,.T.);
#2497 = FACE_BOUND('',#2498,.T.);
#2498 = EDGE_LOOP('',(#2499,#2500,#2501,#2502));
#2499 = ORIENTED_EDGE('',*,*,#2390,.F.);
#2500 = ORIENTED_EDGE('',*,*,#2451,.T.);
#2501 = ORIENTED_EDGE('',*,*,#2430,.T.);
#2502 = ORIENTED_EDGE('',*,*,#2473,.F.);
#2503 = PLANE('',#2504);
#2504 = AXIS2_PLACEMENT_3D('',#2505,#2506,#2507);
#2505 = CARTESIAN_POINT('',(4.,53.,42.6));
#2506 = DIRECTION('',(0.,0.,1.));
#2507 = DIRECTION('',(1.,0.,-0.));
#2508 = ( GEOMETRIC_REPRESENTATION_CONTEXT(3) 
GLOBAL_UNCERTAINTY_ASSIGNED_CONTEXT((#2512)) 
GLOBAL_UNIT_ASSIGNED_CONTEXT((#2509,#2510,#2511)) REPRESENTATION_CONTEXT
('Context #1','3D Context with UNIT and UNCERTAINTY') );
#2509 = ( LENGTH_UNIT() NAMED_UNIT(*) SI_UNIT(.MILLI.,.METRE.) );
#2510 = ( NAMED_UNIT(*) PLANE_ANGLE_UNIT() SI_UNIT($,.RADIAN.) );
#2511 = ( NAMED_UNIT(*) SI_UNIT($,.STERADIAN.) SOLID_ANGLE_UNIT() );
#2512 = UNCERTAINTY_MEASURE_WITH_UNIT(LENGTH_MEASURE(1.E-07),#2509,
  'distance_accuracy_value','confusion accuracy');
#2513 = CONTEXT_DEPENDENT_SHAPE_REPRESENTATION(#2514,#2516);
#2514 = ( REPRESENTATION_RELATIONSHIP('','',#2357,#10) 
REPRESENTATION_RELATIONSHIP_WITH_TRANSFORMATION(#2515) 
SHAPE_REPRESENTATION_RELATIONSHIP() );
#2515 = ITEM_DEFINED_TRANSFORMATION('','',#11,#67);
#2516 = PRODUCT_DEFINITION_SHAPE('Placement','Placement of an item',
  #2517);
#2517 = NEXT_ASSEMBLY_USAGE_OCCURRENCE('14','ESP_USB_ACCESS_4','',#5,
  #2352,$);
#2518 = PRODUCT_RELATED_PRODUCT_CATEGORY('part',$,(#2354));
#2519 = SHAPE_DEFINITION_REPRESENTATION(#2520,#2526);
#2520 = PRODUCT_DEFINITION_SHAPE('','',#2521);
#2521 = PRODUCT_DEFINITION('design','',#2522,#2525);
#2522 = PRODUCT_DEFINITION_FORMATION('','',#2523);
#2523 = PRODUCT('ESP_USB_ACCESS_18','ESP_USB_ACCESS_18','',(#2524));
#2524 = PRODUCT_CONTEXT('',#2,'mechanical');
#2525 = PRODUCT_DEFINITION_CONTEXT('part definition',#2,'design');
#2526 = ADVANCED_BREP_SHAPE_REPRESENTATION('',(#11,#2527),#2677);
#2527 = MANIFOLD_SOLID_BREP('',#2528);
#2528 = CLOSED_SHELL('',(#2529,#2569,#2609,#2631,#2653,#2665));
#2529 = ADVANCED_FACE('',(#2530),#2564,.F.);
#2530 = FACE_BOUND('',#2531,.F.);
#2531 = EDGE_LOOP('',(#2532,#2542,#2550,#2558));
#2532 = ORIENTED_EDGE('',*,*,#2533,.F.);
#2533 = EDGE_CURVE('',#2534,#2536,#2538,.T.);
#2534 = VERTEX_POINT('',#2535);
#2535 = CARTESIAN_POINT('',(18.,53.,38.6));
#2536 = VERTEX_POINT('',#2537);
#2537 = CARTESIAN_POINT('',(18.,53.,42.6));
#2538 = LINE('',#2539,#2540);
#2539 = CARTESIAN_POINT('',(18.,53.,38.6));
#2540 = VECTOR('',#2541,1.);
#2541 = DIRECTION('',(0.,0.,1.));
#2542 = ORIENTED_EDGE('',*,*,#2543,.T.);
#2543 = EDGE_CURVE('',#2534,#2544,#2546,.T.);
#2544 = VERTEX_POINT('',#2545);
#2545 = CARTESIAN_POINT('',(18.,61.,38.6));
#2546 = LINE('',#2547,#2548);
#2547 = CARTESIAN_POINT('',(18.,53.,38.6));
#2548 = VECTOR('',#2549,1.);
#2549 = DIRECTION('',(-0.,1.,0.));
#2550 = ORIENTED_EDGE('',*,*,#2551,.T.);
#2551 = EDGE_CURVE('',#2544,#2552,#2554,.T.);
#2552 = VERTEX_POINT('',#2553);
#2553 = CARTESIAN_POINT('',(18.,61.,42.6));
#2554 = LINE('',#2555,#2556);
#2555 = CARTESIAN_POINT('',(18.,61.,38.6));
#2556 = VECTOR('',#2557,1.);
#2557 = DIRECTION('',(0.,0.,1.));
#2558 = ORIENTED_EDGE('',*,*,#2559,.F.);
#2559 = EDGE_CURVE('',#2536,#2552,#2560,.T.);
#2560 = LINE('',#2561,#2562);
#2561 = CARTESIAN_POINT('',(18.,53.,42.6));
#2562 = VECTOR('',#2563,1.);
#2563 = DIRECTION('',(-0.,1.,0.));
#2564 = PLANE('',#2565);
#2565 = AXIS2_PLACEMENT_3D('',#2566,#2567,#2568);
#2566 = CARTESIAN_POINT('',(18.,53.,38.6));
#2567 = DIRECTION('',(1.,0.,-0.));
#2568 = DIRECTION('',(0.,0.,1.));
#2569 = ADVANCED_FACE('',(#2570),#2604,.T.);
#2570 = FACE_BOUND('',#2571,.T.);
#2571 = EDGE_LOOP('',(#2572,#2582,#2590,#2598));
#2572 = ORIENTED_EDGE('',*,*,#2573,.F.);
#2573 = EDGE_CURVE('',#2574,#2576,#2578,.T.);
#2574 = VERTEX_POINT('',#2575);
#2575 = CARTESIAN_POINT('',(30.,53.,38.6));
#2576 = VERTEX_POINT('',#2577);
#2577 = CARTESIAN_POINT('',(30.,53.,42.6));
#2578 = LINE('',#2579,#2580);
#2579 = CARTESIAN_POINT('',(30.,53.,38.6));
#2580 = VECTOR('',#2581,1.);
#2581 = DIRECTION('',(0.,0.,1.));
#2582 = ORIENTED_EDGE('',*,*,#2583,.T.);
#2583 = EDGE_CURVE('',#2574,#2584,#2586,.T.);
#2584 = VERTEX_POINT('',#2585);
#2585 = CARTESIAN_POINT('',(30.,61.,38.6));
#2586 = LINE('',#2587,#2588);
#2587 = CARTESIAN_POINT('',(30.,53.,38.6));
#2588 = VECTOR('',#2589,1.);
#2589 = DIRECTION('',(-0.,1.,0.));
#2590 = ORIENTED_EDGE('',*,*,#2591,.T.);
#2591 = EDGE_CURVE('',#2584,#2592,#2594,.T.);
#2592 = VERTEX_POINT('',#2593);
#2593 = CARTESIAN_POINT('',(30.,61.,42.6));
#2594 = LINE('',#2595,#2596);
#2595 = CARTESIAN_POINT('',(30.,61.,38.6));
#2596 = VECTOR('',#2597,1.);
#2597 = DIRECTION('',(0.,0.,1.));
#2598 = ORIENTED_EDGE('',*,*,#2599,.F.);
#2599 = EDGE_CURVE('',#2576,#2592,#2600,.T.);
#2600 = LINE('',#2601,#2602);
#2601 = CARTESIAN_POINT('',(30.,53.,42.6));
#2602 = VECTOR('',#2603,1.);
#2603 = DIRECTION('',(-0.,1.,0.));
#2604 = PLANE('',#2605);
#2605 = AXIS2_PLACEMENT_3D('',#2606,#2607,#2608);
#2606 = CARTESIAN_POINT('',(30.,53.,38.6));
#2607 = DIRECTION('',(1.,0.,-0.));
#2608 = DIRECTION('',(0.,0.,1.));
#2609 = ADVANCED_FACE('',(#2610),#2626,.F.);
#2610 = FACE_BOUND('',#2611,.F.);
#2611 = EDGE_LOOP('',(#2612,#2618,#2619,#2625));
#2612 = ORIENTED_EDGE('',*,*,#2613,.F.);
#2613 = EDGE_CURVE('',#2534,#2574,#2614,.T.);
#2614 = LINE('',#2615,#2616);
#2615 = CARTESIAN_POINT('',(18.,53.,38.6));
#2616 = VECTOR('',#2617,1.);
#2617 = DIRECTION('',(1.,0.,-0.));
#2618 = ORIENTED_EDGE('',*,*,#2533,.T.);
#2619 = ORIENTED_EDGE('',*,*,#2620,.T.);
#2620 = EDGE_CURVE('',#2536,#2576,#2621,.T.);
#2621 = LINE('',#2622,#2623);
#2622 = CARTESIAN_POINT('',(18.,53.,42.6));
#2623 = VECTOR('',#2624,1.);
#2624 = DIRECTION('',(1.,0.,-0.));
#2625 = ORIENTED_EDGE('',*,*,#2573,.F.);
#2626 = PLANE('',#2627);
#2627 = AXIS2_PLACEMENT_3D('',#2628,#2629,#2630);
#2628 = CARTESIAN_POINT('',(18.,53.,38.6));
#2629 = DIRECTION('',(-0.,1.,0.));
#2630 = DIRECTION('',(0.,0.,1.));
#2631 = ADVANCED_FACE('',(#2632),#2648,.T.);
#2632 = FACE_BOUND('',#2633,.T.);
#2633 = EDGE_LOOP('',(#2634,#2640,#2641,#2647));
#2634 = ORIENTED_EDGE('',*,*,#2635,.F.);
#2635 = EDGE_CURVE('',#2544,#2584,#2636,.T.);
#2636 = LINE('',#2637,#2638);
#2637 = CARTESIAN_POINT('',(18.,61.,38.6));
#2638 = VECTOR('',#2639,1.);
#2639 = DIRECTION('',(1.,0.,-0.));
#2640 = ORIENTED_EDGE('',*,*,#2551,.T.);
#2641 = ORIENTED_EDGE('',*,*,#2642,.T.);
#2642 = EDGE_CURVE('',#2552,#2592,#2643,.T.);
#2643 = LINE('',#2644,#2645);
#2644 = CARTESIAN_POINT('',(18.,61.,42.6));
#2645 = VECTOR('',#2646,1.);
#2646 = DIRECTION('',(1.,0.,-0.));
#2647 = ORIENTED_EDGE('',*,*,#2591,.F.);
#2648 = PLANE('',#2649);
#2649 = AXIS2_PLACEMENT_3D('',#2650,#2651,#2652);
#2650 = CARTESIAN_POINT('',(18.,61.,38.6));
#2651 = DIRECTION('',(-0.,1.,0.));
#2652 = DIRECTION('',(0.,0.,1.));
#2653 = ADVANCED_FACE('',(#2654),#2660,.F.);
#2654 = FACE_BOUND('',#2655,.F.);
#2655 = EDGE_LOOP('',(#2656,#2657,#2658,#2659));
#2656 = ORIENTED_EDGE('',*,*,#2543,.F.);
#2657 = ORIENTED_EDGE('',*,*,#2613,.T.);
#2658 = ORIENTED_EDGE('',*,*,#2583,.T.);
#2659 = ORIENTED_EDGE('',*,*,#2635,.F.);
#2660 = PLANE('',#2661);
#2661 = AXIS2_PLACEMENT_3D('',#2662,#2663,#2664);
#2662 = CARTESIAN_POINT('',(18.,53.,38.6));
#2663 = DIRECTION('',(0.,0.,1.));
#2664 = DIRECTION('',(1.,0.,-0.));
#2665 = ADVANCED_FACE('',(#2666),#2672,.T.);
#2666 = FACE_BOUND('',#2667,.T.);
#2667 = EDGE_LOOP('',(#2668,#2669,#2670,#2671));
#2668 = ORIENTED_EDGE('',*,*,#2559,.F.);
#2669 = ORIENTED_EDGE('',*,*,#2620,.T.);
#2670 = ORIENTED_EDGE('',*,*,#2599,.T.);
#2671 = ORIENTED_EDGE('',*,*,#2642,.F.);
#2672 = PLANE('',#2673);
#2673 = AXIS2_PLACEMENT_3D('',#2674,#2675,#2676);
#2674 = CARTESIAN_POINT('',(18.,53.,42.6));
#2675 = DIRECTION('',(0.,0.,1.));
#2676 = DIRECTION('',(1.,0.,-0.));
#2677 = ( GEOMETRIC_REPRESENTATION_CONTEXT(3) 
GLOBAL_UNCERTAINTY_ASSIGNED_CONTEXT((#2681)) 
GLOBAL_UNIT_ASSIGNED_CONTEXT((#2678,#2679,#2680)) REPRESENTATION_CONTEXT
('Context #1','3D Context with UNIT and UNCERTAINTY') );
#2678 = ( LENGTH_UNIT() NAMED_UNIT(*) SI_UNIT(.MILLI.,.METRE.) );
#2679 = ( NAMED_UNIT(*) PLANE_ANGLE_UNIT() SI_UNIT($,.RADIAN.) );
#2680 = ( NAMED_UNIT(*) SI_UNIT($,.STERADIAN.) SOLID_ANGLE_UNIT() );
#2681 = UNCERTAINTY_MEASURE_WITH_UNIT(LENGTH_MEASURE(1.E-07),#2678,
  'distance_accuracy_value','confusion accuracy');
#2682 = CONTEXT_DEPENDENT_SHAPE_REPRESENTATION(#2683,#2685);
#2683 = ( REPRESENTATION_RELATIONSHIP('','',#2526,#10) 
REPRESENTATION_RELATIONSHIP_WITH_TRANSFORMATION(#2684) 
SHAPE_REPRESENTATION_RELATIONSHIP() );
#2684 = ITEM_DEFINED_TRANSFORMATION('','',#11,#71);
#2685 = PRODUCT_DEFINITION_SHAPE('Placement','Placement of an item',
  #2686);
#2686 = NEXT_ASSEMBLY_USAGE_OCCURRENCE('15','ESP_USB_ACCESS_18','',#5,
  #2521,$);
#2687 = PRODUCT_RELATED_PRODUCT_CATEGORY('part',$,(#2523));
#2688 = SHAPE_DEFINITION_REPRESENTATION(#2689,#2695);
#2689 = PRODUCT_DEFINITION_SHAPE('','',#2690);
#2690 = PRODUCT_DEFINITION('design','',#2691,#2694);
#2691 = PRODUCT_DEFINITION_FORMATION('','',#2692);
#2692 = PRODUCT('AMP_PLACEHOLDER_12','AMP_PLACEHOLDER_12','',(#2693));
#2693 = PRODUCT_CONTEXT('',#2,'mechanical');
#2694 = PRODUCT_DEFINITION_CONTEXT('part definition',#2,'design');
#2695 = ADVANCED_BREP_SHAPE_REPRESENTATION('',(#11,#2696),#2846);
#2696 = MANIFOLD_SOLID_BREP('',#2697);
#2697 = CLOSED_SHELL('',(#2698,#2738,#2778,#2800,#2822,#2834));
#2698 = ADVANCED_FACE('',(#2699),#2733,.F.);
#2699 = FACE_BOUND('',#2700,.F.);
#2700 = EDGE_LOOP('',(#2701,#2711,#2719,#2727));
#2701 = ORIENTED_EDGE('',*,*,#2702,.F.);
#2702 = EDGE_CURVE('',#2703,#2705,#2707,.T.);
#2703 = VERTEX_POINT('',#2704);
#2704 = CARTESIAN_POINT('',(43.,12.,34.));
#2705 = VERTEX_POINT('',#2706);
#2706 = CARTESIAN_POINT('',(43.,12.,39.));
#2707 = LINE('',#2708,#2709);
#2708 = CARTESIAN_POINT('',(43.,12.,34.));
#2709 = VECTOR('',#2710,1.);
#2710 = DIRECTION('',(0.,0.,1.));
#2711 = ORIENTED_EDGE('',*,*,#2712,.T.);
#2712 = EDGE_CURVE('',#2703,#2713,#2715,.T.);
#2713 = VERTEX_POINT('',#2714);
#2714 = CARTESIAN_POINT('',(43.,36.,34.));
#2715 = LINE('',#2716,#2717);
#2716 = CARTESIAN_POINT('',(43.,12.,34.));
#2717 = VECTOR('',#2718,1.);
#2718 = DIRECTION('',(-0.,1.,0.));
#2719 = ORIENTED_EDGE('',*,*,#2720,.T.);
#2720 = EDGE_CURVE('',#2713,#2721,#2723,.T.);
#2721 = VERTEX_POINT('',#2722);
#2722 = CARTESIAN_POINT('',(43.,36.,39.));
#2723 = LINE('',#2724,#2725);
#2724 = CARTESIAN_POINT('',(43.,36.,34.));
#2725 = VECTOR('',#2726,1.);
#2726 = DIRECTION('',(0.,0.,1.));
#2727 = ORIENTED_EDGE('',*,*,#2728,.F.);
#2728 = EDGE_CURVE('',#2705,#2721,#2729,.T.);
#2729 = LINE('',#2730,#2731);
#2730 = CARTESIAN_POINT('',(43.,12.,39.));
#2731 = VECTOR('',#2732,1.);
#2732 = DIRECTION('',(-0.,1.,0.));
#2733 = PLANE('',#2734);
#2734 = AXIS2_PLACEMENT_3D('',#2735,#2736,#2737);
#2735 = CARTESIAN_POINT('',(43.,12.,34.));
#2736 = DIRECTION('',(1.,0.,-0.));
#2737 = DIRECTION('',(0.,0.,1.));
#2738 = ADVANCED_FACE('',(#2739),#2773,.T.);
#2739 = FACE_BOUND('',#2740,.T.);
#2740 = EDGE_LOOP('',(#2741,#2751,#2759,#2767));
#2741 = ORIENTED_EDGE('',*,*,#2742,.F.);
#2742 = EDGE_CURVE('',#2743,#2745,#2747,.T.);
#2743 = VERTEX_POINT('',#2744);
#2744 = CARTESIAN_POINT('',(63.,12.,34.));
#2745 = VERTEX_POINT('',#2746);
#2746 = CARTESIAN_POINT('',(63.,12.,39.));
#2747 = LINE('',#2748,#2749);
#2748 = CARTESIAN_POINT('',(63.,12.,34.));
#2749 = VECTOR('',#2750,1.);
#2750 = DIRECTION('',(0.,0.,1.));
#2751 = ORIENTED_EDGE('',*,*,#2752,.T.);
#2752 = EDGE_CURVE('',#2743,#2753,#2755,.T.);
#2753 = VERTEX_POINT('',#2754);
#2754 = CARTESIAN_POINT('',(63.,36.,34.));
#2755 = LINE('',#2756,#2757);
#2756 = CARTESIAN_POINT('',(63.,12.,34.));
#2757 = VECTOR('',#2758,1.);
#2758 = DIRECTION('',(-0.,1.,0.));
#2759 = ORIENTED_EDGE('',*,*,#2760,.T.);
#2760 = EDGE_CURVE('',#2753,#2761,#2763,.T.);
#2761 = VERTEX_POINT('',#2762);
#2762 = CARTESIAN_POINT('',(63.,36.,39.));
#2763 = LINE('',#2764,#2765);
#2764 = CARTESIAN_POINT('',(63.,36.,34.));
#2765 = VECTOR('',#2766,1.);
#2766 = DIRECTION('',(0.,0.,1.));
#2767 = ORIENTED_EDGE('',*,*,#2768,.F.);
#2768 = EDGE_CURVE('',#2745,#2761,#2769,.T.);
#2769 = LINE('',#2770,#2771);
#2770 = CARTESIAN_POINT('',(63.,12.,39.));
#2771 = VECTOR('',#2772,1.);
#2772 = DIRECTION('',(-0.,1.,0.));
#2773 = PLANE('',#2774);
#2774 = AXIS2_PLACEMENT_3D('',#2775,#2776,#2777);
#2775 = CARTESIAN_POINT('',(63.,12.,34.));
#2776 = DIRECTION('',(1.,0.,-0.));
#2777 = DIRECTION('',(0.,0.,1.));
#2778 = ADVANCED_FACE('',(#2779),#2795,.F.);
#2779 = FACE_BOUND('',#2780,.F.);
#2780 = EDGE_LOOP('',(#2781,#2787,#2788,#2794));
#2781 = ORIENTED_EDGE('',*,*,#2782,.F.);
#2782 = EDGE_CURVE('',#2703,#2743,#2783,.T.);
#2783 = LINE('',#2784,#2785);
#2784 = CARTESIAN_POINT('',(43.,12.,34.));
#2785 = VECTOR('',#2786,1.);
#2786 = DIRECTION('',(1.,0.,-0.));
#2787 = ORIENTED_EDGE('',*,*,#2702,.T.);
#2788 = ORIENTED_EDGE('',*,*,#2789,.T.);
#2789 = EDGE_CURVE('',#2705,#2745,#2790,.T.);
#2790 = LINE('',#2791,#2792);
#2791 = CARTESIAN_POINT('',(43.,12.,39.));
#2792 = VECTOR('',#2793,1.);
#2793 = DIRECTION('',(1.,0.,-0.));
#2794 = ORIENTED_EDGE('',*,*,#2742,.F.);
#2795 = PLANE('',#2796);
#2796 = AXIS2_PLACEMENT_3D('',#2797,#2798,#2799);
#2797 = CARTESIAN_POINT('',(43.,12.,34.));
#2798 = DIRECTION('',(-0.,1.,0.));
#2799 = DIRECTION('',(0.,0.,1.));
#2800 = ADVANCED_FACE('',(#2801),#2817,.T.);
#2801 = FACE_BOUND('',#2802,.T.);
#2802 = EDGE_LOOP('',(#2803,#2809,#2810,#2816));
#2803 = ORIENTED_EDGE('',*,*,#2804,.F.);
#2804 = EDGE_CURVE('',#2713,#2753,#2805,.T.);
#2805 = LINE('',#2806,#2807);
#2806 = CARTESIAN_POINT('',(43.,36.,34.));
#2807 = VECTOR('',#2808,1.);
#2808 = DIRECTION('',(1.,0.,-0.));
#2809 = ORIENTED_EDGE('',*,*,#2720,.T.);
#2810 = ORIENTED_EDGE('',*,*,#2811,.T.);
#2811 = EDGE_CURVE('',#2721,#2761,#2812,.T.);
#2812 = LINE('',#2813,#2814);
#2813 = CARTESIAN_POINT('',(43.,36.,39.));
#2814 = VECTOR('',#2815,1.);
#2815 = DIRECTION('',(1.,0.,-0.));
#2816 = ORIENTED_EDGE('',*,*,#2760,.F.);
#2817 = PLANE('',#2818);
#2818 = AXIS2_PLACEMENT_3D('',#2819,#2820,#2821);
#2819 = CARTESIAN_POINT('',(43.,36.,34.));
#2820 = DIRECTION('',(-0.,1.,0.));
#2821 = DIRECTION('',(0.,0.,1.));
#2822 = ADVANCED_FACE('',(#2823),#2829,.F.);
#2823 = FACE_BOUND('',#2824,.F.);
#2824 = EDGE_LOOP('',(#2825,#2826,#2827,#2828));
#2825 = ORIENTED_EDGE('',*,*,#2712,.F.);
#2826 = ORIENTED_EDGE('',*,*,#2782,.T.);
#2827 = ORIENTED_EDGE('',*,*,#2752,.T.);
#2828 = ORIENTED_EDGE('',*,*,#2804,.F.);
#2829 = PLANE('',#2830);
#2830 = AXIS2_PLACEMENT_3D('',#2831,#2832,#2833);
#2831 = CARTESIAN_POINT('',(43.,12.,34.));
#2832 = DIRECTION('',(0.,0.,1.));
#2833 = DIRECTION('',(1.,0.,-0.));
#2834 = ADVANCED_FACE('',(#2835),#2841,.T.);
#2835 = FACE_BOUND('',#2836,.T.);
#2836 = EDGE_LOOP('',(#2837,#2838,#2839,#2840));
#2837 = ORIENTED_EDGE('',*,*,#2728,.F.);
#2838 = ORIENTED_EDGE('',*,*,#2789,.T.);
#2839 = ORIENTED_EDGE('',*,*,#2768,.T.);
#2840 = ORIENTED_EDGE('',*,*,#2811,.F.);
#2841 = PLANE('',#2842);
#2842 = AXIS2_PLACEMENT_3D('',#2843,#2844,#2845);
#2843 = CARTESIAN_POINT('',(43.,12.,39.));
#2844 = DIRECTION('',(0.,0.,1.));
#2845 = DIRECTION('',(1.,0.,-0.));
#2846 = ( GEOMETRIC_REPRESENTATION_CONTEXT(3) 
GLOBAL_UNCERTAINTY_ASSIGNED_CONTEXT((#2850)) 
GLOBAL_UNIT_ASSIGNED_CONTEXT((#2847,#2848,#2849)) REPRESENTATION_CONTEXT
('Context #1','3D Context with UNIT and UNCERTAINTY') );
#2847 = ( LENGTH_UNIT() NAMED_UNIT(*) SI_UNIT(.MILLI.,.METRE.) );
#2848 = ( NAMED_UNIT(*) PLANE_ANGLE_UNIT() SI_UNIT($,.RADIAN.) );
#2849 = ( NAMED_UNIT(*) SI_UNIT($,.STERADIAN.) SOLID_ANGLE_UNIT() );
#2850 = UNCERTAINTY_MEASURE_WITH_UNIT(LENGTH_MEASURE(1.E-07),#2847,
  'distance_accuracy_value','confusion accuracy');
#2851 = CONTEXT_DEPENDENT_SHAPE_REPRESENTATION(#2852,#2854);
#2852 = ( REPRESENTATION_RELATIONSHIP('','',#2695,#10) 
REPRESENTATION_RELATIONSHIP_WITH_TRANSFORMATION(#2853) 
SHAPE_REPRESENTATION_RELATIONSHIP() );
#2853 = ITEM_DEFINED_TRANSFORMATION('','',#11,#75);
#2854 = PRODUCT_DEFINITION_SHAPE('Placement','Placement of an item',
  #2855);
#2855 = NEXT_ASSEMBLY_USAGE_OCCURRENCE('16','AMP_PLACEHOLDER_12','',#5,
  #2690,$);
#2856 = PRODUCT_RELATED_PRODUCT_CATEGORY('part',$,(#2692));
#2857 = SHAPE_DEFINITION_REPRESENTATION(#2858,#2864);
#2858 = PRODUCT_DEFINITION_SHAPE('','',#2859);
#2859 = PRODUCT_DEFINITION('design','',#2860,#2863);
#2860 = PRODUCT_DEFINITION_FORMATION('','',#2861);
#2861 = PRODUCT('AMP_PLACEHOLDER_43','AMP_PLACEHOLDER_43','',(#2862));
#2862 = PRODUCT_CONTEXT('',#2,'mechanical');
#2863 = PRODUCT_DEFINITION_CONTEXT('part definition',#2,'design');
#2864 = ADVANCED_BREP_SHAPE_REPRESENTATION('',(#11,#2865),#3015);
#2865 = MANIFOLD_SOLID_BREP('',#2866);
#2866 = CLOSED_SHELL('',(#2867,#2907,#2947,#2969,#2991,#3003));
#2867 = ADVANCED_FACE('',(#2868),#2902,.F.);
#2868 = FACE_BOUND('',#2869,.F.);
#2869 = EDGE_LOOP('',(#2870,#2880,#2888,#2896));
#2870 = ORIENTED_EDGE('',*,*,#2871,.F.);
#2871 = EDGE_CURVE('',#2872,#2874,#2876,.T.);
#2872 = VERTEX_POINT('',#2873);
#2873 = CARTESIAN_POINT('',(43.,43.,34.));
#2874 = VERTEX_POINT('',#2875);
#2875 = CARTESIAN_POINT('',(43.,43.,39.));
#2876 = LINE('',#2877,#2878);
#2877 = CARTESIAN_POINT('',(43.,43.,34.));
#2878 = VECTOR('',#2879,1.);
#2879 = DIRECTION('',(0.,0.,1.));
#2880 = ORIENTED_EDGE('',*,*,#2881,.T.);
#2881 = EDGE_CURVE('',#2872,#2882,#2884,.T.);
#2882 = VERTEX_POINT('',#2883);
#2883 = CARTESIAN_POINT('',(43.,67.,34.));
#2884 = LINE('',#2885,#2886);
#2885 = CARTESIAN_POINT('',(43.,43.,34.));
#2886 = VECTOR('',#2887,1.);
#2887 = DIRECTION('',(-0.,1.,0.));
#2888 = ORIENTED_EDGE('',*,*,#2889,.T.);
#2889 = EDGE_CURVE('',#2882,#2890,#2892,.T.);
#2890 = VERTEX_POINT('',#2891);
#2891 = CARTESIAN_POINT('',(43.,67.,39.));
#2892 = LINE('',#2893,#2894);
#2893 = CARTESIAN_POINT('',(43.,67.,34.));
#2894 = VECTOR('',#2895,1.);
#2895 = DIRECTION('',(0.,0.,1.));
#2896 = ORIENTED_EDGE('',*,*,#2897,.F.);
#2897 = EDGE_CURVE('',#2874,#2890,#2898,.T.);
#2898 = LINE('',#2899,#2900);
#2899 = CARTESIAN_POINT('',(43.,43.,39.));
#2900 = VECTOR('',#2901,1.);
#2901 = DIRECTION('',(-0.,1.,0.));
#2902 = PLANE('',#2903);
#2903 = AXIS2_PLACEMENT_3D('',#2904,#2905,#2906);
#2904 = CARTESIAN_POINT('',(43.,43.,34.));
#2905 = DIRECTION('',(1.,0.,-0.));
#2906 = DIRECTION('',(0.,0.,1.));
#2907 = ADVANCED_FACE('',(#2908),#2942,.T.);
#2908 = FACE_BOUND('',#2909,.T.);
#2909 = EDGE_LOOP('',(#2910,#2920,#2928,#2936));
#2910 = ORIENTED_EDGE('',*,*,#2911,.F.);
#2911 = EDGE_CURVE('',#2912,#2914,#2916,.T.);
#2912 = VERTEX_POINT('',#2913);
#2913 = CARTESIAN_POINT('',(63.,43.,34.));
#2914 = VERTEX_POINT('',#2915);
#2915 = CARTESIAN_POINT('',(63.,43.,39.));
#2916 = LINE('',#2917,#2918);
#2917 = CARTESIAN_POINT('',(63.,43.,34.));
#2918 = VECTOR('',#2919,1.);
#2919 = DIRECTION('',(0.,0.,1.));
#2920 = ORIENTED_EDGE('',*,*,#2921,.T.);
#2921 = EDGE_CURVE('',#2912,#2922,#2924,.T.);
#2922 = VERTEX_POINT('',#2923);
#2923 = CARTESIAN_POINT('',(63.,67.,34.));
#2924 = LINE('',#2925,#2926);
#2925 = CARTESIAN_POINT('',(63.,43.,34.));
#2926 = VECTOR('',#2927,1.);
#2927 = DIRECTION('',(-0.,1.,0.));
#2928 = ORIENTED_EDGE('',*,*,#2929,.T.);
#2929 = EDGE_CURVE('',#2922,#2930,#2932,.T.);
#2930 = VERTEX_POINT('',#2931);
#2931 = CARTESIAN_POINT('',(63.,67.,39.));
#2932 = LINE('',#2933,#2934);
#2933 = CARTESIAN_POINT('',(63.,67.,34.));
#2934 = VECTOR('',#2935,1.);
#2935 = DIRECTION('',(0.,0.,1.));
#2936 = ORIENTED_EDGE('',*,*,#2937,.F.);
#2937 = EDGE_CURVE('',#2914,#2930,#2938,.T.);
#2938 = LINE('',#2939,#2940);
#2939 = CARTESIAN_POINT('',(63.,43.,39.));
#2940 = VECTOR('',#2941,1.);
#2941 = DIRECTION('',(-0.,1.,0.));
#2942 = PLANE('',#2943);
#2943 = AXIS2_PLACEMENT_3D('',#2944,#2945,#2946);
#2944 = CARTESIAN_POINT('',(63.,43.,34.));
#2945 = DIRECTION('',(1.,0.,-0.));
#2946 = DIRECTION('',(0.,0.,1.));
#2947 = ADVANCED_FACE('',(#2948),#2964,.F.);
#2948 = FACE_BOUND('',#2949,.F.);
#2949 = EDGE_LOOP('',(#2950,#2956,#2957,#2963));
#2950 = ORIENTED_EDGE('',*,*,#2951,.F.);
#2951 = EDGE_CURVE('',#2872,#2912,#2952,.T.);
#2952 = LINE('',#2953,#2954);
#2953 = CARTESIAN_POINT('',(43.,43.,34.));
#2954 = VECTOR('',#2955,1.);
#2955 = DIRECTION('',(1.,0.,-0.));
#2956 = ORIENTED_EDGE('',*,*,#2871,.T.);
#2957 = ORIENTED_EDGE('',*,*,#2958,.T.);
#2958 = EDGE_CURVE('',#2874,#2914,#2959,.T.);
#2959 = LINE('',#2960,#2961);
#2960 = CARTESIAN_POINT('',(43.,43.,39.));
#2961 = VECTOR('',#2962,1.);
#2962 = DIRECTION('',(1.,0.,-0.));
#2963 = ORIENTED_EDGE('',*,*,#2911,.F.);
#2964 = PLANE('',#2965);
#2965 = AXIS2_PLACEMENT_3D('',#2966,#2967,#2968);
#2966 = CARTESIAN_POINT('',(43.,43.,34.));
#2967 = DIRECTION('',(-0.,1.,0.));
#2968 = DIRECTION('',(0.,0.,1.));
#2969 = ADVANCED_FACE('',(#2970),#2986,.T.);
#2970 = FACE_BOUND('',#2971,.T.);
#2971 = EDGE_LOOP('',(#2972,#2978,#2979,#2985));
#2972 = ORIENTED_EDGE('',*,*,#2973,.F.);
#2973 = EDGE_CURVE('',#2882,#2922,#2974,.T.);
#2974 = LINE('',#2975,#2976);
#2975 = CARTESIAN_POINT('',(43.,67.,34.));
#2976 = VECTOR('',#2977,1.);
#2977 = DIRECTION('',(1.,0.,-0.));
#2978 = ORIENTED_EDGE('',*,*,#2889,.T.);
#2979 = ORIENTED_EDGE('',*,*,#2980,.T.);
#2980 = EDGE_CURVE('',#2890,#2930,#2981,.T.);
#2981 = LINE('',#2982,#2983);
#2982 = CARTESIAN_POINT('',(43.,67.,39.));
#2983 = VECTOR('',#2984,1.);
#2984 = DIRECTION('',(1.,0.,-0.));
#2985 = ORIENTED_EDGE('',*,*,#2929,.F.);
#2986 = PLANE('',#2987);
#2987 = AXIS2_PLACEMENT_3D('',#2988,#2989,#2990);
#2988 = CARTESIAN_POINT('',(43.,67.,34.));
#2989 = DIRECTION('',(-0.,1.,0.));
#2990 = DIRECTION('',(0.,0.,1.));
#2991 = ADVANCED_FACE('',(#2992),#2998,.F.);
#2992 = FACE_BOUND('',#2993,.F.);
#2993 = EDGE_LOOP('',(#2994,#2995,#2996,#2997));
#2994 = ORIENTED_EDGE('',*,*,#2881,.F.);
#2995 = ORIENTED_EDGE('',*,*,#2951,.T.);
#2996 = ORIENTED_EDGE('',*,*,#2921,.T.);
#2997 = ORIENTED_EDGE('',*,*,#2973,.F.);
#2998 = PLANE('',#2999);
#2999 = AXIS2_PLACEMENT_3D('',#3000,#3001,#3002);
#3000 = CARTESIAN_POINT('',(43.,43.,34.));
#3001 = DIRECTION('',(0.,0.,1.));
#3002 = DIRECTION('',(1.,0.,-0.));
#3003 = ADVANCED_FACE('',(#3004),#3010,.T.);
#3004 = FACE_BOUND('',#3005,.T.);
#3005 = EDGE_LOOP('',(#3006,#3007,#3008,#3009));
#3006 = ORIENTED_EDGE('',*,*,#2897,.F.);
#3007 = ORIENTED_EDGE('',*,*,#2958,.T.);
#3008 = ORIENTED_EDGE('',*,*,#2937,.T.);
#3009 = ORIENTED_EDGE('',*,*,#2980,.F.);
#3010 = PLANE('',#3011);
#3011 = AXIS2_PLACEMENT_3D('',#3012,#3013,#3014);
#3012 = CARTESIAN_POINT('',(43.,43.,39.));
#3013 = DIRECTION('',(0.,0.,1.));
#3014 = DIRECTION('',(1.,0.,-0.));
#3015 = ( GEOMETRIC_REPRESENTATION_CONTEXT(3) 
GLOBAL_UNCERTAINTY_ASSIGNED_CONTEXT((#3019)) 
GLOBAL_UNIT_ASSIGNED_CONTEXT((#3016,#3017,#3018)) REPRESENTATION_CONTEXT
('Context #1','3D Context with UNIT and UNCERTAINTY') );
#3016 = ( LENGTH_UNIT() NAMED_UNIT(*) SI_UNIT(.MILLI.,.METRE.) );
#3017 = ( NAMED_UNIT(*) PLANE_ANGLE_UNIT() SI_UNIT($,.RADIAN.) );
#3018 = ( NAMED_UNIT(*) SI_UNIT($,.STERADIAN.) SOLID_ANGLE_UNIT() );
#3019 = UNCERTAINTY_MEASURE_WITH_UNIT(LENGTH_MEASURE(1.E-07),#3016,
  'distance_accuracy_value','confusion accuracy');
#3020 = CONTEXT_DEPENDENT_SHAPE_REPRESENTATION(#3021,#3023);
#3021 = ( REPRESENTATION_RELATIONSHIP('','',#2864,#10) 
REPRESENTATION_RELATIONSHIP_WITH_TRANSFORMATION(#3022) 
SHAPE_REPRESENTATION_RELATIONSHIP() );
#3022 = ITEM_DEFINED_TRANSFORMATION('','',#11,#79);
#3023 = PRODUCT_DEFINITION_SHAPE('Placement','Placement of an item',
  #3024);
#3024 = NEXT_ASSEMBLY_USAGE_OCCURRENCE('17','AMP_PLACEHOLDER_43','',#5,
  #2859,$);
#3025 = PRODUCT_RELATED_PRODUCT_CATEGORY('part',$,(#2861));
#3026 = SHAPE_DEFINITION_REPRESENTATION(#3027,#3033);
#3027 = PRODUCT_DEFINITION_SHAPE('','',#3028);
#3028 = PRODUCT_DEFINITION('design','',#3029,#3032);
#3029 = PRODUCT_DEFINITION_FORMATION('','',#3030);
#3030 = PRODUCT('ISOLATED_POWER_BANK_GND','ISOLATED_POWER_BANK_GND','',(
    #3031));
#3031 = PRODUCT_CONTEXT('',#2,'mechanical');
#3032 = PRODUCT_DEFINITION_CONTEXT('part definition',#2,'design');
#3033 = ADVANCED_BREP_SHAPE_REPRESENTATION('',(#11,#3034),#3184);
#3034 = MANIFOLD_SOLID_BREP('',#3035);
#3035 = CLOSED_SHELL('',(#3036,#3076,#3116,#3138,#3160,#3172));
#3036 = ADVANCED_FACE('',(#3037),#3071,.F.);
#3037 = FACE_BOUND('',#3038,.F.);
#3038 = EDGE_LOOP('',(#3039,#3049,#3057,#3065));
#3039 = ORIENTED_EDGE('',*,*,#3040,.F.);
#3040 = EDGE_CURVE('',#3041,#3043,#3045,.T.);
#3041 = VERTEX_POINT('',#3042);
#3042 = CARTESIAN_POINT('',(3.,1.,33.));
#3043 = VERTEX_POINT('',#3044);
#3044 = CARTESIAN_POINT('',(3.,1.,40.));
#3045 = LINE('',#3046,#3047);
#3046 = CARTESIAN_POINT('',(3.,1.,33.));
#3047 = VECTOR('',#3048,1.);
#3048 = DIRECTION('',(0.,0.,1.));
#3049 = ORIENTED_EDGE('',*,*,#3050,.T.);
#3050 = EDGE_CURVE('',#3041,#3051,#3053,.T.);
#3051 = VERTEX_POINT('',#3052);
#3052 = CARTESIAN_POINT('',(3.,9.,33.));
#3053 = LINE('',#3054,#3055);
#3054 = CARTESIAN_POINT('',(3.,1.,33.));
#3055 = VECTOR('',#3056,1.);
#3056 = DIRECTION('',(-0.,1.,0.));
#3057 = ORIENTED_EDGE('',*,*,#3058,.T.);
#3058 = EDGE_CURVE('',#3051,#3059,#3061,.T.);
#3059 = VERTEX_POINT('',#3060);
#3060 = CARTESIAN_POINT('',(3.,9.,40.));
#3061 = LINE('',#3062,#3063);
#3062 = CARTESIAN_POINT('',(3.,9.,33.));
#3063 = VECTOR('',#3064,1.);
#3064 = DIRECTION('',(0.,0.,1.));
#3065 = ORIENTED_EDGE('',*,*,#3066,.F.);
#3066 = EDGE_CURVE('',#3043,#3059,#3067,.T.);
#3067 = LINE('',#3068,#3069);
#3068 = CARTESIAN_POINT('',(3.,1.,40.));
#3069 = VECTOR('',#3070,1.);
#3070 = DIRECTION('',(-0.,1.,0.));
#3071 = PLANE('',#3072);
#3072 = AXIS2_PLACEMENT_3D('',#3073,#3074,#3075);
#3073 = CARTESIAN_POINT('',(3.,1.,33.));
#3074 = DIRECTION('',(1.,0.,-0.));
#3075 = DIRECTION('',(0.,0.,1.));
#3076 = ADVANCED_FACE('',(#3077),#3111,.T.);
#3077 = FACE_BOUND('',#3078,.T.);
#3078 = EDGE_LOOP('',(#3079,#3089,#3097,#3105));
#3079 = ORIENTED_EDGE('',*,*,#3080,.F.);
#3080 = EDGE_CURVE('',#3081,#3083,#3085,.T.);
#3081 = VERTEX_POINT('',#3082);
#3082 = CARTESIAN_POINT('',(13.,1.,33.));
#3083 = VERTEX_POINT('',#3084);
#3084 = CARTESIAN_POINT('',(13.,1.,40.));
#3085 = LINE('',#3086,#3087);
#3086 = CARTESIAN_POINT('',(13.,1.,33.));
#3087 = VECTOR('',#3088,1.);
#3088 = DIRECTION('',(0.,0.,1.));
#3089 = ORIENTED_EDGE('',*,*,#3090,.T.);
#3090 = EDGE_CURVE('',#3081,#3091,#3093,.T.);
#3091 = VERTEX_POINT('',#3092);
#3092 = CARTESIAN_POINT('',(13.,9.,33.));
#3093 = LINE('',#3094,#3095);
#3094 = CARTESIAN_POINT('',(13.,1.,33.));
#3095 = VECTOR('',#3096,1.);
#3096 = DIRECTION('',(-0.,1.,0.));
#3097 = ORIENTED_EDGE('',*,*,#3098,.T.);
#3098 = EDGE_CURVE('',#3091,#3099,#3101,.T.);
#3099 = VERTEX_POINT('',#3100);
#3100 = CARTESIAN_POINT('',(13.,9.,40.));
#3101 = LINE('',#3102,#3103);
#3102 = CARTESIAN_POINT('',(13.,9.,33.));
#3103 = VECTOR('',#3104,1.);
#3104 = DIRECTION('',(0.,0.,1.));
#3105 = ORIENTED_EDGE('',*,*,#3106,.F.);
#3106 = EDGE_CURVE('',#3083,#3099,#3107,.T.);
#3107 = LINE('',#3108,#3109);
#3108 = CARTESIAN_POINT('',(13.,1.,40.));
#3109 = VECTOR('',#3110,1.);
#3110 = DIRECTION('',(-0.,1.,0.));
#3111 = PLANE('',#3112);
#3112 = AXIS2_PLACEMENT_3D('',#3113,#3114,#3115);
#3113 = CARTESIAN_POINT('',(13.,1.,33.));
#3114 = DIRECTION('',(1.,0.,-0.));
#3115 = DIRECTION('',(0.,0.,1.));
#3116 = ADVANCED_FACE('',(#3117),#3133,.F.);
#3117 = FACE_BOUND('',#3118,.F.);
#3118 = EDGE_LOOP('',(#3119,#3125,#3126,#3132));
#3119 = ORIENTED_EDGE('',*,*,#3120,.F.);
#3120 = EDGE_CURVE('',#3041,#3081,#3121,.T.);
#3121 = LINE('',#3122,#3123);
#3122 = CARTESIAN_POINT('',(3.,1.,33.));
#3123 = VECTOR('',#3124,1.);
#3124 = DIRECTION('',(1.,0.,-0.));
#3125 = ORIENTED_EDGE('',*,*,#3040,.T.);
#3126 = ORIENTED_EDGE('',*,*,#3127,.T.);
#3127 = EDGE_CURVE('',#3043,#3083,#3128,.T.);
#3128 = LINE('',#3129,#3130);
#3129 = CARTESIAN_POINT('',(3.,1.,40.));
#3130 = VECTOR('',#3131,1.);
#3131 = DIRECTION('',(1.,0.,-0.));
#3132 = ORIENTED_EDGE('',*,*,#3080,.F.);
#3133 = PLANE('',#3134);
#3134 = AXIS2_PLACEMENT_3D('',#3135,#3136,#3137);
#3135 = CARTESIAN_POINT('',(3.,1.,33.));
#3136 = DIRECTION('',(-0.,1.,0.));
#3137 = DIRECTION('',(0.,0.,1.));
#3138 = ADVANCED_FACE('',(#3139),#3155,.T.);
#3139 = FACE_BOUND('',#3140,.T.);
#3140 = EDGE_LOOP('',(#3141,#3147,#3148,#3154));
#3141 = ORIENTED_EDGE('',*,*,#3142,.F.);
#3142 = EDGE_CURVE('',#3051,#3091,#3143,.T.);
#3143 = LINE('',#3144,#3145);
#3144 = CARTESIAN_POINT('',(3.,9.,33.));
#3145 = VECTOR('',#3146,1.);
#3146 = DIRECTION('',(1.,0.,-0.));
#3147 = ORIENTED_EDGE('',*,*,#3058,.T.);
#3148 = ORIENTED_EDGE('',*,*,#3149,.T.);
#3149 = EDGE_CURVE('',#3059,#3099,#3150,.T.);
#3150 = LINE('',#3151,#3152);
#3151 = CARTESIAN_POINT('',(3.,9.,40.));
#3152 = VECTOR('',#3153,1.);
#3153 = DIRECTION('',(1.,0.,-0.));
#3154 = ORIENTED_EDGE('',*,*,#3098,.F.);
#3155 = PLANE('',#3156);
#3156 = AXIS2_PLACEMENT_3D('',#3157,#3158,#3159);
#3157 = CARTESIAN_POINT('',(3.,9.,33.));
#3158 = DIRECTION('',(-0.,1.,0.));
#3159 = DIRECTION('',(0.,0.,1.));
#3160 = ADVANCED_FACE('',(#3161),#3167,.F.);
#3161 = FACE_BOUND('',#3162,.F.);
#3162 = EDGE_LOOP('',(#3163,#3164,#3165,#3166));
#3163 = ORIENTED_EDGE('',*,*,#3050,.F.);
#3164 = ORIENTED_EDGE('',*,*,#3120,.T.);
#3165 = ORIENTED_EDGE('',*,*,#3090,.T.);
#3166 = ORIENTED_EDGE('',*,*,#3142,.F.);
#3167 = PLANE('',#3168);
#3168 = AXIS2_PLACEMENT_3D('',#3169,#3170,#3171);
#3169 = CARTESIAN_POINT('',(3.,1.,33.));
#3170 = DIRECTION('',(0.,0.,1.));
#3171 = DIRECTION('',(1.,0.,-0.));
#3172 = ADVANCED_FACE('',(#3173),#3179,.T.);
#3173 = FACE_BOUND('',#3174,.T.);
#3174 = EDGE_LOOP('',(#3175,#3176,#3177,#3178));
#3175 = ORIENTED_EDGE('',*,*,#3066,.F.);
#3176 = ORIENTED_EDGE('',*,*,#3127,.T.);
#3177 = ORIENTED_EDGE('',*,*,#3106,.T.);
#3178 = ORIENTED_EDGE('',*,*,#3149,.F.);
#3179 = PLANE('',#3180);
#3180 = AXIS2_PLACEMENT_3D('',#3181,#3182,#3183);
#3181 = CARTESIAN_POINT('',(3.,1.,40.));
#3182 = DIRECTION('',(0.,0.,1.));
#3183 = DIRECTION('',(1.,0.,-0.));
#3184 = ( GEOMETRIC_REPRESENTATION_CONTEXT(3) 
GLOBAL_UNCERTAINTY_ASSIGNED_CONTEXT((#3188)) 
GLOBAL_UNIT_ASSIGNED_CONTEXT((#3185,#3186,#3187)) REPRESENTATION_CONTEXT
('Context #1','3D Context with UNIT and UNCERTAINTY') );
#3185 = ( LENGTH_UNIT() NAMED_UNIT(*) SI_UNIT(.MILLI.,.METRE.) );
#3186 = ( NAMED_UNIT(*) PLANE_ANGLE_UNIT() SI_UNIT($,.RADIAN.) );
#3187 = ( NAMED_UNIT(*) SI_UNIT($,.STERADIAN.) SOLID_ANGLE_UNIT() );
#3188 = UNCERTAINTY_MEASURE_WITH_UNIT(LENGTH_MEASURE(1.E-07),#3185,
  'distance_accuracy_value','confusion accuracy');
#3189 = CONTEXT_DEPENDENT_SHAPE_REPRESENTATION(#3190,#3192);
#3190 = ( REPRESENTATION_RELATIONSHIP('','',#3033,#10) 
REPRESENTATION_RELATIONSHIP_WITH_TRANSFORMATION(#3191) 
SHAPE_REPRESENTATION_RELATIONSHIP() );
#3191 = ITEM_DEFINED_TRANSFORMATION('','',#11,#83);
#3192 = PRODUCT_DEFINITION_SHAPE('Placement','Placement of an item',
  #3193);
#3193 = NEXT_ASSEMBLY_USAGE_OCCURRENCE('18','ISOLATED_POWER_BANK_GND',''
  ,#5,#3028,$);
#3194 = PRODUCT_RELATED_PRODUCT_CATEGORY('part',$,(#3030));
#3195 = SHAPE_DEFINITION_REPRESENTATION(#3196,#3202);
#3196 = PRODUCT_DEFINITION_SHAPE('','',#3197);
#3197 = PRODUCT_DEFINITION('design','',#3198,#3201);
#3198 = PRODUCT_DEFINITION_FORMATION('','',#3199);
#3199 = PRODUCT('ISOLATED_POWER_BANK_VBAT','ISOLATED_POWER_BANK_VBAT',''
  ,(#3200));
#3200 = PRODUCT_CONTEXT('',#2,'mechanical');
#3201 = PRODUCT_DEFINITION_CONTEXT('part definition',#2,'design');
#3202 = ADVANCED_BREP_SHAPE_REPRESENTATION('',(#11,#3203),#3353);
#3203 = MANIFOLD_SOLID_BREP('',#3204);
#3204 = CLOSED_SHELL('',(#3205,#3245,#3285,#3307,#3329,#3341));
#3205 = ADVANCED_FACE('',(#3206),#3240,.F.);
#3206 = FACE_BOUND('',#3207,.F.);
#3207 = EDGE_LOOP('',(#3208,#3218,#3226,#3234));
#3208 = ORIENTED_EDGE('',*,*,#3209,.F.);
#3209 = EDGE_CURVE('',#3210,#3212,#3214,.T.);
#3210 = VERTEX_POINT('',#3211);
#3211 = CARTESIAN_POINT('',(16.,1.,33.));
#3212 = VERTEX_POINT('',#3213);
#3213 = CARTESIAN_POINT('',(16.,1.,40.));
#3214 = LINE('',#3215,#3216);
#3215 = CARTESIAN_POINT('',(16.,1.,33.));
#3216 = VECTOR('',#3217,1.);
#3217 = DIRECTION('',(0.,0.,1.));
#3218 = ORIENTED_EDGE('',*,*,#3219,.T.);
#3219 = EDGE_CURVE('',#3210,#3220,#3222,.T.);
#3220 = VERTEX_POINT('',#3221);
#3221 = CARTESIAN_POINT('',(16.,9.,33.));
#3222 = LINE('',#3223,#3224);
#3223 = CARTESIAN_POINT('',(16.,1.,33.));
#3224 = VECTOR('',#3225,1.);
#3225 = DIRECTION('',(-0.,1.,0.));
#3226 = ORIENTED_EDGE('',*,*,#3227,.T.);
#3227 = EDGE_CURVE('',#3220,#3228,#3230,.T.);
#3228 = VERTEX_POINT('',#3229);
#3229 = CARTESIAN_POINT('',(16.,9.,40.));
#3230 = LINE('',#3231,#3232);
#3231 = CARTESIAN_POINT('',(16.,9.,33.));
#3232 = VECTOR('',#3233,1.);
#3233 = DIRECTION('',(0.,0.,1.));
#3234 = ORIENTED_EDGE('',*,*,#3235,.F.);
#3235 = EDGE_CURVE('',#3212,#3228,#3236,.T.);
#3236 = LINE('',#3237,#3238);
#3237 = CARTESIAN_POINT('',(16.,1.,40.));
#3238 = VECTOR('',#3239,1.);
#3239 = DIRECTION('',(-0.,1.,0.));
#3240 = PLANE('',#3241);
#3241 = AXIS2_PLACEMENT_3D('',#3242,#3243,#3244);
#3242 = CARTESIAN_POINT('',(16.,1.,33.));
#3243 = DIRECTION('',(1.,0.,-0.));
#3244 = DIRECTION('',(0.,0.,1.));
#3245 = ADVANCED_FACE('',(#3246),#3280,.T.);
#3246 = FACE_BOUND('',#3247,.T.);
#3247 = EDGE_LOOP('',(#3248,#3258,#3266,#3274));
#3248 = ORIENTED_EDGE('',*,*,#3249,.F.);
#3249 = EDGE_CURVE('',#3250,#3252,#3254,.T.);
#3250 = VERTEX_POINT('',#3251);
#3251 = CARTESIAN_POINT('',(26.,1.,33.));
#3252 = VERTEX_POINT('',#3253);
#3253 = CARTESIAN_POINT('',(26.,1.,40.));
#3254 = LINE('',#3255,#3256);
#3255 = CARTESIAN_POINT('',(26.,1.,33.));
#3256 = VECTOR('',#3257,1.);
#3257 = DIRECTION('',(0.,0.,1.));
#3258 = ORIENTED_EDGE('',*,*,#3259,.T.);
#3259 = EDGE_CURVE('',#3250,#3260,#3262,.T.);
#3260 = VERTEX_POINT('',#3261);
#3261 = CARTESIAN_POINT('',(26.,9.,33.));
#3262 = LINE('',#3263,#3264);
#3263 = CARTESIAN_POINT('',(26.,1.,33.));
#3264 = VECTOR('',#3265,1.);
#3265 = DIRECTION('',(-0.,1.,0.));
#3266 = ORIENTED_EDGE('',*,*,#3267,.T.);
#3267 = EDGE_CURVE('',#3260,#3268,#3270,.T.);
#3268 = VERTEX_POINT('',#3269);
#3269 = CARTESIAN_POINT('',(26.,9.,40.));
#3270 = LINE('',#3271,#3272);
#3271 = CARTESIAN_POINT('',(26.,9.,33.));
#3272 = VECTOR('',#3273,1.);
#3273 = DIRECTION('',(0.,0.,1.));
#3274 = ORIENTED_EDGE('',*,*,#3275,.F.);
#3275 = EDGE_CURVE('',#3252,#3268,#3276,.T.);
#3276 = LINE('',#3277,#3278);
#3277 = CARTESIAN_POINT('',(26.,1.,40.));
#3278 = VECTOR('',#3279,1.);
#3279 = DIRECTION('',(-0.,1.,0.));
#3280 = PLANE('',#3281);
#3281 = AXIS2_PLACEMENT_3D('',#3282,#3283,#3284);
#3282 = CARTESIAN_POINT('',(26.,1.,33.));
#3283 = DIRECTION('',(1.,0.,-0.));
#3284 = DIRECTION('',(0.,0.,1.));
#3285 = ADVANCED_FACE('',(#3286),#3302,.F.);
#3286 = FACE_BOUND('',#3287,.F.);
#3287 = EDGE_LOOP('',(#3288,#3294,#3295,#3301));
#3288 = ORIENTED_EDGE('',*,*,#3289,.F.);
#3289 = EDGE_CURVE('',#3210,#3250,#3290,.T.);
#3290 = LINE('',#3291,#3292);
#3291 = CARTESIAN_POINT('',(16.,1.,33.));
#3292 = VECTOR('',#3293,1.);
#3293 = DIRECTION('',(1.,0.,-0.));
#3294 = ORIENTED_EDGE('',*,*,#3209,.T.);
#3295 = ORIENTED_EDGE('',*,*,#3296,.T.);
#3296 = EDGE_CURVE('',#3212,#3252,#3297,.T.);
#3297 = LINE('',#3298,#3299);
#3298 = CARTESIAN_POINT('',(16.,1.,40.));
#3299 = VECTOR('',#3300,1.);
#3300 = DIRECTION('',(1.,0.,-0.));
#3301 = ORIENTED_EDGE('',*,*,#3249,.F.);
#3302 = PLANE('',#3303);
#3303 = AXIS2_PLACEMENT_3D('',#3304,#3305,#3306);
#3304 = CARTESIAN_POINT('',(16.,1.,33.));
#3305 = DIRECTION('',(-0.,1.,0.));
#3306 = DIRECTION('',(0.,0.,1.));
#3307 = ADVANCED_FACE('',(#3308),#3324,.T.);
#3308 = FACE_BOUND('',#3309,.T.);
#3309 = EDGE_LOOP('',(#3310,#3316,#3317,#3323));
#3310 = ORIENTED_EDGE('',*,*,#3311,.F.);
#3311 = EDGE_CURVE('',#3220,#3260,#3312,.T.);
#3312 = LINE('',#3313,#3314);
#3313 = CARTESIAN_POINT('',(16.,9.,33.));
#3314 = VECTOR('',#3315,1.);
#3315 = DIRECTION('',(1.,0.,-0.));
#3316 = ORIENTED_EDGE('',*,*,#3227,.T.);
#3317 = ORIENTED_EDGE('',*,*,#3318,.T.);
#3318 = EDGE_CURVE('',#3228,#3268,#3319,.T.);
#3319 = LINE('',#3320,#3321);
#3320 = CARTESIAN_POINT('',(16.,9.,40.));
#3321 = VECTOR('',#3322,1.);
#3322 = DIRECTION('',(1.,0.,-0.));
#3323 = ORIENTED_EDGE('',*,*,#3267,.F.);
#3324 = PLANE('',#3325);
#3325 = AXIS2_PLACEMENT_3D('',#3326,#3327,#3328);
#3326 = CARTESIAN_POINT('',(16.,9.,33.));
#3327 = DIRECTION('',(-0.,1.,0.));
#3328 = DIRECTION('',(0.,0.,1.));
#3329 = ADVANCED_FACE('',(#3330),#3336,.F.);
#3330 = FACE_BOUND('',#3331,.F.);
#3331 = EDGE_LOOP('',(#3332,#3333,#3334,#3335));
#3332 = ORIENTED_EDGE('',*,*,#3219,.F.);
#3333 = ORIENTED_EDGE('',*,*,#3289,.T.);
#3334 = ORIENTED_EDGE('',*,*,#3259,.T.);
#3335 = ORIENTED_EDGE('',*,*,#3311,.F.);
#3336 = PLANE('',#3337);
#3337 = AXIS2_PLACEMENT_3D('',#3338,#3339,#3340);
#3338 = CARTESIAN_POINT('',(16.,1.,33.));
#3339 = DIRECTION('',(0.,0.,1.));
#3340 = DIRECTION('',(1.,0.,-0.));
#3341 = ADVANCED_FACE('',(#3342),#3348,.T.);
#3342 = FACE_BOUND('',#3343,.T.);
#3343 = EDGE_LOOP('',(#3344,#3345,#3346,#3347));
#3344 = ORIENTED_EDGE('',*,*,#3235,.F.);
#3345 = ORIENTED_EDGE('',*,*,#3296,.T.);
#3346 = ORIENTED_EDGE('',*,*,#3275,.T.);
#3347 = ORIENTED_EDGE('',*,*,#3318,.F.);
#3348 = PLANE('',#3349);
#3349 = AXIS2_PLACEMENT_3D('',#3350,#3351,#3352);
#3350 = CARTESIAN_POINT('',(16.,1.,40.));
#3351 = DIRECTION('',(0.,0.,1.));
#3352 = DIRECTION('',(1.,0.,-0.));
#3353 = ( GEOMETRIC_REPRESENTATION_CONTEXT(3) 
GLOBAL_UNCERTAINTY_ASSIGNED_CONTEXT((#3357)) 
GLOBAL_UNIT_ASSIGNED_CONTEXT((#3354,#3355,#3356)) REPRESENTATION_CONTEXT
('Context #1','3D Context with UNIT and UNCERTAINTY') );
#3354 = ( LENGTH_UNIT() NAMED_UNIT(*) SI_UNIT(.MILLI.,.METRE.) );
#3355 = ( NAMED_UNIT(*) PLANE_ANGLE_UNIT() SI_UNIT($,.RADIAN.) );
#3356 = ( NAMED_UNIT(*) SI_UNIT($,.STERADIAN.) SOLID_ANGLE_UNIT() );
#3357 = UNCERTAINTY_MEASURE_WITH_UNIT(LENGTH_MEASURE(1.E-07),#3354,
  'distance_accuracy_value','confusion accuracy');
#3358 = CONTEXT_DEPENDENT_SHAPE_REPRESENTATION(#3359,#3361);
#3359 = ( REPRESENTATION_RELATIONSHIP('','',#3202,#10) 
REPRESENTATION_RELATIONSHIP_WITH_TRANSFORMATION(#3360) 
SHAPE_REPRESENTATION_RELATIONSHIP() );
#3360 = ITEM_DEFINED_TRANSFORMATION('','',#11,#87);
#3361 = PRODUCT_DEFINITION_SHAPE('Placement','Placement of an item',
  #3362);
#3362 = NEXT_ASSEMBLY_USAGE_OCCURRENCE('19','ISOLATED_POWER_BANK_VBAT',
  '',#5,#3197,$);
#3363 = PRODUCT_RELATED_PRODUCT_CATEGORY('part',$,(#3199));
#3364 = SHAPE_DEFINITION_REPRESENTATION(#3365,#3371);
#3365 = PRODUCT_DEFINITION_SHAPE('','',#3366);
#3366 = PRODUCT_DEFINITION('design','',#3367,#3370);
#3367 = PRODUCT_DEFINITION_FORMATION('','',#3368);
#3368 = PRODUCT('ISOLATED_POWER_BANK_5V','ISOLATED_POWER_BANK_5V','',(
    #3369));
#3369 = PRODUCT_CONTEXT('',#2,'mechanical');
#3370 = PRODUCT_DEFINITION_CONTEXT('part definition',#2,'design');
#3371 = ADVANCED_BREP_SHAPE_REPRESENTATION('',(#11,#3372),#3522);
#3372 = MANIFOLD_SOLID_BREP('',#3373);
#3373 = CLOSED_SHELL('',(#3374,#3414,#3454,#3476,#3498,#3510));
#3374 = ADVANCED_FACE('',(#3375),#3409,.F.);
#3375 = FACE_BOUND('',#3376,.F.);
#3376 = EDGE_LOOP('',(#3377,#3387,#3395,#3403));
#3377 = ORIENTED_EDGE('',*,*,#3378,.F.);
#3378 = EDGE_CURVE('',#3379,#3381,#3383,.T.);
#3379 = VERTEX_POINT('',#3380);
#3380 = CARTESIAN_POINT('',(29.,1.,33.));
#3381 = VERTEX_POINT('',#3382);
#3382 = CARTESIAN_POINT('',(29.,1.,40.));
#3383 = LINE('',#3384,#3385);
#3384 = CARTESIAN_POINT('',(29.,1.,33.));
#3385 = VECTOR('',#3386,1.);
#3386 = DIRECTION('',(0.,0.,1.));
#3387 = ORIENTED_EDGE('',*,*,#3388,.T.);
#3388 = EDGE_CURVE('',#3379,#3389,#3391,.T.);
#3389 = VERTEX_POINT('',#3390);
#3390 = CARTESIAN_POINT('',(29.,9.,33.));
#3391 = LINE('',#3392,#3393);
#3392 = CARTESIAN_POINT('',(29.,1.,33.));
#3393 = VECTOR('',#3394,1.);
#3394 = DIRECTION('',(-0.,1.,0.));
#3395 = ORIENTED_EDGE('',*,*,#3396,.T.);
#3396 = EDGE_CURVE('',#3389,#3397,#3399,.T.);
#3397 = VERTEX_POINT('',#3398);
#3398 = CARTESIAN_POINT('',(29.,9.,40.));
#3399 = LINE('',#3400,#3401);
#3400 = CARTESIAN_POINT('',(29.,9.,33.));
#3401 = VECTOR('',#3402,1.);
#3402 = DIRECTION('',(0.,0.,1.));
#3403 = ORIENTED_EDGE('',*,*,#3404,.F.);
#3404 = EDGE_CURVE('',#3381,#3397,#3405,.T.);
#3405 = LINE('',#3406,#3407);
#3406 = CARTESIAN_POINT('',(29.,1.,40.));
#3407 = VECTOR('',#3408,1.);
#3408 = DIRECTION('',(-0.,1.,0.));
#3409 = PLANE('',#3410);
#3410 = AXIS2_PLACEMENT_3D('',#3411,#3412,#3413);
#3411 = CARTESIAN_POINT('',(29.,1.,33.));
#3412 = DIRECTION('',(1.,0.,-0.));
#3413 = DIRECTION('',(0.,0.,1.));
#3414 = ADVANCED_FACE('',(#3415),#3449,.T.);
#3415 = FACE_BOUND('',#3416,.T.);
#3416 = EDGE_LOOP('',(#3417,#3427,#3435,#3443));
#3417 = ORIENTED_EDGE('',*,*,#3418,.F.);
#3418 = EDGE_CURVE('',#3419,#3421,#3423,.T.);
#3419 = VERTEX_POINT('',#3420);
#3420 = CARTESIAN_POINT('',(39.,1.,33.));
#3421 = VERTEX_POINT('',#3422);
#3422 = CARTESIAN_POINT('',(39.,1.,40.));
#3423 = LINE('',#3424,#3425);
#3424 = CARTESIAN_POINT('',(39.,1.,33.));
#3425 = VECTOR('',#3426,1.);
#3426 = DIRECTION('',(0.,0.,1.));
#3427 = ORIENTED_EDGE('',*,*,#3428,.T.);
#3428 = EDGE_CURVE('',#3419,#3429,#3431,.T.);
#3429 = VERTEX_POINT('',#3430);
#3430 = CARTESIAN_POINT('',(39.,9.,33.));
#3431 = LINE('',#3432,#3433);
#3432 = CARTESIAN_POINT('',(39.,1.,33.));
#3433 = VECTOR('',#3434,1.);
#3434 = DIRECTION('',(-0.,1.,0.));
#3435 = ORIENTED_EDGE('',*,*,#3436,.T.);
#3436 = EDGE_CURVE('',#3429,#3437,#3439,.T.);
#3437 = VERTEX_POINT('',#3438);
#3438 = CARTESIAN_POINT('',(39.,9.,40.));
#3439 = LINE('',#3440,#3441);
#3440 = CARTESIAN_POINT('',(39.,9.,33.));
#3441 = VECTOR('',#3442,1.);
#3442 = DIRECTION('',(0.,0.,1.));
#3443 = ORIENTED_EDGE('',*,*,#3444,.F.);
#3444 = EDGE_CURVE('',#3421,#3437,#3445,.T.);
#3445 = LINE('',#3446,#3447);
#3446 = CARTESIAN_POINT('',(39.,1.,40.));
#3447 = VECTOR('',#3448,1.);
#3448 = DIRECTION('',(-0.,1.,0.));
#3449 = PLANE('',#3450);
#3450 = AXIS2_PLACEMENT_3D('',#3451,#3452,#3453);
#3451 = CARTESIAN_POINT('',(39.,1.,33.));
#3452 = DIRECTION('',(1.,0.,-0.));
#3453 = DIRECTION('',(0.,0.,1.));
#3454 = ADVANCED_FACE('',(#3455),#3471,.F.);
#3455 = FACE_BOUND('',#3456,.F.);
#3456 = EDGE_LOOP('',(#3457,#3463,#3464,#3470));
#3457 = ORIENTED_EDGE('',*,*,#3458,.F.);
#3458 = EDGE_CURVE('',#3379,#3419,#3459,.T.);
#3459 = LINE('',#3460,#3461);
#3460 = CARTESIAN_POINT('',(29.,1.,33.));
#3461 = VECTOR('',#3462,1.);
#3462 = DIRECTION('',(1.,0.,-0.));
#3463 = ORIENTED_EDGE('',*,*,#3378,.T.);
#3464 = ORIENTED_EDGE('',*,*,#3465,.T.);
#3465 = EDGE_CURVE('',#3381,#3421,#3466,.T.);
#3466 = LINE('',#3467,#3468);
#3467 = CARTESIAN_POINT('',(29.,1.,40.));
#3468 = VECTOR('',#3469,1.);
#3469 = DIRECTION('',(1.,0.,-0.));
#3470 = ORIENTED_EDGE('',*,*,#3418,.F.);
#3471 = PLANE('',#3472);
#3472 = AXIS2_PLACEMENT_3D('',#3473,#3474,#3475);
#3473 = CARTESIAN_POINT('',(29.,1.,33.));
#3474 = DIRECTION('',(-0.,1.,0.));
#3475 = DIRECTION('',(0.,0.,1.));
#3476 = ADVANCED_FACE('',(#3477),#3493,.T.);
#3477 = FACE_BOUND('',#3478,.T.);
#3478 = EDGE_LOOP('',(#3479,#3485,#3486,#3492));
#3479 = ORIENTED_EDGE('',*,*,#3480,.F.);
#3480 = EDGE_CURVE('',#3389,#3429,#3481,.T.);
#3481 = LINE('',#3482,#3483);
#3482 = CARTESIAN_POINT('',(29.,9.,33.));
#3483 = VECTOR('',#3484,1.);
#3484 = DIRECTION('',(1.,0.,-0.));
#3485 = ORIENTED_EDGE('',*,*,#3396,.T.);
#3486 = ORIENTED_EDGE('',*,*,#3487,.T.);
#3487 = EDGE_CURVE('',#3397,#3437,#3488,.T.);
#3488 = LINE('',#3489,#3490);
#3489 = CARTESIAN_POINT('',(29.,9.,40.));
#3490 = VECTOR('',#3491,1.);
#3491 = DIRECTION('',(1.,0.,-0.));
#3492 = ORIENTED_EDGE('',*,*,#3436,.F.);
#3493 = PLANE('',#3494);
#3494 = AXIS2_PLACEMENT_3D('',#3495,#3496,#3497);
#3495 = CARTESIAN_POINT('',(29.,9.,33.));
#3496 = DIRECTION('',(-0.,1.,0.));
#3497 = DIRECTION('',(0.,0.,1.));
#3498 = ADVANCED_FACE('',(#3499),#3505,.F.);
#3499 = FACE_BOUND('',#3500,.F.);
#3500 = EDGE_LOOP('',(#3501,#3502,#3503,#3504));
#3501 = ORIENTED_EDGE('',*,*,#3388,.F.);
#3502 = ORIENTED_EDGE('',*,*,#3458,.T.);
#3503 = ORIENTED_EDGE('',*,*,#3428,.T.);
#3504 = ORIENTED_EDGE('',*,*,#3480,.F.);
#3505 = PLANE('',#3506);
#3506 = AXIS2_PLACEMENT_3D('',#3507,#3508,#3509);
#3507 = CARTESIAN_POINT('',(29.,1.,33.));
#3508 = DIRECTION('',(0.,0.,1.));
#3509 = DIRECTION('',(1.,0.,-0.));
#3510 = ADVANCED_FACE('',(#3511),#3517,.T.);
#3511 = FACE_BOUND('',#3512,.T.);
#3512 = EDGE_LOOP('',(#3513,#3514,#3515,#3516));
#3513 = ORIENTED_EDGE('',*,*,#3404,.F.);
#3514 = ORIENTED_EDGE('',*,*,#3465,.T.);
#3515 = ORIENTED_EDGE('',*,*,#3444,.T.);
#3516 = ORIENTED_EDGE('',*,*,#3487,.F.);
#3517 = PLANE('',#3518);
#3518 = AXIS2_PLACEMENT_3D('',#3519,#3520,#3521);
#3519 = CARTESIAN_POINT('',(29.,1.,40.));
#3520 = DIRECTION('',(0.,0.,1.));
#3521 = DIRECTION('',(1.,0.,-0.));
#3522 = ( GEOMETRIC_REPRESENTATION_CONTEXT(3) 
GLOBAL_UNCERTAINTY_ASSIGNED_CONTEXT((#3526)) 
GLOBAL_UNIT_ASSIGNED_CONTEXT((#3523,#3524,#3525)) REPRESENTATION_CONTEXT
('Context #1','3D Context with UNIT and UNCERTAINTY') );
#3523 = ( LENGTH_UNIT() NAMED_UNIT(*) SI_UNIT(.MILLI.,.METRE.) );
#3524 = ( NAMED_UNIT(*) PLANE_ANGLE_UNIT() SI_UNIT($,.RADIAN.) );
#3525 = ( NAMED_UNIT(*) SI_UNIT($,.STERADIAN.) SOLID_ANGLE_UNIT() );
#3526 = UNCERTAINTY_MEASURE_WITH_UNIT(LENGTH_MEASURE(1.E-07),#3523,
  'distance_accuracy_value','confusion accuracy');
#3527 = CONTEXT_DEPENDENT_SHAPE_REPRESENTATION(#3528,#3530);
#3528 = ( REPRESENTATION_RELATIONSHIP('','',#3371,#10) 
REPRESENTATION_RELATIONSHIP_WITH_TRANSFORMATION(#3529) 
SHAPE_REPRESENTATION_RELATIONSHIP() );
#3529 = ITEM_DEFINED_TRANSFORMATION('','',#11,#91);
#3530 = PRODUCT_DEFINITION_SHAPE('Placement','Placement of an item',
  #3531);
#3531 = NEXT_ASSEMBLY_USAGE_OCCURRENCE('20','ISOLATED_POWER_BANK_5V','',
  #5,#3366,$);
#3532 = PRODUCT_RELATED_PRODUCT_CATEGORY('part',$,(#3368));
#3533 = SHAPE_DEFINITION_REPRESENTATION(#3534,#3540);
#3534 = PRODUCT_DEFINITION_SHAPE('','',#3535);
#3535 = PRODUCT_DEFINITION('design','',#3536,#3539);
#3536 = PRODUCT_DEFINITION_FORMATION('','',#3537);
#3537 = PRODUCT('ISOLATED_POWER_BANK_3V3_PI',
  'ISOLATED_POWER_BANK_3V3_PI','',(#3538));
#3538 = PRODUCT_CONTEXT('',#2,'mechanical');
#3539 = PRODUCT_DEFINITION_CONTEXT('part definition',#2,'design');
#3540 = ADVANCED_BREP_SHAPE_REPRESENTATION('',(#11,#3541),#3691);
#3541 = MANIFOLD_SOLID_BREP('',#3542);
#3542 = CLOSED_SHELL('',(#3543,#3583,#3623,#3645,#3667,#3679));
#3543 = ADVANCED_FACE('',(#3544),#3578,.F.);
#3544 = FACE_BOUND('',#3545,.F.);
#3545 = EDGE_LOOP('',(#3546,#3556,#3564,#3572));
#3546 = ORIENTED_EDGE('',*,*,#3547,.F.);
#3547 = EDGE_CURVE('',#3548,#3550,#3552,.T.);
#3548 = VERTEX_POINT('',#3549);
#3549 = CARTESIAN_POINT('',(42.,1.,33.));
#3550 = VERTEX_POINT('',#3551);
#3551 = CARTESIAN_POINT('',(42.,1.,40.));
#3552 = LINE('',#3553,#3554);
#3553 = CARTESIAN_POINT('',(42.,1.,33.));
#3554 = VECTOR('',#3555,1.);
#3555 = DIRECTION('',(0.,0.,1.));
#3556 = ORIENTED_EDGE('',*,*,#3557,.T.);
#3557 = EDGE_CURVE('',#3548,#3558,#3560,.T.);
#3558 = VERTEX_POINT('',#3559);
#3559 = CARTESIAN_POINT('',(42.,9.,33.));
#3560 = LINE('',#3561,#3562);
#3561 = CARTESIAN_POINT('',(42.,1.,33.));
#3562 = VECTOR('',#3563,1.);
#3563 = DIRECTION('',(-0.,1.,0.));
#3564 = ORIENTED_EDGE('',*,*,#3565,.T.);
#3565 = EDGE_CURVE('',#3558,#3566,#3568,.T.);
#3566 = VERTEX_POINT('',#3567);
#3567 = CARTESIAN_POINT('',(42.,9.,40.));
#3568 = LINE('',#3569,#3570);
#3569 = CARTESIAN_POINT('',(42.,9.,33.));
#3570 = VECTOR('',#3571,1.);
#3571 = DIRECTION('',(0.,0.,1.));
#3572 = ORIENTED_EDGE('',*,*,#3573,.F.);
#3573 = EDGE_CURVE('',#3550,#3566,#3574,.T.);
#3574 = LINE('',#3575,#3576);
#3575 = CARTESIAN_POINT('',(42.,1.,40.));
#3576 = VECTOR('',#3577,1.);
#3577 = DIRECTION('',(-0.,1.,0.));
#3578 = PLANE('',#3579);
#3579 = AXIS2_PLACEMENT_3D('',#3580,#3581,#3582);
#3580 = CARTESIAN_POINT('',(42.,1.,33.));
#3581 = DIRECTION('',(1.,0.,-0.));
#3582 = DIRECTION('',(0.,0.,1.));
#3583 = ADVANCED_FACE('',(#3584),#3618,.T.);
#3584 = FACE_BOUND('',#3585,.T.);
#3585 = EDGE_LOOP('',(#3586,#3596,#3604,#3612));
#3586 = ORIENTED_EDGE('',*,*,#3587,.F.);
#3587 = EDGE_CURVE('',#3588,#3590,#3592,.T.);
#3588 = VERTEX_POINT('',#3589);
#3589 = CARTESIAN_POINT('',(52.,1.,33.));
#3590 = VERTEX_POINT('',#3591);
#3591 = CARTESIAN_POINT('',(52.,1.,40.));
#3592 = LINE('',#3593,#3594);
#3593 = CARTESIAN_POINT('',(52.,1.,33.));
#3594 = VECTOR('',#3595,1.);
#3595 = DIRECTION('',(0.,0.,1.));
#3596 = ORIENTED_EDGE('',*,*,#3597,.T.);
#3597 = EDGE_CURVE('',#3588,#3598,#3600,.T.);
#3598 = VERTEX_POINT('',#3599);
#3599 = CARTESIAN_POINT('',(52.,9.,33.));
#3600 = LINE('',#3601,#3602);
#3601 = CARTESIAN_POINT('',(52.,1.,33.));
#3602 = VECTOR('',#3603,1.);
#3603 = DIRECTION('',(-0.,1.,0.));
#3604 = ORIENTED_EDGE('',*,*,#3605,.T.);
#3605 = EDGE_CURVE('',#3598,#3606,#3608,.T.);
#3606 = VERTEX_POINT('',#3607);
#3607 = CARTESIAN_POINT('',(52.,9.,40.));
#3608 = LINE('',#3609,#3610);
#3609 = CARTESIAN_POINT('',(52.,9.,33.));
#3610 = VECTOR('',#3611,1.);
#3611 = DIRECTION('',(0.,0.,1.));
#3612 = ORIENTED_EDGE('',*,*,#3613,.F.);
#3613 = EDGE_CURVE('',#3590,#3606,#3614,.T.);
#3614 = LINE('',#3615,#3616);
#3615 = CARTESIAN_POINT('',(52.,1.,40.));
#3616 = VECTOR('',#3617,1.);
#3617 = DIRECTION('',(-0.,1.,0.));
#3618 = PLANE('',#3619);
#3619 = AXIS2_PLACEMENT_3D('',#3620,#3621,#3622);
#3620 = CARTESIAN_POINT('',(52.,1.,33.));
#3621 = DIRECTION('',(1.,0.,-0.));
#3622 = DIRECTION('',(0.,0.,1.));
#3623 = ADVANCED_FACE('',(#3624),#3640,.F.);
#3624 = FACE_BOUND('',#3625,.F.);
#3625 = EDGE_LOOP('',(#3626,#3632,#3633,#3639));
#3626 = ORIENTED_EDGE('',*,*,#3627,.F.);
#3627 = EDGE_CURVE('',#3548,#3588,#3628,.T.);
#3628 = LINE('',#3629,#3630);
#3629 = CARTESIAN_POINT('',(42.,1.,33.));
#3630 = VECTOR('',#3631,1.);
#3631 = DIRECTION('',(1.,0.,-0.));
#3632 = ORIENTED_EDGE('',*,*,#3547,.T.);
#3633 = ORIENTED_EDGE('',*,*,#3634,.T.);
#3634 = EDGE_CURVE('',#3550,#3590,#3635,.T.);
#3635 = LINE('',#3636,#3637);
#3636 = CARTESIAN_POINT('',(42.,1.,40.));
#3637 = VECTOR('',#3638,1.);
#3638 = DIRECTION('',(1.,0.,-0.));
#3639 = ORIENTED_EDGE('',*,*,#3587,.F.);
#3640 = PLANE('',#3641);
#3641 = AXIS2_PLACEMENT_3D('',#3642,#3643,#3644);
#3642 = CARTESIAN_POINT('',(42.,1.,33.));
#3643 = DIRECTION('',(-0.,1.,0.));
#3644 = DIRECTION('',(0.,0.,1.));
#3645 = ADVANCED_FACE('',(#3646),#3662,.T.);
#3646 = FACE_BOUND('',#3647,.T.);
#3647 = EDGE_LOOP('',(#3648,#3654,#3655,#3661));
#3648 = ORIENTED_EDGE('',*,*,#3649,.F.);
#3649 = EDGE_CURVE('',#3558,#3598,#3650,.T.);
#3650 = LINE('',#3651,#3652);
#3651 = CARTESIAN_POINT('',(42.,9.,33.));
#3652 = VECTOR('',#3653,1.);
#3653 = DIRECTION('',(1.,0.,-0.));
#3654 = ORIENTED_EDGE('',*,*,#3565,.T.);
#3655 = ORIENTED_EDGE('',*,*,#3656,.T.);
#3656 = EDGE_CURVE('',#3566,#3606,#3657,.T.);
#3657 = LINE('',#3658,#3659);
#3658 = CARTESIAN_POINT('',(42.,9.,40.));
#3659 = VECTOR('',#3660,1.);
#3660 = DIRECTION('',(1.,0.,-0.));
#3661 = ORIENTED_EDGE('',*,*,#3605,.F.);
#3662 = PLANE('',#3663);
#3663 = AXIS2_PLACEMENT_3D('',#3664,#3665,#3666);
#3664 = CARTESIAN_POINT('',(42.,9.,33.));
#3665 = DIRECTION('',(-0.,1.,0.));
#3666 = DIRECTION('',(0.,0.,1.));
#3667 = ADVANCED_FACE('',(#3668),#3674,.F.);
#3668 = FACE_BOUND('',#3669,.F.);
#3669 = EDGE_LOOP('',(#3670,#3671,#3672,#3673));
#3670 = ORIENTED_EDGE('',*,*,#3557,.F.);
#3671 = ORIENTED_EDGE('',*,*,#3627,.T.);
#3672 = ORIENTED_EDGE('',*,*,#3597,.T.);
#3673 = ORIENTED_EDGE('',*,*,#3649,.F.);
#3674 = PLANE('',#3675);
#3675 = AXIS2_PLACEMENT_3D('',#3676,#3677,#3678);
#3676 = CARTESIAN_POINT('',(42.,1.,33.));
#3677 = DIRECTION('',(0.,0.,1.));
#3678 = DIRECTION('',(1.,0.,-0.));
#3679 = ADVANCED_FACE('',(#3680),#3686,.T.);
#3680 = FACE_BOUND('',#3681,.T.);
#3681 = EDGE_LOOP('',(#3682,#3683,#3684,#3685));
#3682 = ORIENTED_EDGE('',*,*,#3573,.F.);
#3683 = ORIENTED_EDGE('',*,*,#3634,.T.);
#3684 = ORIENTED_EDGE('',*,*,#3613,.T.);
#3685 = ORIENTED_EDGE('',*,*,#3656,.F.);
#3686 = PLANE('',#3687);
#3687 = AXIS2_PLACEMENT_3D('',#3688,#3689,#3690);
#3688 = CARTESIAN_POINT('',(42.,1.,40.));
#3689 = DIRECTION('',(0.,0.,1.));
#3690 = DIRECTION('',(1.,0.,-0.));
#3691 = ( GEOMETRIC_REPRESENTATION_CONTEXT(3) 
GLOBAL_UNCERTAINTY_ASSIGNED_CONTEXT((#3695)) 
GLOBAL_UNIT_ASSIGNED_CONTEXT((#3692,#3693,#3694)) REPRESENTATION_CONTEXT
('Context #1','3D Context with UNIT and UNCERTAINTY') );
#3692 = ( LENGTH_UNIT() NAMED_UNIT(*) SI_UNIT(.MILLI.,.METRE.) );
#3693 = ( NAMED_UNIT(*) PLANE_ANGLE_UNIT() SI_UNIT($,.RADIAN.) );
#3694 = ( NAMED_UNIT(*) SI_UNIT($,.STERADIAN.) SOLID_ANGLE_UNIT() );
#3695 = UNCERTAINTY_MEASURE_WITH_UNIT(LENGTH_MEASURE(1.E-07),#3692,
  'distance_accuracy_value','confusion accuracy');
#3696 = CONTEXT_DEPENDENT_SHAPE_REPRESENTATION(#3697,#3699);
#3697 = ( REPRESENTATION_RELATIONSHIP('','',#3540,#10) 
REPRESENTATION_RELATIONSHIP_WITH_TRANSFORMATION(#3698) 
SHAPE_REPRESENTATION_RELATIONSHIP() );
#3698 = ITEM_DEFINED_TRANSFORMATION('','',#11,#95);
#3699 = PRODUCT_DEFINITION_SHAPE('Placement','Placement of an item',
  #3700);
#3700 = NEXT_ASSEMBLY_USAGE_OCCURRENCE('21','ISOLATED_POWER_BANK_3V3_PI'
  ,'',#5,#3535,$);
#3701 = PRODUCT_RELATED_PRODUCT_CATEGORY('part',$,(#3537));
#3702 = SHAPE_DEFINITION_REPRESENTATION(#3703,#3709);
#3703 = PRODUCT_DEFINITION_SHAPE('','',#3704);
#3704 = PRODUCT_DEFINITION('design','',#3705,#3708);
#3705 = PRODUCT_DEFINITION_FORMATION('','',#3706);
#3706 = PRODUCT('ISOLATED_POWER_BANK_3V3_ESP',
  'ISOLATED_POWER_BANK_3V3_ESP','',(#3707));
#3707 = PRODUCT_CONTEXT('',#2,'mechanical');
#3708 = PRODUCT_DEFINITION_CONTEXT('part definition',#2,'design');
#3709 = ADVANCED_BREP_SHAPE_REPRESENTATION('',(#11,#3710),#3860);
#3710 = MANIFOLD_SOLID_BREP('',#3711);
#3711 = CLOSED_SHELL('',(#3712,#3752,#3792,#3814,#3836,#3848));
#3712 = ADVANCED_FACE('',(#3713),#3747,.F.);
#3713 = FACE_BOUND('',#3714,.F.);
#3714 = EDGE_LOOP('',(#3715,#3725,#3733,#3741));
#3715 = ORIENTED_EDGE('',*,*,#3716,.F.);
#3716 = EDGE_CURVE('',#3717,#3719,#3721,.T.);
#3717 = VERTEX_POINT('',#3718);
#3718 = CARTESIAN_POINT('',(55.,1.,33.));
#3719 = VERTEX_POINT('',#3720);
#3720 = CARTESIAN_POINT('',(55.,1.,40.));
#3721 = LINE('',#3722,#3723);
#3722 = CARTESIAN_POINT('',(55.,1.,33.));
#3723 = VECTOR('',#3724,1.);
#3724 = DIRECTION('',(0.,0.,1.));
#3725 = ORIENTED_EDGE('',*,*,#3726,.T.);
#3726 = EDGE_CURVE('',#3717,#3727,#3729,.T.);
#3727 = VERTEX_POINT('',#3728);
#3728 = CARTESIAN_POINT('',(55.,9.,33.));
#3729 = LINE('',#3730,#3731);
#3730 = CARTESIAN_POINT('',(55.,1.,33.));
#3731 = VECTOR('',#3732,1.);
#3732 = DIRECTION('',(-0.,1.,0.));
#3733 = ORIENTED_EDGE('',*,*,#3734,.T.);
#3734 = EDGE_CURVE('',#3727,#3735,#3737,.T.);
#3735 = VERTEX_POINT('',#3736);
#3736 = CARTESIAN_POINT('',(55.,9.,40.));
#3737 = LINE('',#3738,#3739);
#3738 = CARTESIAN_POINT('',(55.,9.,33.));
#3739 = VECTOR('',#3740,1.);
#3740 = DIRECTION('',(0.,0.,1.));
#3741 = ORIENTED_EDGE('',*,*,#3742,.F.);
#3742 = EDGE_CURVE('',#3719,#3735,#3743,.T.);
#3743 = LINE('',#3744,#3745);
#3744 = CARTESIAN_POINT('',(55.,1.,40.));
#3745 = VECTOR('',#3746,1.);
#3746 = DIRECTION('',(-0.,1.,0.));
#3747 = PLANE('',#3748);
#3748 = AXIS2_PLACEMENT_3D('',#3749,#3750,#3751);
#3749 = CARTESIAN_POINT('',(55.,1.,33.));
#3750 = DIRECTION('',(1.,0.,-0.));
#3751 = DIRECTION('',(0.,0.,1.));
#3752 = ADVANCED_FACE('',(#3753),#3787,.T.);
#3753 = FACE_BOUND('',#3754,.T.);
#3754 = EDGE_LOOP('',(#3755,#3765,#3773,#3781));
#3755 = ORIENTED_EDGE('',*,*,#3756,.F.);
#3756 = EDGE_CURVE('',#3757,#3759,#3761,.T.);
#3757 = VERTEX_POINT('',#3758);
#3758 = CARTESIAN_POINT('',(65.,1.,33.));
#3759 = VERTEX_POINT('',#3760);
#3760 = CARTESIAN_POINT('',(65.,1.,40.));
#3761 = LINE('',#3762,#3763);
#3762 = CARTESIAN_POINT('',(65.,1.,33.));
#3763 = VECTOR('',#3764,1.);
#3764 = DIRECTION('',(0.,0.,1.));
#3765 = ORIENTED_EDGE('',*,*,#3766,.T.);
#3766 = EDGE_CURVE('',#3757,#3767,#3769,.T.);
#3767 = VERTEX_POINT('',#3768);
#3768 = CARTESIAN_POINT('',(65.,9.,33.));
#3769 = LINE('',#3770,#3771);
#3770 = CARTESIAN_POINT('',(65.,1.,33.));
#3771 = VECTOR('',#3772,1.);
#3772 = DIRECTION('',(-0.,1.,0.));
#3773 = ORIENTED_EDGE('',*,*,#3774,.T.);
#3774 = EDGE_CURVE('',#3767,#3775,#3777,.T.);
#3775 = VERTEX_POINT('',#3776);
#3776 = CARTESIAN_POINT('',(65.,9.,40.));
#3777 = LINE('',#3778,#3779);
#3778 = CARTESIAN_POINT('',(65.,9.,33.));
#3779 = VECTOR('',#3780,1.);
#3780 = DIRECTION('',(0.,0.,1.));
#3781 = ORIENTED_EDGE('',*,*,#3782,.F.);
#3782 = EDGE_CURVE('',#3759,#3775,#3783,.T.);
#3783 = LINE('',#3784,#3785);
#3784 = CARTESIAN_POINT('',(65.,1.,40.));
#3785 = VECTOR('',#3786,1.);
#3786 = DIRECTION('',(-0.,1.,0.));
#3787 = PLANE('',#3788);
#3788 = AXIS2_PLACEMENT_3D('',#3789,#3790,#3791);
#3789 = CARTESIAN_POINT('',(65.,1.,33.));
#3790 = DIRECTION('',(1.,0.,-0.));
#3791 = DIRECTION('',(0.,0.,1.));
#3792 = ADVANCED_FACE('',(#3793),#3809,.F.);
#3793 = FACE_BOUND('',#3794,.F.);
#3794 = EDGE_LOOP('',(#3795,#3801,#3802,#3808));
#3795 = ORIENTED_EDGE('',*,*,#3796,.F.);
#3796 = EDGE_CURVE('',#3717,#3757,#3797,.T.);
#3797 = LINE('',#3798,#3799);
#3798 = CARTESIAN_POINT('',(55.,1.,33.));
#3799 = VECTOR('',#3800,1.);
#3800 = DIRECTION('',(1.,0.,-0.));
#3801 = ORIENTED_EDGE('',*,*,#3716,.T.);
#3802 = ORIENTED_EDGE('',*,*,#3803,.T.);
#3803 = EDGE_CURVE('',#3719,#3759,#3804,.T.);
#3804 = LINE('',#3805,#3806);
#3805 = CARTESIAN_POINT('',(55.,1.,40.));
#3806 = VECTOR('',#3807,1.);
#3807 = DIRECTION('',(1.,0.,-0.));
#3808 = ORIENTED_EDGE('',*,*,#3756,.F.);
#3809 = PLANE('',#3810);
#3810 = AXIS2_PLACEMENT_3D('',#3811,#3812,#3813);
#3811 = CARTESIAN_POINT('',(55.,1.,33.));
#3812 = DIRECTION('',(-0.,1.,0.));
#3813 = DIRECTION('',(0.,0.,1.));
#3814 = ADVANCED_FACE('',(#3815),#3831,.T.);
#3815 = FACE_BOUND('',#3816,.T.);
#3816 = EDGE_LOOP('',(#3817,#3823,#3824,#3830));
#3817 = ORIENTED_EDGE('',*,*,#3818,.F.);
#3818 = EDGE_CURVE('',#3727,#3767,#3819,.T.);
#3819 = LINE('',#3820,#3821);
#3820 = CARTESIAN_POINT('',(55.,9.,33.));
#3821 = VECTOR('',#3822,1.);
#3822 = DIRECTION('',(1.,0.,-0.));
#3823 = ORIENTED_EDGE('',*,*,#3734,.T.);
#3824 = ORIENTED_EDGE('',*,*,#3825,.T.);
#3825 = EDGE_CURVE('',#3735,#3775,#3826,.T.);
#3826 = LINE('',#3827,#3828);
#3827 = CARTESIAN_POINT('',(55.,9.,40.));
#3828 = VECTOR('',#3829,1.);
#3829 = DIRECTION('',(1.,0.,-0.));
#3830 = ORIENTED_EDGE('',*,*,#3774,.F.);
#3831 = PLANE('',#3832);
#3832 = AXIS2_PLACEMENT_3D('',#3833,#3834,#3835);
#3833 = CARTESIAN_POINT('',(55.,9.,33.));
#3834 = DIRECTION('',(-0.,1.,0.));
#3835 = DIRECTION('',(0.,0.,1.));
#3836 = ADVANCED_FACE('',(#3837),#3843,.F.);
#3837 = FACE_BOUND('',#3838,.F.);
#3838 = EDGE_LOOP('',(#3839,#3840,#3841,#3842));
#3839 = ORIENTED_EDGE('',*,*,#3726,.F.);
#3840 = ORIENTED_EDGE('',*,*,#3796,.T.);
#3841 = ORIENTED_EDGE('',*,*,#3766,.T.);
#3842 = ORIENTED_EDGE('',*,*,#3818,.F.);
#3843 = PLANE('',#3844);
#3844 = AXIS2_PLACEMENT_3D('',#3845,#3846,#3847);
#3845 = CARTESIAN_POINT('',(55.,1.,33.));
#3846 = DIRECTION('',(0.,0.,1.));
#3847 = DIRECTION('',(1.,0.,-0.));
#3848 = ADVANCED_FACE('',(#3849),#3855,.T.);
#3849 = FACE_BOUND('',#3850,.T.);
#3850 = EDGE_LOOP('',(#3851,#3852,#3853,#3854));
#3851 = ORIENTED_EDGE('',*,*,#3742,.F.);
#3852 = ORIENTED_EDGE('',*,*,#3803,.T.);
#3853 = ORIENTED_EDGE('',*,*,#3782,.T.);
#3854 = ORIENTED_EDGE('',*,*,#3825,.F.);
#3855 = PLANE('',#3856);
#3856 = AXIS2_PLACEMENT_3D('',#3857,#3858,#3859);
#3857 = CARTESIAN_POINT('',(55.,1.,40.));
#3858 = DIRECTION('',(0.,0.,1.));
#3859 = DIRECTION('',(1.,0.,-0.));
#3860 = ( GEOMETRIC_REPRESENTATION_CONTEXT(3) 
GLOBAL_UNCERTAINTY_ASSIGNED_CONTEXT((#3864)) 
GLOBAL_UNIT_ASSIGNED_CONTEXT((#3861,#3862,#3863)) REPRESENTATION_CONTEXT
('Context #1','3D Context with UNIT and UNCERTAINTY') );
#3861 = ( LENGTH_UNIT() NAMED_UNIT(*) SI_UNIT(.MILLI.,.METRE.) );
#3862 = ( NAMED_UNIT(*) PLANE_ANGLE_UNIT() SI_UNIT($,.RADIAN.) );
#3863 = ( NAMED_UNIT(*) SI_UNIT($,.STERADIAN.) SOLID_ANGLE_UNIT() );
#3864 = UNCERTAINTY_MEASURE_WITH_UNIT(LENGTH_MEASURE(1.E-07),#3861,
  'distance_accuracy_value','confusion accuracy');
#3865 = CONTEXT_DEPENDENT_SHAPE_REPRESENTATION(#3866,#3868);
#3866 = ( REPRESENTATION_RELATIONSHIP('','',#3709,#10) 
REPRESENTATION_RELATIONSHIP_WITH_TRANSFORMATION(#3867) 
SHAPE_REPRESENTATION_RELATIONSHIP() );
#3867 = ITEM_DEFINED_TRANSFORMATION('','',#11,#99);
#3868 = PRODUCT_DEFINITION_SHAPE('Placement','Placement of an item',
  #3869);
#3869 = NEXT_ASSEMBLY_USAGE_OCCURRENCE('22',
  'ISOLATED_POWER_BANK_3V3_ESP','',#5,#3704,$);
#3870 = PRODUCT_RELATED_PRODUCT_CATEGORY('part',$,(#3706));
#3871 = SHAPE_DEFINITION_REPRESENTATION(#3872,#3878);
#3872 = PRODUCT_DEFINITION_SHAPE('','',#3873);
#3873 = PRODUCT_DEFINITION('design','',#3874,#3877);
#3874 = PRODUCT_DEFINITION_FORMATION('','',#3875);
#3875 = PRODUCT('PI_SENSOR_CONNECTOR_PLACEHOLDER',
  'PI_SENSOR_CONNECTOR_PLACEHOLDER','',(#3876));
#3876 = PRODUCT_CONTEXT('',#2,'mechanical');
#3877 = PRODUCT_DEFINITION_CONTEXT('part definition',#2,'design');
#3878 = ADVANCED_BREP_SHAPE_REPRESENTATION('',(#11,#3879),#4029);
#3879 = MANIFOLD_SOLID_BREP('',#3880);
#3880 = CLOSED_SHELL('',(#3881,#3921,#3961,#3983,#4005,#4017));
#3881 = ADVANCED_FACE('',(#3882),#3916,.F.);
#3882 = FACE_BOUND('',#3883,.F.);
#3883 = EDGE_LOOP('',(#3884,#3894,#3902,#3910));
#3884 = ORIENTED_EDGE('',*,*,#3885,.F.);
#3885 = EDGE_CURVE('',#3886,#3888,#3890,.T.);
#3886 = VERTEX_POINT('',#3887);
#3887 = CARTESIAN_POINT('',(43.,78.,34.));
#3888 = VERTEX_POINT('',#3889);
#3889 = CARTESIAN_POINT('',(43.,78.,42.));
#3890 = LINE('',#3891,#3892);
#3891 = CARTESIAN_POINT('',(43.,78.,34.));
#3892 = VECTOR('',#3893,1.);
#3893 = DIRECTION('',(0.,0.,1.));
#3894 = ORIENTED_EDGE('',*,*,#3895,.T.);
#3895 = EDGE_CURVE('',#3886,#3896,#3898,.T.);
#3896 = VERTEX_POINT('',#3897);
#3897 = CARTESIAN_POINT('',(43.,88.,34.));
#3898 = LINE('',#3899,#3900);
#3899 = CARTESIAN_POINT('',(43.,78.,34.));
#3900 = VECTOR('',#3901,1.);
#3901 = DIRECTION('',(-0.,1.,0.));
#3902 = ORIENTED_EDGE('',*,*,#3903,.T.);
#3903 = EDGE_CURVE('',#3896,#3904,#3906,.T.);
#3904 = VERTEX_POINT('',#3905);
#3905 = CARTESIAN_POINT('',(43.,88.,42.));
#3906 = LINE('',#3907,#3908);
#3907 = CARTESIAN_POINT('',(43.,88.,34.));
#3908 = VECTOR('',#3909,1.);
#3909 = DIRECTION('',(0.,0.,1.));
#3910 = ORIENTED_EDGE('',*,*,#3911,.F.);
#3911 = EDGE_CURVE('',#3888,#3904,#3912,.T.);
#3912 = LINE('',#3913,#3914);
#3913 = CARTESIAN_POINT('',(43.,78.,42.));
#3914 = VECTOR('',#3915,1.);
#3915 = DIRECTION('',(-0.,1.,0.));
#3916 = PLANE('',#3917);
#3917 = AXIS2_PLACEMENT_3D('',#3918,#3919,#3920);
#3918 = CARTESIAN_POINT('',(43.,78.,34.));
#3919 = DIRECTION('',(1.,0.,-0.));
#3920 = DIRECTION('',(0.,0.,1.));
#3921 = ADVANCED_FACE('',(#3922),#3956,.T.);
#3922 = FACE_BOUND('',#3923,.T.);
#3923 = EDGE_LOOP('',(#3924,#3934,#3942,#3950));
#3924 = ORIENTED_EDGE('',*,*,#3925,.F.);
#3925 = EDGE_CURVE('',#3926,#3928,#3930,.T.);
#3926 = VERTEX_POINT('',#3927);
#3927 = CARTESIAN_POINT('',(65.,78.,34.));
#3928 = VERTEX_POINT('',#3929);
#3929 = CARTESIAN_POINT('',(65.,78.,42.));
#3930 = LINE('',#3931,#3932);
#3931 = CARTESIAN_POINT('',(65.,78.,34.));
#3932 = VECTOR('',#3933,1.);
#3933 = DIRECTION('',(0.,0.,1.));
#3934 = ORIENTED_EDGE('',*,*,#3935,.T.);
#3935 = EDGE_CURVE('',#3926,#3936,#3938,.T.);
#3936 = VERTEX_POINT('',#3937);
#3937 = CARTESIAN_POINT('',(65.,88.,34.));
#3938 = LINE('',#3939,#3940);
#3939 = CARTESIAN_POINT('',(65.,78.,34.));
#3940 = VECTOR('',#3941,1.);
#3941 = DIRECTION('',(-0.,1.,0.));
#3942 = ORIENTED_EDGE('',*,*,#3943,.T.);
#3943 = EDGE_CURVE('',#3936,#3944,#3946,.T.);
#3944 = VERTEX_POINT('',#3945);
#3945 = CARTESIAN_POINT('',(65.,88.,42.));
#3946 = LINE('',#3947,#3948);
#3947 = CARTESIAN_POINT('',(65.,88.,34.));
#3948 = VECTOR('',#3949,1.);
#3949 = DIRECTION('',(0.,0.,1.));
#3950 = ORIENTED_EDGE('',*,*,#3951,.F.);
#3951 = EDGE_CURVE('',#3928,#3944,#3952,.T.);
#3952 = LINE('',#3953,#3954);
#3953 = CARTESIAN_POINT('',(65.,78.,42.));
#3954 = VECTOR('',#3955,1.);
#3955 = DIRECTION('',(-0.,1.,0.));
#3956 = PLANE('',#3957);
#3957 = AXIS2_PLACEMENT_3D('',#3958,#3959,#3960);
#3958 = CARTESIAN_POINT('',(65.,78.,34.));
#3959 = DIRECTION('',(1.,0.,-0.));
#3960 = DIRECTION('',(0.,0.,1.));
#3961 = ADVANCED_FACE('',(#3962),#3978,.F.);
#3962 = FACE_BOUND('',#3963,.F.);
#3963 = EDGE_LOOP('',(#3964,#3970,#3971,#3977));
#3964 = ORIENTED_EDGE('',*,*,#3965,.F.);
#3965 = EDGE_CURVE('',#3886,#3926,#3966,.T.);
#3966 = LINE('',#3967,#3968);
#3967 = CARTESIAN_POINT('',(43.,78.,34.));
#3968 = VECTOR('',#3969,1.);
#3969 = DIRECTION('',(1.,0.,-0.));
#3970 = ORIENTED_EDGE('',*,*,#3885,.T.);
#3971 = ORIENTED_EDGE('',*,*,#3972,.T.);
#3972 = EDGE_CURVE('',#3888,#3928,#3973,.T.);
#3973 = LINE('',#3974,#3975);
#3974 = CARTESIAN_POINT('',(43.,78.,42.));
#3975 = VECTOR('',#3976,1.);
#3976 = DIRECTION('',(1.,0.,-0.));
#3977 = ORIENTED_EDGE('',*,*,#3925,.F.);
#3978 = PLANE('',#3979);
#3979 = AXIS2_PLACEMENT_3D('',#3980,#3981,#3982);
#3980 = CARTESIAN_POINT('',(43.,78.,34.));
#3981 = DIRECTION('',(-0.,1.,0.));
#3982 = DIRECTION('',(0.,0.,1.));
#3983 = ADVANCED_FACE('',(#3984),#4000,.T.);
#3984 = FACE_BOUND('',#3985,.T.);
#3985 = EDGE_LOOP('',(#3986,#3992,#3993,#3999));
#3986 = ORIENTED_EDGE('',*,*,#3987,.F.);
#3987 = EDGE_CURVE('',#3896,#3936,#3988,.T.);
#3988 = LINE('',#3989,#3990);
#3989 = CARTESIAN_POINT('',(43.,88.,34.));
#3990 = VECTOR('',#3991,1.);
#3991 = DIRECTION('',(1.,0.,-0.));
#3992 = ORIENTED_EDGE('',*,*,#3903,.T.);
#3993 = ORIENTED_EDGE('',*,*,#3994,.T.);
#3994 = EDGE_CURVE('',#3904,#3944,#3995,.T.);
#3995 = LINE('',#3996,#3997);
#3996 = CARTESIAN_POINT('',(43.,88.,42.));
#3997 = VECTOR('',#3998,1.);
#3998 = DIRECTION('',(1.,0.,-0.));
#3999 = ORIENTED_EDGE('',*,*,#3943,.F.);
#4000 = PLANE('',#4001);
#4001 = AXIS2_PLACEMENT_3D('',#4002,#4003,#4004);
#4002 = CARTESIAN_POINT('',(43.,88.,34.));
#4003 = DIRECTION('',(-0.,1.,0.));
#4004 = DIRECTION('',(0.,0.,1.));
#4005 = ADVANCED_FACE('',(#4006),#4012,.F.);
#4006 = FACE_BOUND('',#4007,.F.);
#4007 = EDGE_LOOP('',(#4008,#4009,#4010,#4011));
#4008 = ORIENTED_EDGE('',*,*,#3895,.F.);
#4009 = ORIENTED_EDGE('',*,*,#3965,.T.);
#4010 = ORIENTED_EDGE('',*,*,#3935,.T.);
#4011 = ORIENTED_EDGE('',*,*,#3987,.F.);
#4012 = PLANE('',#4013);
#4013 = AXIS2_PLACEMENT_3D('',#4014,#4015,#4016);
#4014 = CARTESIAN_POINT('',(43.,78.,34.));
#4015 = DIRECTION('',(0.,0.,1.));
#4016 = DIRECTION('',(1.,0.,-0.));
#4017 = ADVANCED_FACE('',(#4018),#4024,.T.);
#4018 = FACE_BOUND('',#4019,.T.);
#4019 = EDGE_LOOP('',(#4020,#4021,#4022,#4023));
#4020 = ORIENTED_EDGE('',*,*,#3911,.F.);
#4021 = ORIENTED_EDGE('',*,*,#3972,.T.);
#4022 = ORIENTED_EDGE('',*,*,#3951,.T.);
#4023 = ORIENTED_EDGE('',*,*,#3994,.F.);
#4024 = PLANE('',#4025);
#4025 = AXIS2_PLACEMENT_3D('',#4026,#4027,#4028);
#4026 = CARTESIAN_POINT('',(43.,78.,42.));
#4027 = DIRECTION('',(0.,0.,1.));
#4028 = DIRECTION('',(1.,0.,-0.));
#4029 = ( GEOMETRIC_REPRESENTATION_CONTEXT(3) 
GLOBAL_UNCERTAINTY_ASSIGNED_CONTEXT((#4033)) 
GLOBAL_UNIT_ASSIGNED_CONTEXT((#4030,#4031,#4032)) REPRESENTATION_CONTEXT
('Context #1','3D Context with UNIT and UNCERTAINTY') );
#4030 = ( LENGTH_UNIT() NAMED_UNIT(*) SI_UNIT(.MILLI.,.METRE.) );
#4031 = ( NAMED_UNIT(*) PLANE_ANGLE_UNIT() SI_UNIT($,.RADIAN.) );
#4032 = ( NAMED_UNIT(*) SI_UNIT($,.STERADIAN.) SOLID_ANGLE_UNIT() );
#4033 = UNCERTAINTY_MEASURE_WITH_UNIT(LENGTH_MEASURE(1.E-07),#4030,
  'distance_accuracy_value','confusion accuracy');
#4034 = CONTEXT_DEPENDENT_SHAPE_REPRESENTATION(#4035,#4037);
#4035 = ( REPRESENTATION_RELATIONSHIP('','',#3878,#10) 
REPRESENTATION_RELATIONSHIP_WITH_TRANSFORMATION(#4036) 
SHAPE_REPRESENTATION_RELATIONSHIP() );
#4036 = ITEM_DEFINED_TRANSFORMATION('','',#11,#103);
#4037 = PRODUCT_DEFINITION_SHAPE('Placement','Placement of an item',
  #4038);
#4038 = NEXT_ASSEMBLY_USAGE_OCCURRENCE('23',
  'PI_SENSOR_CONNECTOR_PLACEHOLDER','',#5,#3873,$);
#4039 = PRODUCT_RELATED_PRODUCT_CATEGORY('part',$,(#3875));
#4040 = SHAPE_DEFINITION_REPRESENTATION(#4041,#4047);
#4041 = PRODUCT_DEFINITION_SHAPE('','',#4042);
#4042 = PRODUCT_DEFINITION('design','',#4043,#4046);
#4043 = PRODUCT_DEFINITION_FORMATION('','',#4044);
#4044 = PRODUCT('PI5_OUTLINE_56x85_NOMINAL','PI5_OUTLINE_56x85_NOMINAL',
  '',(#4045));
#4045 = PRODUCT_CONTEXT('',#2,'mechanical');
#4046 = PRODUCT_DEFINITION_CONTEXT('part definition',#2,'design');
#4047 = ADVANCED_BREP_SHAPE_REPRESENTATION('',(#11,#4048),#4198);
#4048 = MANIFOLD_SOLID_BREP('',#4049);
#4049 = CLOSED_SHELL('',(#4050,#4090,#4130,#4152,#4174,#4186));
#4050 = ADVANCED_FACE('',(#4051),#4085,.F.);
#4051 = FACE_BOUND('',#4052,.F.);
#4052 = EDGE_LOOP('',(#4053,#4063,#4071,#4079));
#4053 = ORIENTED_EDGE('',*,*,#4054,.F.);
#4054 = EDGE_CURVE('',#4055,#4057,#4059,.T.);
#4055 = VERTEX_POINT('',#4056);
#4056 = CARTESIAN_POINT('',(7.,0.,60.));
#4057 = VERTEX_POINT('',#4058);
#4058 = CARTESIAN_POINT('',(7.,0.,61.6));
#4059 = LINE('',#4060,#4061);
#4060 = CARTESIAN_POINT('',(7.,0.,60.));
#4061 = VECTOR('',#4062,1.);
#4062 = DIRECTION('',(0.,0.,1.));
#4063 = ORIENTED_EDGE('',*,*,#4064,.T.);
#4064 = EDGE_CURVE('',#4055,#4065,#4067,.T.);
#4065 = VERTEX_POINT('',#4066);
#4066 = CARTESIAN_POINT('',(7.,85.,60.));
#4067 = LINE('',#4068,#4069);
#4068 = CARTESIAN_POINT('',(7.,0.,60.));
#4069 = VECTOR('',#4070,1.);
#4070 = DIRECTION('',(-0.,1.,0.));
#4071 = ORIENTED_EDGE('',*,*,#4072,.T.);
#4072 = EDGE_CURVE('',#4065,#4073,#4075,.T.);
#4073 = VERTEX_POINT('',#4074);
#4074 = CARTESIAN_POINT('',(7.,85.,61.6));
#4075 = LINE('',#4076,#4077);
#4076 = CARTESIAN_POINT('',(7.,85.,60.));
#4077 = VECTOR('',#4078,1.);
#4078 = DIRECTION('',(0.,0.,1.));
#4079 = ORIENTED_EDGE('',*,*,#4080,.F.);
#4080 = EDGE_CURVE('',#4057,#4073,#4081,.T.);
#4081 = LINE('',#4082,#4083);
#4082 = CARTESIAN_POINT('',(7.,0.,61.6));
#4083 = VECTOR('',#4084,1.);
#4084 = DIRECTION('',(-0.,1.,0.));
#4085 = PLANE('',#4086);
#4086 = AXIS2_PLACEMENT_3D('',#4087,#4088,#4089);
#4087 = CARTESIAN_POINT('',(7.,0.,60.));
#4088 = DIRECTION('',(1.,0.,-0.));
#4089 = DIRECTION('',(0.,0.,1.));
#4090 = ADVANCED_FACE('',(#4091),#4125,.T.);
#4091 = FACE_BOUND('',#4092,.T.);
#4092 = EDGE_LOOP('',(#4093,#4103,#4111,#4119));
#4093 = ORIENTED_EDGE('',*,*,#4094,.F.);
#4094 = EDGE_CURVE('',#4095,#4097,#4099,.T.);
#4095 = VERTEX_POINT('',#4096);
#4096 = CARTESIAN_POINT('',(63.,0.,60.));
#4097 = VERTEX_POINT('',#4098);
#4098 = CARTESIAN_POINT('',(63.,0.,61.6));
#4099 = LINE('',#4100,#4101);
#4100 = CARTESIAN_POINT('',(63.,0.,60.));
#4101 = VECTOR('',#4102,1.);
#4102 = DIRECTION('',(0.,0.,1.));
#4103 = ORIENTED_EDGE('',*,*,#4104,.T.);
#4104 = EDGE_CURVE('',#4095,#4105,#4107,.T.);
#4105 = VERTEX_POINT('',#4106);
#4106 = CARTESIAN_POINT('',(63.,85.,60.));
#4107 = LINE('',#4108,#4109);
#4108 = CARTESIAN_POINT('',(63.,0.,60.));
#4109 = VECTOR('',#4110,1.);
#4110 = DIRECTION('',(-0.,1.,0.));
#4111 = ORIENTED_EDGE('',*,*,#4112,.T.);
#4112 = EDGE_CURVE('',#4105,#4113,#4115,.T.);
#4113 = VERTEX_POINT('',#4114);
#4114 = CARTESIAN_POINT('',(63.,85.,61.6));
#4115 = LINE('',#4116,#4117);
#4116 = CARTESIAN_POINT('',(63.,85.,60.));
#4117 = VECTOR('',#4118,1.);
#4118 = DIRECTION('',(0.,0.,1.));
#4119 = ORIENTED_EDGE('',*,*,#4120,.F.);
#4120 = EDGE_CURVE('',#4097,#4113,#4121,.T.);
#4121 = LINE('',#4122,#4123);
#4122 = CARTESIAN_POINT('',(63.,0.,61.6));
#4123 = VECTOR('',#4124,1.);
#4124 = DIRECTION('',(-0.,1.,0.));
#4125 = PLANE('',#4126);
#4126 = AXIS2_PLACEMENT_3D('',#4127,#4128,#4129);
#4127 = CARTESIAN_POINT('',(63.,0.,60.));
#4128 = DIRECTION('',(1.,0.,-0.));
#4129 = DIRECTION('',(0.,0.,1.));
#4130 = ADVANCED_FACE('',(#4131),#4147,.F.);
#4131 = FACE_BOUND('',#4132,.F.);
#4132 = EDGE_LOOP('',(#4133,#4139,#4140,#4146));
#4133 = ORIENTED_EDGE('',*,*,#4134,.F.);
#4134 = EDGE_CURVE('',#4055,#4095,#4135,.T.);
#4135 = LINE('',#4136,#4137);
#4136 = CARTESIAN_POINT('',(7.,0.,60.));
#4137 = VECTOR('',#4138,1.);
#4138 = DIRECTION('',(1.,0.,-0.));
#4139 = ORIENTED_EDGE('',*,*,#4054,.T.);
#4140 = ORIENTED_EDGE('',*,*,#4141,.T.);
#4141 = EDGE_CURVE('',#4057,#4097,#4142,.T.);
#4142 = LINE('',#4143,#4144);
#4143 = CARTESIAN_POINT('',(7.,0.,61.6));
#4144 = VECTOR('',#4145,1.);
#4145 = DIRECTION('',(1.,0.,-0.));
#4146 = ORIENTED_EDGE('',*,*,#4094,.F.);
#4147 = PLANE('',#4148);
#4148 = AXIS2_PLACEMENT_3D('',#4149,#4150,#4151);
#4149 = CARTESIAN_POINT('',(7.,0.,60.));
#4150 = DIRECTION('',(-0.,1.,0.));
#4151 = DIRECTION('',(0.,0.,1.));
#4152 = ADVANCED_FACE('',(#4153),#4169,.T.);
#4153 = FACE_BOUND('',#4154,.T.);
#4154 = EDGE_LOOP('',(#4155,#4161,#4162,#4168));
#4155 = ORIENTED_EDGE('',*,*,#4156,.F.);
#4156 = EDGE_CURVE('',#4065,#4105,#4157,.T.);
#4157 = LINE('',#4158,#4159);
#4158 = CARTESIAN_POINT('',(7.,85.,60.));
#4159 = VECTOR('',#4160,1.);
#4160 = DIRECTION('',(1.,0.,-0.));
#4161 = ORIENTED_EDGE('',*,*,#4072,.T.);
#4162 = ORIENTED_EDGE('',*,*,#4163,.T.);
#4163 = EDGE_CURVE('',#4073,#4113,#4164,.T.);
#4164 = LINE('',#4165,#4166);
#4165 = CARTESIAN_POINT('',(7.,85.,61.6));
#4166 = VECTOR('',#4167,1.);
#4167 = DIRECTION('',(1.,0.,-0.));
#4168 = ORIENTED_EDGE('',*,*,#4112,.F.);
#4169 = PLANE('',#4170);
#4170 = AXIS2_PLACEMENT_3D('',#4171,#4172,#4173);
#4171 = CARTESIAN_POINT('',(7.,85.,60.));
#4172 = DIRECTION('',(-0.,1.,0.));
#4173 = DIRECTION('',(0.,0.,1.));
#4174 = ADVANCED_FACE('',(#4175),#4181,.F.);
#4175 = FACE_BOUND('',#4176,.F.);
#4176 = EDGE_LOOP('',(#4177,#4178,#4179,#4180));
#4177 = ORIENTED_EDGE('',*,*,#4064,.F.);
#4178 = ORIENTED_EDGE('',*,*,#4134,.T.);
#4179 = ORIENTED_EDGE('',*,*,#4104,.T.);
#4180 = ORIENTED_EDGE('',*,*,#4156,.F.);
#4181 = PLANE('',#4182);
#4182 = AXIS2_PLACEMENT_3D('',#4183,#4184,#4185);
#4183 = CARTESIAN_POINT('',(7.,0.,60.));
#4184 = DIRECTION('',(0.,0.,1.));
#4185 = DIRECTION('',(1.,0.,-0.));
#4186 = ADVANCED_FACE('',(#4187),#4193,.T.);
#4187 = FACE_BOUND('',#4188,.T.);
#4188 = EDGE_LOOP('',(#4189,#4190,#4191,#4192));
#4189 = ORIENTED_EDGE('',*,*,#4080,.F.);
#4190 = ORIENTED_EDGE('',*,*,#4141,.T.);
#4191 = ORIENTED_EDGE('',*,*,#4120,.T.);
#4192 = ORIENTED_EDGE('',*,*,#4163,.F.);
#4193 = PLANE('',#4194);
#4194 = AXIS2_PLACEMENT_3D('',#4195,#4196,#4197);
#4195 = CARTESIAN_POINT('',(7.,0.,61.6));
#4196 = DIRECTION('',(0.,0.,1.));
#4197 = DIRECTION('',(1.,0.,-0.));
#4198 = ( GEOMETRIC_REPRESENTATION_CONTEXT(3) 
GLOBAL_UNCERTAINTY_ASSIGNED_CONTEXT((#4202)) 
GLOBAL_UNIT_ASSIGNED_CONTEXT((#4199,#4200,#4201)) REPRESENTATION_CONTEXT
('Context #1','3D Context with UNIT and UNCERTAINTY') );
#4199 = ( LENGTH_UNIT() NAMED_UNIT(*) SI_UNIT(.MILLI.,.METRE.) );
#4200 = ( NAMED_UNIT(*) PLANE_ANGLE_UNIT() SI_UNIT($,.RADIAN.) );
#4201 = ( NAMED_UNIT(*) SI_UNIT($,.STERADIAN.) SOLID_ANGLE_UNIT() );
#4202 = UNCERTAINTY_MEASURE_WITH_UNIT(LENGTH_MEASURE(1.E-07),#4199,
  'distance_accuracy_value','confusion accuracy');
#4203 = CONTEXT_DEPENDENT_SHAPE_REPRESENTATION(#4204,#4206);
#4204 = ( REPRESENTATION_RELATIONSHIP('','',#4047,#10) 
REPRESENTATION_RELATIONSHIP_WITH_TRANSFORMATION(#4205) 
SHAPE_REPRESENTATION_RELATIONSHIP() );
#4205 = ITEM_DEFINED_TRANSFORMATION('','',#11,#107);
#4206 = PRODUCT_DEFINITION_SHAPE('Placement','Placement of an item',
  #4207);
#4207 = NEXT_ASSEMBLY_USAGE_OCCURRENCE('24','PI5_OUTLINE_56x85_NOMINAL',
  '',#5,#4042,$);
#4208 = PRODUCT_RELATED_PRODUCT_CATEGORY('part',$,(#4044));
#4209 = SHAPE_DEFINITION_REPRESENTATION(#4210,#4216);
#4210 = PRODUCT_DEFINITION_SHAPE('','',#4211);
#4211 = PRODUCT_DEFINITION('design','',#4212,#4215);
#4212 = PRODUCT_DEFINITION_FORMATION('','',#4213);
#4213 = PRODUCT('PI_PORT_ENVELOPE_PLACEHOLDER',
  'PI_PORT_ENVELOPE_PLACEHOLDER','',(#4214));
#4214 = PRODUCT_CONTEXT('',#2,'mechanical');
#4215 = PRODUCT_DEFINITION_CONTEXT('part definition',#2,'design');
#4216 = ADVANCED_BREP_SHAPE_REPRESENTATION('',(#11,#4217),#4367);
#4217 = MANIFOLD_SOLID_BREP('',#4218);
#4218 = CLOSED_SHELL('',(#4219,#4259,#4299,#4321,#4343,#4355));
#4219 = ADVANCED_FACE('',(#4220),#4254,.F.);
#4220 = FACE_BOUND('',#4221,.F.);
#4221 = EDGE_LOOP('',(#4222,#4232,#4240,#4248));
#4222 = ORIENTED_EDGE('',*,*,#4223,.F.);
#4223 = EDGE_CURVE('',#4224,#4226,#4228,.T.);
#4224 = VERTEX_POINT('',#4225);
#4225 = CARTESIAN_POINT('',(9.,1.,61.6));
#4226 = VERTEX_POINT('',#4227);
#4227 = CARTESIAN_POINT('',(9.,1.,77.6));
#4228 = LINE('',#4229,#4230);
#4229 = CARTESIAN_POINT('',(9.,1.,61.6));
#4230 = VECTOR('',#4231,1.);
#4231 = DIRECTION('',(0.,0.,1.));
#4232 = ORIENTED_EDGE('',*,*,#4233,.T.);
#4233 = EDGE_CURVE('',#4224,#4234,#4236,.T.);
#4234 = VERTEX_POINT('',#4235);
#4235 = CARTESIAN_POINT('',(9.,21.,61.6));
#4236 = LINE('',#4237,#4238);
#4237 = CARTESIAN_POINT('',(9.,1.,61.6));
#4238 = VECTOR('',#4239,1.);
#4239 = DIRECTION('',(-0.,1.,0.));
#4240 = ORIENTED_EDGE('',*,*,#4241,.T.);
#4241 = EDGE_CURVE('',#4234,#4242,#4244,.T.);
#4242 = VERTEX_POINT('',#4243);
#4243 = CARTESIAN_POINT('',(9.,21.,77.6));
#4244 = LINE('',#4245,#4246);
#4245 = CARTESIAN_POINT('',(9.,21.,61.6));
#4246 = VECTOR('',#4247,1.);
#4247 = DIRECTION('',(0.,0.,1.));
#4248 = ORIENTED_EDGE('',*,*,#4249,.F.);
#4249 = EDGE_CURVE('',#4226,#4242,#4250,.T.);
#4250 = LINE('',#4251,#4252);
#4251 = CARTESIAN_POINT('',(9.,1.,77.6));
#4252 = VECTOR('',#4253,1.);
#4253 = DIRECTION('',(-0.,1.,0.));
#4254 = PLANE('',#4255);
#4255 = AXIS2_PLACEMENT_3D('',#4256,#4257,#4258);
#4256 = CARTESIAN_POINT('',(9.,1.,61.6));
#4257 = DIRECTION('',(1.,0.,-0.));
#4258 = DIRECTION('',(0.,0.,1.));
#4259 = ADVANCED_FACE('',(#4260),#4294,.T.);
#4260 = FACE_BOUND('',#4261,.T.);
#4261 = EDGE_LOOP('',(#4262,#4272,#4280,#4288));
#4262 = ORIENTED_EDGE('',*,*,#4263,.F.);
#4263 = EDGE_CURVE('',#4264,#4266,#4268,.T.);
#4264 = VERTEX_POINT('',#4265);
#4265 = CARTESIAN_POINT('',(60.,1.,61.6));
#4266 = VERTEX_POINT('',#4267);
#4267 = CARTESIAN_POINT('',(60.,1.,77.6));
#4268 = LINE('',#4269,#4270);
#4269 = CARTESIAN_POINT('',(60.,1.,61.6));
#4270 = VECTOR('',#4271,1.);
#4271 = DIRECTION('',(0.,0.,1.));
#4272 = ORIENTED_EDGE('',*,*,#4273,.T.);
#4273 = EDGE_CURVE('',#4264,#4274,#4276,.T.);
#4274 = VERTEX_POINT('',#4275);
#4275 = CARTESIAN_POINT('',(60.,21.,61.6));
#4276 = LINE('',#4277,#4278);
#4277 = CARTESIAN_POINT('',(60.,1.,61.6));
#4278 = VECTOR('',#4279,1.);
#4279 = DIRECTION('',(-0.,1.,0.));
#4280 = ORIENTED_EDGE('',*,*,#4281,.T.);
#4281 = EDGE_CURVE('',#4274,#4282,#4284,.T.);
#4282 = VERTEX_POINT('',#4283);
#4283 = CARTESIAN_POINT('',(60.,21.,77.6));
#4284 = LINE('',#4285,#4286);
#4285 = CARTESIAN_POINT('',(60.,21.,61.6));
#4286 = VECTOR('',#4287,1.);
#4287 = DIRECTION('',(0.,0.,1.));
#4288 = ORIENTED_EDGE('',*,*,#4289,.F.);
#4289 = EDGE_CURVE('',#4266,#4282,#4290,.T.);
#4290 = LINE('',#4291,#4292);
#4291 = CARTESIAN_POINT('',(60.,1.,77.6));
#4292 = VECTOR('',#4293,1.);
#4293 = DIRECTION('',(-0.,1.,0.));
#4294 = PLANE('',#4295);
#4295 = AXIS2_PLACEMENT_3D('',#4296,#4297,#4298);
#4296 = CARTESIAN_POINT('',(60.,1.,61.6));
#4297 = DIRECTION('',(1.,0.,-0.));
#4298 = DIRECTION('',(0.,0.,1.));
#4299 = ADVANCED_FACE('',(#4300),#4316,.F.);
#4300 = FACE_BOUND('',#4301,.F.);
#4301 = EDGE_LOOP('',(#4302,#4308,#4309,#4315));
#4302 = ORIENTED_EDGE('',*,*,#4303,.F.);
#4303 = EDGE_CURVE('',#4224,#4264,#4304,.T.);
#4304 = LINE('',#4305,#4306);
#4305 = CARTESIAN_POINT('',(9.,1.,61.6));
#4306 = VECTOR('',#4307,1.);
#4307 = DIRECTION('',(1.,0.,-0.));
#4308 = ORIENTED_EDGE('',*,*,#4223,.T.);
#4309 = ORIENTED_EDGE('',*,*,#4310,.T.);
#4310 = EDGE_CURVE('',#4226,#4266,#4311,.T.);
#4311 = LINE('',#4312,#4313);
#4312 = CARTESIAN_POINT('',(9.,1.,77.6));
#4313 = VECTOR('',#4314,1.);
#4314 = DIRECTION('',(1.,0.,-0.));
#4315 = ORIENTED_EDGE('',*,*,#4263,.F.);
#4316 = PLANE('',#4317);
#4317 = AXIS2_PLACEMENT_3D('',#4318,#4319,#4320);
#4318 = CARTESIAN_POINT('',(9.,1.,61.6));
#4319 = DIRECTION('',(-0.,1.,0.));
#4320 = DIRECTION('',(0.,0.,1.));
#4321 = ADVANCED_FACE('',(#4322),#4338,.T.);
#4322 = FACE_BOUND('',#4323,.T.);
#4323 = EDGE_LOOP('',(#4324,#4330,#4331,#4337));
#4324 = ORIENTED_EDGE('',*,*,#4325,.F.);
#4325 = EDGE_CURVE('',#4234,#4274,#4326,.T.);
#4326 = LINE('',#4327,#4328);
#4327 = CARTESIAN_POINT('',(9.,21.,61.6));
#4328 = VECTOR('',#4329,1.);
#4329 = DIRECTION('',(1.,0.,-0.));
#4330 = ORIENTED_EDGE('',*,*,#4241,.T.);
#4331 = ORIENTED_EDGE('',*,*,#4332,.T.);
#4332 = EDGE_CURVE('',#4242,#4282,#4333,.T.);
#4333 = LINE('',#4334,#4335);
#4334 = CARTESIAN_POINT('',(9.,21.,77.6));
#4335 = VECTOR('',#4336,1.);
#4336 = DIRECTION('',(1.,0.,-0.));
#4337 = ORIENTED_EDGE('',*,*,#4281,.F.);
#4338 = PLANE('',#4339);
#4339 = AXIS2_PLACEMENT_3D('',#4340,#4341,#4342);
#4340 = CARTESIAN_POINT('',(9.,21.,61.6));
#4341 = DIRECTION('',(-0.,1.,0.));
#4342 = DIRECTION('',(0.,0.,1.));
#4343 = ADVANCED_FACE('',(#4344),#4350,.F.);
#4344 = FACE_BOUND('',#4345,.F.);
#4345 = EDGE_LOOP('',(#4346,#4347,#4348,#4349));
#4346 = ORIENTED_EDGE('',*,*,#4233,.F.);
#4347 = ORIENTED_EDGE('',*,*,#4303,.T.);
#4348 = ORIENTED_EDGE('',*,*,#4273,.T.);
#4349 = ORIENTED_EDGE('',*,*,#4325,.F.);
#4350 = PLANE('',#4351);
#4351 = AXIS2_PLACEMENT_3D('',#4352,#4353,#4354);
#4352 = CARTESIAN_POINT('',(9.,1.,61.6));
#4353 = DIRECTION('',(0.,0.,1.));
#4354 = DIRECTION('',(1.,0.,-0.));
#4355 = ADVANCED_FACE('',(#4356),#4362,.T.);
#4356 = FACE_BOUND('',#4357,.T.);
#4357 = EDGE_LOOP('',(#4358,#4359,#4360,#4361));
#4358 = ORIENTED_EDGE('',*,*,#4249,.F.);
#4359 = ORIENTED_EDGE('',*,*,#4310,.T.);
#4360 = ORIENTED_EDGE('',*,*,#4289,.T.);
#4361 = ORIENTED_EDGE('',*,*,#4332,.F.);
#4362 = PLANE('',#4363);
#4363 = AXIS2_PLACEMENT_3D('',#4364,#4365,#4366);
#4364 = CARTESIAN_POINT('',(9.,1.,77.6));
#4365 = DIRECTION('',(0.,0.,1.));
#4366 = DIRECTION('',(1.,0.,-0.));
#4367 = ( GEOMETRIC_REPRESENTATION_CONTEXT(3) 
GLOBAL_UNCERTAINTY_ASSIGNED_CONTEXT((#4371)) 
GLOBAL_UNIT_ASSIGNED_CONTEXT((#4368,#4369,#4370)) REPRESENTATION_CONTEXT
('Context #1','3D Context with UNIT and UNCERTAINTY') );
#4368 = ( LENGTH_UNIT() NAMED_UNIT(*) SI_UNIT(.MILLI.,.METRE.) );
#4369 = ( NAMED_UNIT(*) PLANE_ANGLE_UNIT() SI_UNIT($,.RADIAN.) );
#4370 = ( NAMED_UNIT(*) SI_UNIT($,.STERADIAN.) SOLID_ANGLE_UNIT() );
#4371 = UNCERTAINTY_MEASURE_WITH_UNIT(LENGTH_MEASURE(1.E-07),#4368,
  'distance_accuracy_value','confusion accuracy');
#4372 = CONTEXT_DEPENDENT_SHAPE_REPRESENTATION(#4373,#4375);
#4373 = ( REPRESENTATION_RELATIONSHIP('','',#4216,#10) 
REPRESENTATION_RELATIONSHIP_WITH_TRANSFORMATION(#4374) 
SHAPE_REPRESENTATION_RELATIONSHIP() );
#4374 = ITEM_DEFINED_TRANSFORMATION('','',#11,#111);
#4375 = PRODUCT_DEFINITION_SHAPE('Placement','Placement of an item',
  #4376);
#4376 = NEXT_ASSEMBLY_USAGE_OCCURRENCE('25',
  'PI_PORT_ENVELOPE_PLACEHOLDER','',#5,#4211,$);
#4377 = PRODUCT_RELATED_PRODUCT_CATEGORY('part',$,(#4213));
#4378 = SHAPE_DEFINITION_REPRESENTATION(#4379,#4385);
#4379 = PRODUCT_DEFINITION_SHAPE('','',#4380);
#4380 = PRODUCT_DEFINITION('design','',#4381,#4384);
#4381 = PRODUCT_DEFINITION_FORMATION('','',#4382);
#4382 = PRODUCT('COOLER_ENVELOPE_PLACEHOLDER',
  'COOLER_ENVELOPE_PLACEHOLDER','',(#4383));
#4383 = PRODUCT_CONTEXT('',#2,'mechanical');
#4384 = PRODUCT_DEFINITION_CONTEXT('part definition',#2,'design');
#4385 = ADVANCED_BREP_SHAPE_REPRESENTATION('',(#11,#4386),#4536);
#4386 = MANIFOLD_SOLID_BREP('',#4387);
#4387 = CLOSED_SHELL('',(#4388,#4428,#4468,#4490,#4512,#4524));
#4388 = ADVANCED_FACE('',(#4389),#4423,.F.);
#4389 = FACE_BOUND('',#4390,.F.);
#4390 = EDGE_LOOP('',(#4391,#4401,#4409,#4417));
#4391 = ORIENTED_EDGE('',*,*,#4392,.F.);
#4392 = EDGE_CURVE('',#4393,#4395,#4397,.T.);
#4393 = VERTEX_POINT('',#4394);
#4394 = CARTESIAN_POINT('',(18.,31.,61.6));
#4395 = VERTEX_POINT('',#4396);
#4396 = CARTESIAN_POINT('',(18.,31.,76.6));
#4397 = LINE('',#4398,#4399);
#4398 = CARTESIAN_POINT('',(18.,31.,61.6));
#4399 = VECTOR('',#4400,1.);
#4400 = DIRECTION('',(0.,0.,1.));
#4401 = ORIENTED_EDGE('',*,*,#4402,.T.);
#4402 = EDGE_CURVE('',#4393,#4403,#4405,.T.);
#4403 = VERTEX_POINT('',#4404);
#4404 = CARTESIAN_POINT('',(18.,69.,61.6));
#4405 = LINE('',#4406,#4407);
#4406 = CARTESIAN_POINT('',(18.,31.,61.6));
#4407 = VECTOR('',#4408,1.);
#4408 = DIRECTION('',(-0.,1.,0.));
#4409 = ORIENTED_EDGE('',*,*,#4410,.T.);
#4410 = EDGE_CURVE('',#4403,#4411,#4413,.T.);
#4411 = VERTEX_POINT('',#4412);
#4412 = CARTESIAN_POINT('',(18.,69.,76.6));
#4413 = LINE('',#4414,#4415);
#4414 = CARTESIAN_POINT('',(18.,69.,61.6));
#4415 = VECTOR('',#4416,1.);
#4416 = DIRECTION('',(0.,0.,1.));
#4417 = ORIENTED_EDGE('',*,*,#4418,.F.);
#4418 = EDGE_CURVE('',#4395,#4411,#4419,.T.);
#4419 = LINE('',#4420,#4421);
#4420 = CARTESIAN_POINT('',(18.,31.,76.6));
#4421 = VECTOR('',#4422,1.);
#4422 = DIRECTION('',(-0.,1.,0.));
#4423 = PLANE('',#4424);
#4424 = AXIS2_PLACEMENT_3D('',#4425,#4426,#4427);
#4425 = CARTESIAN_POINT('',(18.,31.,61.6));
#4426 = DIRECTION('',(1.,0.,-0.));
#4427 = DIRECTION('',(0.,0.,1.));
#4428 = ADVANCED_FACE('',(#4429),#4463,.T.);
#4429 = FACE_BOUND('',#4430,.T.);
#4430 = EDGE_LOOP('',(#4431,#4441,#4449,#4457));
#4431 = ORIENTED_EDGE('',*,*,#4432,.F.);
#4432 = EDGE_CURVE('',#4433,#4435,#4437,.T.);
#4433 = VERTEX_POINT('',#4434);
#4434 = CARTESIAN_POINT('',(51.,31.,61.6));
#4435 = VERTEX_POINT('',#4436);
#4436 = CARTESIAN_POINT('',(51.,31.,76.6));
#4437 = LINE('',#4438,#4439);
#4438 = CARTESIAN_POINT('',(51.,31.,61.6));
#4439 = VECTOR('',#4440,1.);
#4440 = DIRECTION('',(0.,0.,1.));
#4441 = ORIENTED_EDGE('',*,*,#4442,.T.);
#4442 = EDGE_CURVE('',#4433,#4443,#4445,.T.);
#4443 = VERTEX_POINT('',#4444);
#4444 = CARTESIAN_POINT('',(51.,69.,61.6));
#4445 = LINE('',#4446,#4447);
#4446 = CARTESIAN_POINT('',(51.,31.,61.6));
#4447 = VECTOR('',#4448,1.);
#4448 = DIRECTION('',(-0.,1.,0.));
#4449 = ORIENTED_EDGE('',*,*,#4450,.T.);
#4450 = EDGE_CURVE('',#4443,#4451,#4453,.T.);
#4451 = VERTEX_POINT('',#4452);
#4452 = CARTESIAN_POINT('',(51.,69.,76.6));
#4453 = LINE('',#4454,#4455);
#4454 = CARTESIAN_POINT('',(51.,69.,61.6));
#4455 = VECTOR('',#4456,1.);
#4456 = DIRECTION('',(0.,0.,1.));
#4457 = ORIENTED_EDGE('',*,*,#4458,.F.);
#4458 = EDGE_CURVE('',#4435,#4451,#4459,.T.);
#4459 = LINE('',#4460,#4461);
#4460 = CARTESIAN_POINT('',(51.,31.,76.6));
#4461 = VECTOR('',#4462,1.);
#4462 = DIRECTION('',(-0.,1.,0.));
#4463 = PLANE('',#4464);
#4464 = AXIS2_PLACEMENT_3D('',#4465,#4466,#4467);
#4465 = CARTESIAN_POINT('',(51.,31.,61.6));
#4466 = DIRECTION('',(1.,0.,-0.));
#4467 = DIRECTION('',(0.,0.,1.));
#4468 = ADVANCED_FACE('',(#4469),#4485,.F.);
#4469 = FACE_BOUND('',#4470,.F.);
#4470 = EDGE_LOOP('',(#4471,#4477,#4478,#4484));
#4471 = ORIENTED_EDGE('',*,*,#4472,.F.);
#4472 = EDGE_CURVE('',#4393,#4433,#4473,.T.);
#4473 = LINE('',#4474,#4475);
#4474 = CARTESIAN_POINT('',(18.,31.,61.6));
#4475 = VECTOR('',#4476,1.);
#4476 = DIRECTION('',(1.,0.,-0.));
#4477 = ORIENTED_EDGE('',*,*,#4392,.T.);
#4478 = ORIENTED_EDGE('',*,*,#4479,.T.);
#4479 = EDGE_CURVE('',#4395,#4435,#4480,.T.);
#4480 = LINE('',#4481,#4482);
#4481 = CARTESIAN_POINT('',(18.,31.,76.6));
#4482 = VECTOR('',#4483,1.);
#4483 = DIRECTION('',(1.,0.,-0.));
#4484 = ORIENTED_EDGE('',*,*,#4432,.F.);
#4485 = PLANE('',#4486);
#4486 = AXIS2_PLACEMENT_3D('',#4487,#4488,#4489);
#4487 = CARTESIAN_POINT('',(18.,31.,61.6));
#4488 = DIRECTION('',(-0.,1.,0.));
#4489 = DIRECTION('',(0.,0.,1.));
#4490 = ADVANCED_FACE('',(#4491),#4507,.T.);
#4491 = FACE_BOUND('',#4492,.T.);
#4492 = EDGE_LOOP('',(#4493,#4499,#4500,#4506));
#4493 = ORIENTED_EDGE('',*,*,#4494,.F.);
#4494 = EDGE_CURVE('',#4403,#4443,#4495,.T.);
#4495 = LINE('',#4496,#4497);
#4496 = CARTESIAN_POINT('',(18.,69.,61.6));
#4497 = VECTOR('',#4498,1.);
#4498 = DIRECTION('',(1.,0.,-0.));
#4499 = ORIENTED_EDGE('',*,*,#4410,.T.);
#4500 = ORIENTED_EDGE('',*,*,#4501,.T.);
#4501 = EDGE_CURVE('',#4411,#4451,#4502,.T.);
#4502 = LINE('',#4503,#4504);
#4503 = CARTESIAN_POINT('',(18.,69.,76.6));
#4504 = VECTOR('',#4505,1.);
#4505 = DIRECTION('',(1.,0.,-0.));
#4506 = ORIENTED_EDGE('',*,*,#4450,.F.);
#4507 = PLANE('',#4508);
#4508 = AXIS2_PLACEMENT_3D('',#4509,#4510,#4511);
#4509 = CARTESIAN_POINT('',(18.,69.,61.6));
#4510 = DIRECTION('',(-0.,1.,0.));
#4511 = DIRECTION('',(0.,0.,1.));
#4512 = ADVANCED_FACE('',(#4513),#4519,.F.);
#4513 = FACE_BOUND('',#4514,.F.);
#4514 = EDGE_LOOP('',(#4515,#4516,#4517,#4518));
#4515 = ORIENTED_EDGE('',*,*,#4402,.F.);
#4516 = ORIENTED_EDGE('',*,*,#4472,.T.);
#4517 = ORIENTED_EDGE('',*,*,#4442,.T.);
#4518 = ORIENTED_EDGE('',*,*,#4494,.F.);
#4519 = PLANE('',#4520);
#4520 = AXIS2_PLACEMENT_3D('',#4521,#4522,#4523);
#4521 = CARTESIAN_POINT('',(18.,31.,61.6));
#4522 = DIRECTION('',(0.,0.,1.));
#4523 = DIRECTION('',(1.,0.,-0.));
#4524 = ADVANCED_FACE('',(#4525),#4531,.T.);
#4525 = FACE_BOUND('',#4526,.T.);
#4526 = EDGE_LOOP('',(#4527,#4528,#4529,#4530));
#4527 = ORIENTED_EDGE('',*,*,#4418,.F.);
#4528 = ORIENTED_EDGE('',*,*,#4479,.T.);
#4529 = ORIENTED_EDGE('',*,*,#4458,.T.);
#4530 = ORIENTED_EDGE('',*,*,#4501,.F.);
#4531 = PLANE('',#4532);
#4532 = AXIS2_PLACEMENT_3D('',#4533,#4534,#4535);
#4533 = CARTESIAN_POINT('',(18.,31.,76.6));
#4534 = DIRECTION('',(0.,0.,1.));
#4535 = DIRECTION('',(1.,0.,-0.));
#4536 = ( GEOMETRIC_REPRESENTATION_CONTEXT(3) 
GLOBAL_UNCERTAINTY_ASSIGNED_CONTEXT((#4540)) 
GLOBAL_UNIT_ASSIGNED_CONTEXT((#4537,#4538,#4539)) REPRESENTATION_CONTEXT
('Context #1','3D Context with UNIT and UNCERTAINTY') );
#4537 = ( LENGTH_UNIT() NAMED_UNIT(*) SI_UNIT(.MILLI.,.METRE.) );
#4538 = ( NAMED_UNIT(*) PLANE_ANGLE_UNIT() SI_UNIT($,.RADIAN.) );
#4539 = ( NAMED_UNIT(*) SI_UNIT($,.STERADIAN.) SOLID_ANGLE_UNIT() );
#4540 = UNCERTAINTY_MEASURE_WITH_UNIT(LENGTH_MEASURE(1.E-07),#4537,
  'distance_accuracy_value','confusion accuracy');
#4541 = CONTEXT_DEPENDENT_SHAPE_REPRESENTATION(#4542,#4544);
#4542 = ( REPRESENTATION_RELATIONSHIP('','',#4385,#10) 
REPRESENTATION_RELATIONSHIP_WITH_TRANSFORMATION(#4543) 
SHAPE_REPRESENTATION_RELATIONSHIP() );
#4543 = ITEM_DEFINED_TRANSFORMATION('','',#11,#115);
#4544 = PRODUCT_DEFINITION_SHAPE('Placement','Placement of an item',
  #4545);
#4545 = NEXT_ASSEMBLY_USAGE_OCCURRENCE('26',
  'COOLER_ENVELOPE_PLACEHOLDER','',#5,#4380,$);
#4546 = PRODUCT_RELATED_PRODUCT_CATEGORY('part',$,(#4382));
#4547 = SHAPE_DEFINITION_REPRESENTATION(#4548,#4554);
#4548 = PRODUCT_DEFINITION_SHAPE('','',#4549);
#4549 = PRODUCT_DEFINITION('design','',#4550,#4553);
#4550 = PRODUCT_DEFINITION_FORMATION('','',#4551);
#4551 = PRODUCT('FAN_PLACEHOLDER','FAN_PLACEHOLDER','',(#4552));
#4552 = PRODUCT_CONTEXT('',#2,'mechanical');
#4553 = PRODUCT_DEFINITION_CONTEXT('part definition',#2,'design');
#4554 = ADVANCED_BREP_SHAPE_REPRESENTATION('',(#11,#4555),#4608);
#4555 = MANIFOLD_SOLID_BREP('',#4556);
#4556 = CLOSED_SHELL('',(#4557,#4590,#4599));
#4557 = ADVANCED_FACE('',(#4558),#4585,.T.);
#4558 = FACE_BOUND('',#4559,.T.);
#4559 = EDGE_LOOP('',(#4560,#4569,#4577,#4584));
#4560 = ORIENTED_EDGE('',*,*,#4561,.F.);
#4561 = EDGE_CURVE('',#4562,#4562,#4564,.T.);
#4562 = VERTEX_POINT('',#4563);
#4563 = CARTESIAN_POINT('',(46.5,50.,79.6));
#4564 = CIRCLE('',#4565,12.);
#4565 = AXIS2_PLACEMENT_3D('',#4566,#4567,#4568);
#4566 = CARTESIAN_POINT('',(34.5,50.,79.6));
#4567 = DIRECTION('',(0.,0.,1.));
#4568 = DIRECTION('',(1.,0.,-0.));
#4569 = ORIENTED_EDGE('',*,*,#4570,.F.);
#4570 = EDGE_CURVE('',#4571,#4562,#4573,.T.);
#4571 = VERTEX_POINT('',#4572);
#4572 = CARTESIAN_POINT('',(46.5,50.,76.6));
#4573 = LINE('',#4574,#4575);
#4574 = CARTESIAN_POINT('',(46.5,50.,76.6));
#4575 = VECTOR('',#4576,1.);
#4576 = DIRECTION('',(0.,0.,1.));
#4577 = ORIENTED_EDGE('',*,*,#4578,.T.);
#4578 = EDGE_CURVE('',#4571,#4571,#4579,.T.);
#4579 = CIRCLE('',#4580,12.);
#4580 = AXIS2_PLACEMENT_3D('',#4581,#4582,#4583);
#4581 = CARTESIAN_POINT('',(34.5,50.,76.6));
#4582 = DIRECTION('',(0.,0.,1.));
#4583 = DIRECTION('',(1.,0.,-0.));
#4584 = ORIENTED_EDGE('',*,*,#4570,.T.);
#4585 = CYLINDRICAL_SURFACE('',#4586,12.);
#4586 = AXIS2_PLACEMENT_3D('',#4587,#4588,#4589);
#4587 = CARTESIAN_POINT('',(34.5,50.,76.6));
#4588 = DIRECTION('',(0.,0.,1.));
#4589 = DIRECTION('',(1.,0.,-0.));
#4590 = ADVANCED_FACE('',(#4591),#4594,.T.);
#4591 = FACE_BOUND('',#4592,.T.);
#4592 = EDGE_LOOP('',(#4593));
#4593 = ORIENTED_EDGE('',*,*,#4561,.T.);
#4594 = PLANE('',#4595);
#4595 = AXIS2_PLACEMENT_3D('',#4596,#4597,#4598);
#4596 = CARTESIAN_POINT('',(34.5,50.,79.6));
#4597 = DIRECTION('',(0.,0.,1.));
#4598 = DIRECTION('',(1.,0.,-0.));
#4599 = ADVANCED_FACE('',(#4600),#4603,.F.);
#4600 = FACE_BOUND('',#4601,.T.);
#4601 = EDGE_LOOP('',(#4602));
#4602 = ORIENTED_EDGE('',*,*,#4578,.F.);
#4603 = PLANE('',#4604);
#4604 = AXIS2_PLACEMENT_3D('',#4605,#4606,#4607);
#4605 = CARTESIAN_POINT('',(34.5,50.,76.6));
#4606 = DIRECTION('',(0.,0.,1.));
#4607 = DIRECTION('',(1.,0.,-0.));
#4608 = ( GEOMETRIC_REPRESENTATION_CONTEXT(3) 
GLOBAL_UNCERTAINTY_ASSIGNED_CONTEXT((#4612)) 
GLOBAL_UNIT_ASSIGNED_CONTEXT((#4609,#4610,#4611)) REPRESENTATION_CONTEXT
('Context #1','3D Context with UNIT and UNCERTAINTY') );
#4609 = ( LENGTH_UNIT() NAMED_UNIT(*) SI_UNIT(.MILLI.,.METRE.) );
#4610 = ( NAMED_UNIT(*) PLANE_ANGLE_UNIT() SI_UNIT($,.RADIAN.) );
#4611 = ( NAMED_UNIT(*) SI_UNIT($,.STERADIAN.) SOLID_ANGLE_UNIT() );
#4612 = UNCERTAINTY_MEASURE_WITH_UNIT(LENGTH_MEASURE(1.E-07),#4609,
  'distance_accuracy_value','confusion accuracy');
#4613 = CONTEXT_DEPENDENT_SHAPE_REPRESENTATION(#4614,#4616);
#4614 = ( REPRESENTATION_RELATIONSHIP('','',#4554,#10) 
REPRESENTATION_RELATIONSHIP_WITH_TRANSFORMATION(#4615) 
SHAPE_REPRESENTATION_RELATIONSHIP() );
#4615 = ITEM_DEFINED_TRANSFORMATION('','',#11,#119);
#4616 = PRODUCT_DEFINITION_SHAPE('Placement','Placement of an item',
  #4617);
#4617 = NEXT_ASSEMBLY_USAGE_OCCURRENCE('27','FAN_PLACEHOLDER','',#5,
  #4549,$);
#4618 = PRODUCT_RELATED_PRODUCT_CATEGORY('part',$,(#4551));
#4619 = SHAPE_DEFINITION_REPRESENTATION(#4620,#4626);
#4620 = PRODUCT_DEFINITION_SHAPE('','',#4621);
#4621 = PRODUCT_DEFINITION('design','',#4622,#4625);
#4622 = PRODUCT_DEFINITION_FORMATION('','',#4623);
#4623 = PRODUCT('STANDOFF_CONCEPT','STANDOFF_CONCEPT','',(#4624));
#4624 = PRODUCT_CONTEXT('',#2,'mechanical');
#4625 = PRODUCT_DEFINITION_CONTEXT('part definition',#2,'design');
#4626 = ADVANCED_BREP_SHAPE_REPRESENTATION('',(#11,#4627),#4680);
#4627 = MANIFOLD_SOLID_BREP('',#4628);
#4628 = CLOSED_SHELL('',(#4629,#4662,#4671));
#4629 = ADVANCED_FACE('',(#4630),#4657,.T.);
#4630 = FACE_BOUND('',#4631,.T.);
#4631 = EDGE_LOOP('',(#4632,#4641,#4649,#4656));
#4632 = ORIENTED_EDGE('',*,*,#4633,.F.);
#4633 = EDGE_CURVE('',#4634,#4634,#4636,.T.);
#4634 = VERTEX_POINT('',#4635);
#4635 = CARTESIAN_POINT('',(3.7,3.,30.));
#4636 = CIRCLE('',#4637,1.7);
#4637 = AXIS2_PLACEMENT_3D('',#4638,#4639,#4640);
#4638 = CARTESIAN_POINT('',(2.,3.,30.));
#4639 = DIRECTION('',(0.,0.,1.));
#4640 = DIRECTION('',(1.,0.,-0.));
#4641 = ORIENTED_EDGE('',*,*,#4642,.F.);
#4642 = EDGE_CURVE('',#4643,#4634,#4645,.T.);
#4643 = VERTEX_POINT('',#4644);
#4644 = CARTESIAN_POINT('',(3.7,3.,1.6));
#4645 = LINE('',#4646,#4647);
#4646 = CARTESIAN_POINT('',(3.7,3.,1.6));
#4647 = VECTOR('',#4648,1.);
#4648 = DIRECTION('',(0.,0.,1.));
#4649 = ORIENTED_EDGE('',*,*,#4650,.T.);
#4650 = EDGE_CURVE('',#4643,#4643,#4651,.T.);
#4651 = CIRCLE('',#4652,1.7);
#4652 = AXIS2_PLACEMENT_3D('',#4653,#4654,#4655);
#4653 = CARTESIAN_POINT('',(2.,3.,1.6));
#4654 = DIRECTION('',(0.,0.,1.));
#4655 = DIRECTION('',(1.,0.,-0.));
#4656 = ORIENTED_EDGE('',*,*,#4642,.T.);
#4657 = CYLINDRICAL_SURFACE('',#4658,1.7);
#4658 = AXIS2_PLACEMENT_3D('',#4659,#4660,#4661);
#4659 = CARTESIAN_POINT('',(2.,3.,1.6));
#4660 = DIRECTION('',(0.,0.,1.));
#4661 = DIRECTION('',(1.,0.,-0.));
#4662 = ADVANCED_FACE('',(#4663),#4666,.T.);
#4663 = FACE_BOUND('',#4664,.T.);
#4664 = EDGE_LOOP('',(#4665));
#4665 = ORIENTED_EDGE('',*,*,#4633,.T.);
#4666 = PLANE('',#4667);
#4667 = AXIS2_PLACEMENT_3D('',#4668,#4669,#4670);
#4668 = CARTESIAN_POINT('',(2.,3.,30.));
#4669 = DIRECTION('',(0.,0.,1.));
#4670 = DIRECTION('',(1.,0.,-0.));
#4671 = ADVANCED_FACE('',(#4672),#4675,.F.);
#4672 = FACE_BOUND('',#4673,.T.);
#4673 = EDGE_LOOP('',(#4674));
#4674 = ORIENTED_EDGE('',*,*,#4650,.F.);
#4675 = PLANE('',#4676);
#4676 = AXIS2_PLACEMENT_3D('',#4677,#4678,#4679);
#4677 = CARTESIAN_POINT('',(2.,3.,1.6));
#4678 = DIRECTION('',(0.,0.,1.));
#4679 = DIRECTION('',(1.,0.,-0.));
#4680 = ( GEOMETRIC_REPRESENTATION_CONTEXT(3) 
GLOBAL_UNCERTAINTY_ASSIGNED_CONTEXT((#4684)) 
GLOBAL_UNIT_ASSIGNED_CONTEXT((#4681,#4682,#4683)) REPRESENTATION_CONTEXT
('Context #1','3D Context with UNIT and UNCERTAINTY') );
#4681 = ( LENGTH_UNIT() NAMED_UNIT(*) SI_UNIT(.MILLI.,.METRE.) );
#4682 = ( NAMED_UNIT(*) PLANE_ANGLE_UNIT() SI_UNIT($,.RADIAN.) );
#4683 = ( NAMED_UNIT(*) SI_UNIT($,.STERADIAN.) SOLID_ANGLE_UNIT() );
#4684 = UNCERTAINTY_MEASURE_WITH_UNIT(LENGTH_MEASURE(1.E-07),#4681,
  'distance_accuracy_value','confusion accuracy');
#4685 = CONTEXT_DEPENDENT_SHAPE_REPRESENTATION(#4686,#4688);
#4686 = ( REPRESENTATION_RELATIONSHIP('','',#4626,#10) 
REPRESENTATION_RELATIONSHIP_WITH_TRANSFORMATION(#4687) 
SHAPE_REPRESENTATION_RELATIONSHIP() );
#4687 = ITEM_DEFINED_TRANSFORMATION('','',#11,#123);
#4688 = PRODUCT_DEFINITION_SHAPE('Placement','Placement of an item',
  #4689);
#4689 = NEXT_ASSEMBLY_USAGE_OCCURRENCE('28','STANDOFF_CONCEPT','',#5,
  #4621,$);
#4690 = PRODUCT_RELATED_PRODUCT_CATEGORY('part',$,(#4623));
#4691 = SHAPE_DEFINITION_REPRESENTATION(#4692,#4698);
#4692 = PRODUCT_DEFINITION_SHAPE('','',#4693);
#4693 = PRODUCT_DEFINITION('design','',#4694,#4697);
#4694 = PRODUCT_DEFINITION_FORMATION('','',#4695);
#4695 = PRODUCT('STANDOFF_CONCEPT001','STANDOFF_CONCEPT001','',(#4696));
#4696 = PRODUCT_CONTEXT('',#2,'mechanical');
#4697 = PRODUCT_DEFINITION_CONTEXT('part definition',#2,'design');
#4698 = ADVANCED_BREP_SHAPE_REPRESENTATION('',(#11,#4699),#4752);
#4699 = MANIFOLD_SOLID_BREP('',#4700);
#4700 = CLOSED_SHELL('',(#4701,#4734,#4743));
#4701 = ADVANCED_FACE('',(#4702),#4729,.T.);
#4702 = FACE_BOUND('',#4703,.T.);
#4703 = EDGE_LOOP('',(#4704,#4713,#4721,#4728));
#4704 = ORIENTED_EDGE('',*,*,#4705,.F.);
#4705 = EDGE_CURVE('',#4706,#4706,#4708,.T.);
#4706 = VERTEX_POINT('',#4707);
#4707 = CARTESIAN_POINT('',(3.7,3.,60.));
#4708 = CIRCLE('',#4709,1.7);
#4709 = AXIS2_PLACEMENT_3D('',#4710,#4711,#4712);
#4710 = CARTESIAN_POINT('',(2.,3.,60.));
#4711 = DIRECTION('',(0.,0.,1.));
#4712 = DIRECTION('',(1.,0.,-0.));
#4713 = ORIENTED_EDGE('',*,*,#4714,.F.);
#4714 = EDGE_CURVE('',#4715,#4706,#4717,.T.);
#4715 = VERTEX_POINT('',#4716);
#4716 = CARTESIAN_POINT('',(3.7,3.,31.6));
#4717 = LINE('',#4718,#4719);
#4718 = CARTESIAN_POINT('',(3.7,3.,31.6));
#4719 = VECTOR('',#4720,1.);
#4720 = DIRECTION('',(0.,0.,1.));
#4721 = ORIENTED_EDGE('',*,*,#4722,.T.);
#4722 = EDGE_CURVE('',#4715,#4715,#4723,.T.);
#4723 = CIRCLE('',#4724,1.7);
#4724 = AXIS2_PLACEMENT_3D('',#4725,#4726,#4727);
#4725 = CARTESIAN_POINT('',(2.,3.,31.6));
#4726 = DIRECTION('',(0.,0.,1.));
#4727 = DIRECTION('',(1.,0.,-0.));
#4728 = ORIENTED_EDGE('',*,*,#4714,.T.);
#4729 = CYLINDRICAL_SURFACE('',#4730,1.7);
#4730 = AXIS2_PLACEMENT_3D('',#4731,#4732,#4733);
#4731 = CARTESIAN_POINT('',(2.,3.,31.6));
#4732 = DIRECTION('',(0.,0.,1.));
#4733 = DIRECTION('',(1.,0.,-0.));
#4734 = ADVANCED_FACE('',(#4735),#4738,.T.);
#4735 = FACE_BOUND('',#4736,.T.);
#4736 = EDGE_LOOP('',(#4737));
#4737 = ORIENTED_EDGE('',*,*,#4705,.T.);
#4738 = PLANE('',#4739);
#4739 = AXIS2_PLACEMENT_3D('',#4740,#4741,#4742);
#4740 = CARTESIAN_POINT('',(2.,3.,60.));
#4741 = DIRECTION('',(0.,0.,1.));
#4742 = DIRECTION('',(1.,0.,-0.));
#4743 = ADVANCED_FACE('',(#4744),#4747,.F.);
#4744 = FACE_BOUND('',#4745,.T.);
#4745 = EDGE_LOOP('',(#4746));
#4746 = ORIENTED_EDGE('',*,*,#4722,.F.);
#4747 = PLANE('',#4748);
#4748 = AXIS2_PLACEMENT_3D('',#4749,#4750,#4751);
#4749 = CARTESIAN_POINT('',(2.,3.,31.6));
#4750 = DIRECTION('',(0.,0.,1.));
#4751 = DIRECTION('',(1.,0.,-0.));
#4752 = ( GEOMETRIC_REPRESENTATION_CONTEXT(3) 
GLOBAL_UNCERTAINTY_ASSIGNED_CONTEXT((#4756)) 
GLOBAL_UNIT_ASSIGNED_CONTEXT((#4753,#4754,#4755)) REPRESENTATION_CONTEXT
('Context #1','3D Context with UNIT and UNCERTAINTY') );
#4753 = ( LENGTH_UNIT() NAMED_UNIT(*) SI_UNIT(.MILLI.,.METRE.) );
#4754 = ( NAMED_UNIT(*) PLANE_ANGLE_UNIT() SI_UNIT($,.RADIAN.) );
#4755 = ( NAMED_UNIT(*) SI_UNIT($,.STERADIAN.) SOLID_ANGLE_UNIT() );
#4756 = UNCERTAINTY_MEASURE_WITH_UNIT(LENGTH_MEASURE(1.E-07),#4753,
  'distance_accuracy_value','confusion accuracy');
#4757 = CONTEXT_DEPENDENT_SHAPE_REPRESENTATION(#4758,#4760);
#4758 = ( REPRESENTATION_RELATIONSHIP('','',#4698,#10) 
REPRESENTATION_RELATIONSHIP_WITH_TRANSFORMATION(#4759) 
SHAPE_REPRESENTATION_RELATIONSHIP() );
#4759 = ITEM_DEFINED_TRANSFORMATION('','',#11,#127);
#4760 = PRODUCT_DEFINITION_SHAPE('Placement','Placement of an item',
  #4761);
#4761 = NEXT_ASSEMBLY_USAGE_OCCURRENCE('29','STANDOFF_CONCEPT001','',#5,
  #4693,$);
#4762 = PRODUCT_RELATED_PRODUCT_CATEGORY('part',$,(#4695));
#4763 = SHAPE_DEFINITION_REPRESENTATION(#4764,#4770);
#4764 = PRODUCT_DEFINITION_SHAPE('','',#4765);
#4765 = PRODUCT_DEFINITION('design','',#4766,#4769);
#4766 = PRODUCT_DEFINITION_FORMATION('','',#4767);
#4767 = PRODUCT('STANDOFF_CONCEPT002','STANDOFF_CONCEPT002','',(#4768));
#4768 = PRODUCT_CONTEXT('',#2,'mechanical');
#4769 = PRODUCT_DEFINITION_CONTEXT('part definition',#2,'design');
#4770 = ADVANCED_BREP_SHAPE_REPRESENTATION('',(#11,#4771),#4824);
#4771 = MANIFOLD_SOLID_BREP('',#4772);
#4772 = CLOSED_SHELL('',(#4773,#4806,#4815));
#4773 = ADVANCED_FACE('',(#4774),#4801,.T.);
#4774 = FACE_BOUND('',#4775,.T.);
#4775 = EDGE_LOOP('',(#4776,#4785,#4793,#4800));
#4776 = ORIENTED_EDGE('',*,*,#4777,.F.);
#4777 = EDGE_CURVE('',#4778,#4778,#4780,.T.);
#4778 = VERTEX_POINT('',#4779);
#4779 = CARTESIAN_POINT('',(68.7,3.,30.));
#4780 = CIRCLE('',#4781,1.7);
#4781 = AXIS2_PLACEMENT_3D('',#4782,#4783,#4784);
#4782 = CARTESIAN_POINT('',(67.,3.,30.));
#4783 = DIRECTION('',(0.,0.,1.));
#4784 = DIRECTION('',(1.,0.,-0.));
#4785 = ORIENTED_EDGE('',*,*,#4786,.F.);
#4786 = EDGE_CURVE('',#4787,#4778,#4789,.T.);
#4787 = VERTEX_POINT('',#4788);
#4788 = CARTESIAN_POINT('',(68.7,3.,1.6));
#4789 = LINE('',#4790,#4791);
#4790 = CARTESIAN_POINT('',(68.7,3.,1.6));
#4791 = VECTOR('',#4792,1.);
#4792 = DIRECTION('',(0.,0.,1.));
#4793 = ORIENTED_EDGE('',*,*,#4794,.T.);
#4794 = EDGE_CURVE('',#4787,#4787,#4795,.T.);
#4795 = CIRCLE('',#4796,1.7);
#4796 = AXIS2_PLACEMENT_3D('',#4797,#4798,#4799);
#4797 = CARTESIAN_POINT('',(67.,3.,1.6));
#4798 = DIRECTION('',(0.,0.,1.));
#4799 = DIRECTION('',(1.,0.,-0.));
#4800 = ORIENTED_EDGE('',*,*,#4786,.T.);
#4801 = CYLINDRICAL_SURFACE('',#4802,1.7);
#4802 = AXIS2_PLACEMENT_3D('',#4803,#4804,#4805);
#4803 = CARTESIAN_POINT('',(67.,3.,1.6));
#4804 = DIRECTION('',(0.,0.,1.));
#4805 = DIRECTION('',(1.,0.,-0.));
#4806 = ADVANCED_FACE('',(#4807),#4810,.T.);
#4807 = FACE_BOUND('',#4808,.T.);
#4808 = EDGE_LOOP('',(#4809));
#4809 = ORIENTED_EDGE('',*,*,#4777,.T.);
#4810 = PLANE('',#4811);
#4811 = AXIS2_PLACEMENT_3D('',#4812,#4813,#4814);
#4812 = CARTESIAN_POINT('',(67.,3.,30.));
#4813 = DIRECTION('',(0.,0.,1.));
#4814 = DIRECTION('',(1.,0.,-0.));
#4815 = ADVANCED_FACE('',(#4816),#4819,.F.);
#4816 = FACE_BOUND('',#4817,.T.);
#4817 = EDGE_LOOP('',(#4818));
#4818 = ORIENTED_EDGE('',*,*,#4794,.F.);
#4819 = PLANE('',#4820);
#4820 = AXIS2_PLACEMENT_3D('',#4821,#4822,#4823);
#4821 = CARTESIAN_POINT('',(67.,3.,1.6));
#4822 = DIRECTION('',(0.,0.,1.));
#4823 = DIRECTION('',(1.,0.,-0.));
#4824 = ( GEOMETRIC_REPRESENTATION_CONTEXT(3) 
GLOBAL_UNCERTAINTY_ASSIGNED_CONTEXT((#4828)) 
GLOBAL_UNIT_ASSIGNED_CONTEXT((#4825,#4826,#4827)) REPRESENTATION_CONTEXT
('Context #1','3D Context with UNIT and UNCERTAINTY') );
#4825 = ( LENGTH_UNIT() NAMED_UNIT(*) SI_UNIT(.MILLI.,.METRE.) );
#4826 = ( NAMED_UNIT(*) PLANE_ANGLE_UNIT() SI_UNIT($,.RADIAN.) );
#4827 = ( NAMED_UNIT(*) SI_UNIT($,.STERADIAN.) SOLID_ANGLE_UNIT() );
#4828 = UNCERTAINTY_MEASURE_WITH_UNIT(LENGTH_MEASURE(1.E-07),#4825,
  'distance_accuracy_value','confusion accuracy');
#4829 = CONTEXT_DEPENDENT_SHAPE_REPRESENTATION(#4830,#4832);
#4830 = ( REPRESENTATION_RELATIONSHIP('','',#4770,#10) 
REPRESENTATION_RELATIONSHIP_WITH_TRANSFORMATION(#4831) 
SHAPE_REPRESENTATION_RELATIONSHIP() );
#4831 = ITEM_DEFINED_TRANSFORMATION('','',#11,#131);
#4832 = PRODUCT_DEFINITION_SHAPE('Placement','Placement of an item',
  #4833);
#4833 = NEXT_ASSEMBLY_USAGE_OCCURRENCE('30','STANDOFF_CONCEPT002','',#5,
  #4765,$);
#4834 = PRODUCT_RELATED_PRODUCT_CATEGORY('part',$,(#4767));
#4835 = SHAPE_DEFINITION_REPRESENTATION(#4836,#4842);
#4836 = PRODUCT_DEFINITION_SHAPE('','',#4837);
#4837 = PRODUCT_DEFINITION('design','',#4838,#4841);
#4838 = PRODUCT_DEFINITION_FORMATION('','',#4839);
#4839 = PRODUCT('STANDOFF_CONCEPT003','STANDOFF_CONCEPT003','',(#4840));
#4840 = PRODUCT_CONTEXT('',#2,'mechanical');
#4841 = PRODUCT_DEFINITION_CONTEXT('part definition',#2,'design');
#4842 = ADVANCED_BREP_SHAPE_REPRESENTATION('',(#11,#4843),#4896);
#4843 = MANIFOLD_SOLID_BREP('',#4844);
#4844 = CLOSED_SHELL('',(#4845,#4878,#4887));
#4845 = ADVANCED_FACE('',(#4846),#4873,.T.);
#4846 = FACE_BOUND('',#4847,.T.);
#4847 = EDGE_LOOP('',(#4848,#4857,#4865,#4872));
#4848 = ORIENTED_EDGE('',*,*,#4849,.F.);
#4849 = EDGE_CURVE('',#4850,#4850,#4852,.T.);
#4850 = VERTEX_POINT('',#4851);
#4851 = CARTESIAN_POINT('',(68.7,3.,60.));
#4852 = CIRCLE('',#4853,1.7);
#4853 = AXIS2_PLACEMENT_3D('',#4854,#4855,#4856);
#4854 = CARTESIAN_POINT('',(67.,3.,60.));
#4855 = DIRECTION('',(0.,0.,1.));
#4856 = DIRECTION('',(1.,0.,-0.));
#4857 = ORIENTED_EDGE('',*,*,#4858,.F.);
#4858 = EDGE_CURVE('',#4859,#4850,#4861,.T.);
#4859 = VERTEX_POINT('',#4860);
#4860 = CARTESIAN_POINT('',(68.7,3.,31.6));
#4861 = LINE('',#4862,#4863);
#4862 = CARTESIAN_POINT('',(68.7,3.,31.6));
#4863 = VECTOR('',#4864,1.);
#4864 = DIRECTION('',(0.,0.,1.));
#4865 = ORIENTED_EDGE('',*,*,#4866,.T.);
#4866 = EDGE_CURVE('',#4859,#4859,#4867,.T.);
#4867 = CIRCLE('',#4868,1.7);
#4868 = AXIS2_PLACEMENT_3D('',#4869,#4870,#4871);
#4869 = CARTESIAN_POINT('',(67.,3.,31.6));
#4870 = DIRECTION('',(0.,0.,1.));
#4871 = DIRECTION('',(1.,0.,-0.));
#4872 = ORIENTED_EDGE('',*,*,#4858,.T.);
#4873 = CYLINDRICAL_SURFACE('',#4874,1.7);
#4874 = AXIS2_PLACEMENT_3D('',#4875,#4876,#4877);
#4875 = CARTESIAN_POINT('',(67.,3.,31.6));
#4876 = DIRECTION('',(0.,0.,1.));
#4877 = DIRECTION('',(1.,0.,-0.));
#4878 = ADVANCED_FACE('',(#4879),#4882,.T.);
#4879 = FACE_BOUND('',#4880,.T.);
#4880 = EDGE_LOOP('',(#4881));
#4881 = ORIENTED_EDGE('',*,*,#4849,.T.);
#4882 = PLANE('',#4883);
#4883 = AXIS2_PLACEMENT_3D('',#4884,#4885,#4886);
#4884 = CARTESIAN_POINT('',(67.,3.,60.));
#4885 = DIRECTION('',(0.,0.,1.));
#4886 = DIRECTION('',(1.,0.,-0.));
#4887 = ADVANCED_FACE('',(#4888),#4891,.F.);
#4888 = FACE_BOUND('',#4889,.T.);
#4889 = EDGE_LOOP('',(#4890));
#4890 = ORIENTED_EDGE('',*,*,#4866,.F.);
#4891 = PLANE('',#4892);
#4892 = AXIS2_PLACEMENT_3D('',#4893,#4894,#4895);
#4893 = CARTESIAN_POINT('',(67.,3.,31.6));
#4894 = DIRECTION('',(0.,0.,1.));
#4895 = DIRECTION('',(1.,0.,-0.));
#4896 = ( GEOMETRIC_REPRESENTATION_CONTEXT(3) 
GLOBAL_UNCERTAINTY_ASSIGNED_CONTEXT((#4900)) 
GLOBAL_UNIT_ASSIGNED_CONTEXT((#4897,#4898,#4899)) REPRESENTATION_CONTEXT
('Context #1','3D Context with UNIT and UNCERTAINTY') );
#4897 = ( LENGTH_UNIT() NAMED_UNIT(*) SI_UNIT(.MILLI.,.METRE.) );
#4898 = ( NAMED_UNIT(*) PLANE_ANGLE_UNIT() SI_UNIT($,.RADIAN.) );
#4899 = ( NAMED_UNIT(*) SI_UNIT($,.STERADIAN.) SOLID_ANGLE_UNIT() );
#4900 = UNCERTAINTY_MEASURE_WITH_UNIT(LENGTH_MEASURE(1.E-07),#4897,
  'distance_accuracy_value','confusion accuracy');
#4901 = CONTEXT_DEPENDENT_SHAPE_REPRESENTATION(#4902,#4904);
#4902 = ( REPRESENTATION_RELATIONSHIP('','',#4842,#10) 
REPRESENTATION_RELATIONSHIP_WITH_TRANSFORMATION(#4903) 
SHAPE_REPRESENTATION_RELATIONSHIP() );
#4903 = ITEM_DEFINED_TRANSFORMATION('','',#11,#135);
#4904 = PRODUCT_DEFINITION_SHAPE('Placement','Placement of an item',
  #4905);
#4905 = NEXT_ASSEMBLY_USAGE_OCCURRENCE('31','STANDOFF_CONCEPT003','',#5,
  #4837,$);
#4906 = PRODUCT_RELATED_PRODUCT_CATEGORY('part',$,(#4839));
#4907 = SHAPE_DEFINITION_REPRESENTATION(#4908,#4914);
#4908 = PRODUCT_DEFINITION_SHAPE('','',#4909);
#4909 = PRODUCT_DEFINITION('design','',#4910,#4913);
#4910 = PRODUCT_DEFINITION_FORMATION('','',#4911);
#4911 = PRODUCT('STANDOFF_CONCEPT004','STANDOFF_CONCEPT004','',(#4912));
#4912 = PRODUCT_CONTEXT('',#2,'mechanical');
#4913 = PRODUCT_DEFINITION_CONTEXT('part definition',#2,'design');
#4914 = ADVANCED_BREP_SHAPE_REPRESENTATION('',(#11,#4915),#4968);
#4915 = MANIFOLD_SOLID_BREP('',#4916);
#4916 = CLOSED_SHELL('',(#4917,#4950,#4959));
#4917 = ADVANCED_FACE('',(#4918),#4945,.T.);
#4918 = FACE_BOUND('',#4919,.T.);
#4919 = EDGE_LOOP('',(#4920,#4929,#4937,#4944));
#4920 = ORIENTED_EDGE('',*,*,#4921,.F.);
#4921 = EDGE_CURVE('',#4922,#4922,#4924,.T.);
#4922 = VERTEX_POINT('',#4923);
#4923 = CARTESIAN_POINT('',(3.7,88.,30.));
#4924 = CIRCLE('',#4925,1.7);
#4925 = AXIS2_PLACEMENT_3D('',#4926,#4927,#4928);
#4926 = CARTESIAN_POINT('',(2.,88.,30.));
#4927 = DIRECTION('',(0.,0.,1.));
#4928 = DIRECTION('',(1.,0.,-0.));
#4929 = ORIENTED_EDGE('',*,*,#4930,.F.);
#4930 = EDGE_CURVE('',#4931,#4922,#4933,.T.);
#4931 = VERTEX_POINT('',#4932);
#4932 = CARTESIAN_POINT('',(3.7,88.,1.6));
#4933 = LINE('',#4934,#4935);
#4934 = CARTESIAN_POINT('',(3.7,88.,1.6));
#4935 = VECTOR('',#4936,1.);
#4936 = DIRECTION('',(0.,0.,1.));
#4937 = ORIENTED_EDGE('',*,*,#4938,.T.);
#4938 = EDGE_CURVE('',#4931,#4931,#4939,.T.);
#4939 = CIRCLE('',#4940,1.7);
#4940 = AXIS2_PLACEMENT_3D('',#4941,#4942,#4943);
#4941 = CARTESIAN_POINT('',(2.,88.,1.6));
#4942 = DIRECTION('',(0.,0.,1.));
#4943 = DIRECTION('',(1.,0.,-0.));
#4944 = ORIENTED_EDGE('',*,*,#4930,.T.);
#4945 = CYLINDRICAL_SURFACE('',#4946,1.7);
#4946 = AXIS2_PLACEMENT_3D('',#4947,#4948,#4949);
#4947 = CARTESIAN_POINT('',(2.,88.,1.6));
#4948 = DIRECTION('',(0.,0.,1.));
#4949 = DIRECTION('',(1.,0.,-0.));
#4950 = ADVANCED_FACE('',(#4951),#4954,.T.);
#4951 = FACE_BOUND('',#4952,.T.);
#4952 = EDGE_LOOP('',(#4953));
#4953 = ORIENTED_EDGE('',*,*,#4921,.T.);
#4954 = PLANE('',#4955);
#4955 = AXIS2_PLACEMENT_3D('',#4956,#4957,#4958);
#4956 = CARTESIAN_POINT('',(2.,88.,30.));
#4957 = DIRECTION('',(0.,0.,1.));
#4958 = DIRECTION('',(1.,0.,-0.));
#4959 = ADVANCED_FACE('',(#4960),#4963,.F.);
#4960 = FACE_BOUND('',#4961,.T.);
#4961 = EDGE_LOOP('',(#4962));
#4962 = ORIENTED_EDGE('',*,*,#4938,.F.);
#4963 = PLANE('',#4964);
#4964 = AXIS2_PLACEMENT_3D('',#4965,#4966,#4967);
#4965 = CARTESIAN_POINT('',(2.,88.,1.6));
#4966 = DIRECTION('',(0.,0.,1.));
#4967 = DIRECTION('',(1.,0.,-0.));
#4968 = ( GEOMETRIC_REPRESENTATION_CONTEXT(3) 
GLOBAL_UNCERTAINTY_ASSIGNED_CONTEXT((#4972)) 
GLOBAL_UNIT_ASSIGNED_CONTEXT((#4969,#4970,#4971)) REPRESENTATION_CONTEXT
('Context #1','3D Context with UNIT and UNCERTAINTY') );
#4969 = ( LENGTH_UNIT() NAMED_UNIT(*) SI_UNIT(.MILLI.,.METRE.) );
#4970 = ( NAMED_UNIT(*) PLANE_ANGLE_UNIT() SI_UNIT($,.RADIAN.) );
#4971 = ( NAMED_UNIT(*) SI_UNIT($,.STERADIAN.) SOLID_ANGLE_UNIT() );
#4972 = UNCERTAINTY_MEASURE_WITH_UNIT(LENGTH_MEASURE(1.E-07),#4969,
  'distance_accuracy_value','confusion accuracy');
#4973 = CONTEXT_DEPENDENT_SHAPE_REPRESENTATION(#4974,#4976);
#4974 = ( REPRESENTATION_RELATIONSHIP('','',#4914,#10) 
REPRESENTATION_RELATIONSHIP_WITH_TRANSFORMATION(#4975) 
SHAPE_REPRESENTATION_RELATIONSHIP() );
#4975 = ITEM_DEFINED_TRANSFORMATION('','',#11,#139);
#4976 = PRODUCT_DEFINITION_SHAPE('Placement','Placement of an item',
  #4977);
#4977 = NEXT_ASSEMBLY_USAGE_OCCURRENCE('32','STANDOFF_CONCEPT004','',#5,
  #4909,$);
#4978 = PRODUCT_RELATED_PRODUCT_CATEGORY('part',$,(#4911));
#4979 = SHAPE_DEFINITION_REPRESENTATION(#4980,#4986);
#4980 = PRODUCT_DEFINITION_SHAPE('','',#4981);
#4981 = PRODUCT_DEFINITION('design','',#4982,#4985);
#4982 = PRODUCT_DEFINITION_FORMATION('','',#4983);
#4983 = PRODUCT('STANDOFF_CONCEPT005','STANDOFF_CONCEPT005','',(#4984));
#4984 = PRODUCT_CONTEXT('',#2,'mechanical');
#4985 = PRODUCT_DEFINITION_CONTEXT('part definition',#2,'design');
#4986 = ADVANCED_BREP_SHAPE_REPRESENTATION('',(#11,#4987),#5040);
#4987 = MANIFOLD_SOLID_BREP('',#4988);
#4988 = CLOSED_SHELL('',(#4989,#5022,#5031));
#4989 = ADVANCED_FACE('',(#4990),#5017,.T.);
#4990 = FACE_BOUND('',#4991,.T.);
#4991 = EDGE_LOOP('',(#4992,#5001,#5009,#5016));
#4992 = ORIENTED_EDGE('',*,*,#4993,.F.);
#4993 = EDGE_CURVE('',#4994,#4994,#4996,.T.);
#4994 = VERTEX_POINT('',#4995);
#4995 = CARTESIAN_POINT('',(68.7,88.,30.));
#4996 = CIRCLE('',#4997,1.7);
#4997 = AXIS2_PLACEMENT_3D('',#4998,#4999,#5000);
#4998 = CARTESIAN_POINT('',(67.,88.,30.));
#4999 = DIRECTION('',(0.,0.,1.));
#5000 = DIRECTION('',(1.,0.,-0.));
#5001 = ORIENTED_EDGE('',*,*,#5002,.F.);
#5002 = EDGE_CURVE('',#5003,#4994,#5005,.T.);
#5003 = VERTEX_POINT('',#5004);
#5004 = CARTESIAN_POINT('',(68.7,88.,1.6));
#5005 = LINE('',#5006,#5007);
#5006 = CARTESIAN_POINT('',(68.7,88.,1.6));
#5007 = VECTOR('',#5008,1.);
#5008 = DIRECTION('',(0.,0.,1.));
#5009 = ORIENTED_EDGE('',*,*,#5010,.T.);
#5010 = EDGE_CURVE('',#5003,#5003,#5011,.T.);
#5011 = CIRCLE('',#5012,1.7);
#5012 = AXIS2_PLACEMENT_3D('',#5013,#5014,#5015);
#5013 = CARTESIAN_POINT('',(67.,88.,1.6));
#5014 = DIRECTION('',(0.,0.,1.));
#5015 = DIRECTION('',(1.,0.,-0.));
#5016 = ORIENTED_EDGE('',*,*,#5002,.T.);
#5017 = CYLINDRICAL_SURFACE('',#5018,1.7);
#5018 = AXIS2_PLACEMENT_3D('',#5019,#5020,#5021);
#5019 = CARTESIAN_POINT('',(67.,88.,1.6));
#5020 = DIRECTION('',(0.,0.,1.));
#5021 = DIRECTION('',(1.,0.,-0.));
#5022 = ADVANCED_FACE('',(#5023),#5026,.T.);
#5023 = FACE_BOUND('',#5024,.T.);
#5024 = EDGE_LOOP('',(#5025));
#5025 = ORIENTED_EDGE('',*,*,#4993,.T.);
#5026 = PLANE('',#5027);
#5027 = AXIS2_PLACEMENT_3D('',#5028,#5029,#5030);
#5028 = CARTESIAN_POINT('',(67.,88.,30.));
#5029 = DIRECTION('',(0.,0.,1.));
#5030 = DIRECTION('',(1.,0.,-0.));
#5031 = ADVANCED_FACE('',(#5032),#5035,.F.);
#5032 = FACE_BOUND('',#5033,.T.);
#5033 = EDGE_LOOP('',(#5034));
#5034 = ORIENTED_EDGE('',*,*,#5010,.F.);
#5035 = PLANE('',#5036);
#5036 = AXIS2_PLACEMENT_3D('',#5037,#5038,#5039);
#5037 = CARTESIAN_POINT('',(67.,88.,1.6));
#5038 = DIRECTION('',(0.,0.,1.));
#5039 = DIRECTION('',(1.,0.,-0.));
#5040 = ( GEOMETRIC_REPRESENTATION_CONTEXT(3) 
GLOBAL_UNCERTAINTY_ASSIGNED_CONTEXT((#5044)) 
GLOBAL_UNIT_ASSIGNED_CONTEXT((#5041,#5042,#5043)) REPRESENTATION_CONTEXT
('Context #1','3D Context with UNIT and UNCERTAINTY') );
#5041 = ( LENGTH_UNIT() NAMED_UNIT(*) SI_UNIT(.MILLI.,.METRE.) );
#5042 = ( NAMED_UNIT(*) PLANE_ANGLE_UNIT() SI_UNIT($,.RADIAN.) );
#5043 = ( NAMED_UNIT(*) SI_UNIT($,.STERADIAN.) SOLID_ANGLE_UNIT() );
#5044 = UNCERTAINTY_MEASURE_WITH_UNIT(LENGTH_MEASURE(1.E-07),#5041,
  'distance_accuracy_value','confusion accuracy');
#5045 = CONTEXT_DEPENDENT_SHAPE_REPRESENTATION(#5046,#5048);
#5046 = ( REPRESENTATION_RELATIONSHIP('','',#4986,#10) 
REPRESENTATION_RELATIONSHIP_WITH_TRANSFORMATION(#5047) 
SHAPE_REPRESENTATION_RELATIONSHIP() );
#5047 = ITEM_DEFINED_TRANSFORMATION('','',#11,#143);
#5048 = PRODUCT_DEFINITION_SHAPE('Placement','Placement of an item',
  #5049);
#5049 = NEXT_ASSEMBLY_USAGE_OCCURRENCE('33','STANDOFF_CONCEPT005','',#5,
  #4981,$);
#5050 = PRODUCT_RELATED_PRODUCT_CATEGORY('part',$,(#4983));
ENDSEC;
END-ISO-10303-21;
